date,div,home,away,pH,pD,pA,pick,p_over,score_pick,p_top_score,actual,result,hit_1x2,hit_score,hit_ou,logloss,bet_side,clv,roi
2025-09-28,I1,Pisa,Fiorentina,0.2823,0.2712,0.4465,A,0.4675,1-1,0.1292,0-0,D,0,0,1,1.3048,,,
2025-09-28,I1,Roma,Verona,0.7494,0.1701,0.0805,H,0.5017,2-0,0.1595,2-0,H,1,1,0,0.2885,H,-0.0139,0.42
2025-09-28,I1,Lecce,Bologna,0.222,0.2483,0.5297,A,0.4308,0-1,0.139,2-2,D,0,0,0,1.3933,A,0.0904,-1.0
2025-09-28,I1,Sassuolo,Udinese,0.3447,0.2976,0.3577,A,0.4233,1-1,0.1407,3-1,H,0,0,0,1.0651,A,0.0123,-1.0
2025-09-28,D1,Union Berlin,Hamburg,0.5083,0.2634,0.2283,H,0.5591,1-1,0.1237,0-0,D,0,0,0,1.334,,,
2025-09-28,N1,Nijmegen,AZ Alkmaar,0.3121,0.2504,0.4376,A,0.6288,1-1,0.1111,2-1,H,0,0,1,1.1645,,,
2025-09-28,P1,Famalicao,Rio Ave,0.5075,0.2808,0.2116,H,0.4449,1-1,0.133,0-0,D,0,0,1,1.27,D,-0.0686,2.8
2025-09-28,SP1,Barcelona,Sociedad,0.8423,0.1068,0.0509,H,0.723,2-0,0.1119,2-1,H,1,0,1,0.1716,,,
2025-09-28,SP1,Elche,Celta,0.3624,0.2779,0.3597,H,0.4571,1-1,0.1323,2-1,H,1,0,0,1.015,H,-0.0204,1.88
2025-09-28,SP1,Vallecano,Sevilla,0.5024,0.2754,0.2222,H,0.5215,1-1,0.1308,0-1,A,0,0,0,1.504,,,
2025-09-28,G1,OFI Crete,Kifisia,0.3819,0.2999,0.3182,H,0.4611,1-1,0.1429,1-3,A,0,0,0,1.1451,A,-0.0097,3.1
2025-09-28,B1,Charleroi,Mechelen,0.4274,0.2921,0.2805,H,0.4834,1-1,0.1392,0-2,A,0,0,1,1.2711,,,
2025-09-28,G1,AEK,Volos NFC,0.6442,0.2201,0.1356,H,0.4528,1-0,0.1539,1-0,H,1,1,1,0.4397,D,0.1092,-1.0
2025-09-28,G1,Asteras Tripolis,PAOK,0.1446,0.2199,0.6355,A,0.45,0-1,0.1533,3-3,D,0,0,0,1.5144,,,
2025-09-28,B1,Cercle Brugge,Gent,0.4043,0.2783,0.3174,H,0.5078,1-1,0.1322,2-4,A,0,0,1,1.1477,D,0.027,-1.0
2025-09-28,B1,St Truiden,Genk,0.2686,0.2639,0.4676,A,0.5698,1-1,0.1226,1-2,A,1,0,1,0.7602,A,0.0377,1.2
2025-09-28,G1,Panetolikos,Panathinaikos,0.1917,0.2417,0.5666,A,0.4842,0-1,0.1231,1-2,A,1,0,0,0.5681,H,0.2739,-1.0
2025-09-28,I1,Milan,Napoli,0.2885,0.2898,0.4217,A,0.4384,1-1,0.1374,2-1,H,0,0,0,1.243,A,-0.2661,-1.0
2025-09-28,T1,Kayserispor,Genclerbirligi,0.5143,0.2694,0.2162,H,0.5323,1-1,0.1278,1-1,D,0,1,0,1.3115,H,-0.0682,-1.0
2025-09-28,T1,Fenerbahce,Antalyaspor,0.7949,0.1384,0.0667,H,0.6753,2-0,0.1169,2-0,H,1,1,0,0.2296,,,
2025-09-28,T1,Rizespor,Kasimpasa,0.4693,0.2831,0.2476,H,0.5219,1-1,0.1341,1-2,A,0,0,1,1.3958,D,0.0734,-1.0
2025-09-28,T1,Konyaspor,Buyuksehyr,0.4534,0.2838,0.2628,H,0.5203,1-1,0.1346,2-1,H,1,0,1,0.791,,,
2025-09-28,P1,Alverca,Guimaraes,0.2778,0.2775,0.4447,A,0.4795,1-1,0.1323,2-0,H,0,0,1,1.2809,,,
2025-09-28,P1,Sp Braga,Nacional,0.7969,0.1381,0.0649,H,0.6782,2-0,0.1164,0-1,A,0,0,0,2.7346,H,0.0,-1.0
2025-09-29,G1,Atromitos,Larisa,0.487,0.2947,0.2183,H,0.3842,1-0,0.1433,1-1,D,0,0,1,1.2218,D,0.118,2.6
2025-09-29,I1,Genoa,Lazio,0.2588,0.2757,0.4655,A,0.4803,1-1,0.1314,0-3,A,1,0,0,0.7646,A,-0.0114,1.6
2025-09-29,T1,Besiktas,Kocaelispor,0.7046,0.18,0.1154,H,0.6782,2-1,0.1062,3-1,H,1,0,1,0.3502,H,-0.0072,0.37
2025-09-29,E0,Everton,West Ham,0.5544,0.2427,0.2029,H,0.5368,1-1,0.1152,1-1,D,0,1,0,1.4158,,,
2025-09-29,P1,Arouca,Porto,0.1108,0.18,0.7092,A,0.5329,0-2,0.137,0-4,A,1,0,1,0.3436,,,
2025-09-29,I1,Parma,Torino,0.395,0.2768,0.3282,H,0.4342,1-1,0.131,2-1,H,1,0,0,0.9289,A,0.0241,-1.0
2025-09-30,SP1,Valencia,Oviedo,0.5512,0.2693,0.1795,H,0.4524,1-0,0.1319,1-2,A,0,0,0,1.7174,,,
2025-09-30,E1,Derby,Charlton,0.3676,0.2859,0.3465,H,0.4345,1-1,0.1355,1-1,D,0,1,1,1.2522,,,
2025-09-30,E1,Hull,Preston,0.4377,0.2791,0.2832,H,0.4807,1-1,0.133,2-2,D,0,0,0,1.2762,,,
2025-09-30,E1,Bristol City,Ipswich,0.3785,0.294,0.3275,H,0.4678,1-1,0.1401,1-1,D,0,1,1,1.2242,H,-0.069,-1.0
2025-09-30,E1,Blackburn,Swansea,0.4072,0.2891,0.3037,H,0.4157,1-1,0.1361,1-2,A,0,0,0,1.1918,H,0.0039,-1.0
2025-09-30,E1,Leicester,Wrexham,0.4771,0.2772,0.2458,H,0.5012,1-1,0.132,1-1,D,0,1,0,1.2832,A,0.1111,-1.0
2025-09-30,E1,Birmingham,Sheffield Weds,0.4393,0.2752,0.2856,H,0.4125,1-1,0.1288,2-2,D,0,0,0,1.2904,A,0.0121,-1.0
2025-09-30,E1,Middlesbrough,Stoke,0.5365,0.2677,0.1958,H,0.457,1-0,0.1283,0-0,D,0,0,1,1.3179,,,
2025-09-30,E1,Sheffield United,Southampton,0.4243,0.2913,0.2844,H,0.4341,1-1,0.138,1-2,A,0,0,0,1.2573,,,
2025-10-01,E1,Millwall,Coventry,0.3511,0.2897,0.3592,A,0.5042,1-1,0.1376,0-4,A,1,0,1,1.0239,H,-0.2063,-1.0
2025-10-01,E1,Portsmouth,Watford,0.4634,0.2837,0.2529,H,0.4199,1-1,0.1333,2-2,D,0,0,0,1.2598,,,
2025-10-01,E1,QPR,Oxford,0.4116,0.2777,0.3107,H,0.4695,1-1,0.1323,0-0,D,0,0,1,1.2813,A,-0.0278,-1.0
2025-10-01,E1,Norwich,West Brom,0.3721,0.289,0.3389,H,0.472,1-1,0.1378,0-1,A,0,0,1,1.0821,,,
2025-10-03,N1,NAC Breda,Groningen,0.3371,0.2883,0.3747,A,0.5265,1-1,0.136,1-2,A,1,0,1,0.9817,,,
2025-10-03,T1,Trabzonspor,Kayserispor,0.6401,0.2238,0.1361,H,0.527,2-0,0.119,4-0,H,1,0,1,0.4461,,,
2025-10-03,I1,Verona,Sassuolo,0.4414,0.295,0.2636,H,0.3953,1-1,0.1372,0-1,A,0,0,1,1.3334,H,-0.0079,-1.0
2025-10-03,F1,Paris FC,Lorient,0.4693,0.274,0.2567,H,0.5521,1-1,0.1284,2-0,H,1,0,0,0.7565,A,-0.0835,-1.0
2025-10-03,SP1,Osasuna,Getafe,0.4588,0.2943,0.2469,H,0.4433,1-1,0.1397,2-1,H,1,0,0,0.7792,,,
2025-10-03,T1,Antalyaspor,Rizespor,0.4408,0.291,0.2682,H,0.501,1-1,0.1384,2-5,A,0,0,1,1.3159,H,-0.0862,-1.0
2025-10-03,D1,Hoffenheim,FC Koln,0.4084,0.2839,0.3077,H,0.5587,1-1,0.132,0-1,A,0,0,0,1.1785,A,-0.0434,2.75
2025-10-03,E0,Bournemouth,Fulham,0.4858,0.2785,0.2357,H,0.4468,1-1,0.1321,3-1,H,1,0,0,0.722,,,
2025-10-03,B1,Gent,Charleroi,0.4266,0.2828,0.2906,H,0.5148,1-1,0.1342,2-1,H,1,0,1,0.8519,,,
2025-10-03,P1,Casa Pia,Estoril,0.3857,0.2977,0.3166,H,0.4511,1-1,0.1417,2-2,D,0,0,0,1.2117,,,
2025-10-03,E1,Wrexham,Birmingham,0.4915,0.2656,0.2428,H,0.4743,1-1,0.1265,1-1,D,0,1,1,1.3256,H,-0.0909,-1.0
2025-10-04,D1,Dortmund,RB Leipzig,0.5897,0.2339,0.1764,H,0.5758,1-1,0.1096,1-1,D,0,1,0,1.453,,,
2025-10-04,D1,Ein Frankfurt,Bayern Munich,0.18,0.2096,0.6104,A,0.6825,1-1,0.0923,0-3,A,1,0,1,0.4936,,,
2025-10-04,I1,Atalanta,Como,0.564,0.2337,0.2022,H,0.5303,1-1,0.1113,1-1,D,0,1,0,1.4535,H,-0.0393,-1.0
2025-10-04,D1,Leverkusen,Union Berlin,0.7512,0.1619,0.0868,H,0.6793,2-0,0.1049,2-0,H,1,1,0,0.286,H,0.0,0.7
2025-10-04,G1,Panserraikos,Asteras Tripolis,0.3131,0.2766,0.4103,A,0.4565,1-1,0.1316,2-1,H,0,0,0,1.1612,,,
2025-10-04,D1,Werder Bremen,St Pauli,0.4951,0.2831,0.2218,H,0.5556,1-1,0.1325,1-0,H,1,0,0,0.703,H,-0.0084,1.35
2025-10-04,T1,Genclerbirligi,Alanyaspor,0.2945,0.2646,0.4409,A,0.4808,1-1,0.1261,2-2,D,0,0,0,1.3297,,,
2025-10-04,T1,Kocaelispor,Eyupspor,0.4306,0.3024,0.2669,H,0.3872,1-1,0.1402,1-0,H,1,0,1,0.8425,,,
2025-10-04,T1,Galatasaray,Besiktas,0.7151,0.179,0.1058,H,0.6057,2-1,0.117,1-1,D,0,0,0,1.7201,H,-0.0488,-1.0
2025-10-04,D1,Augsburg,Wolfsburg,0.3693,0.2899,0.3408,H,0.5173,1-1,0.1372,3-1,H,1,0,1,0.9961,,,
2025-10-04,G1,OFI Crete,Aris,0.1846,0.2457,0.5697,A,0.4736,0-1,0.1286,3-0,H,0,0,0,1.6895,A,-0.0312,-1.0
2025-10-04,F1,Brest,Nantes,0.5264,0.2749,0.1987,H,0.4777,1-1,0.1308,0-0,D,0,0,1,1.2915,,,
2025-10-04,B1,Mechelen,St Truiden,0.4721,0.283,0.2449,H,0.5313,1-1,0.1338,1-3,A,0,0,1,1.4069,H,-0.1358,-1.0
2025-10-04,F1,Metz,Marseille,0.1148,0.1768,0.7084,A,0.6008,0-2,0.119,0-3,A,1,0,1,0.3448,A,-0.0397,0.45
2025-10-04,SP1,Oviedo,Levante,0.4504,0.2846,0.265,H,0.5063,1-1,0.1353,0-2,A,0,0,0,1.3281,H,0.0121,-1.0
2025-10-04,SP1,Girona,Valencia,0.3603,0.3057,0.3339,H,0.442,1-1,0.1454,2-1,H,1,0,0,1.0207,D,0.0448,-1.0
2025-10-04,SP1,Ath Bilbao,Mallorca,0.6635,0.2149,0.1216,H,0.5052,1-0,0.1311,2-1,H,1,0,1,0.4103,H,-0.0671,0.53
2025-10-04,SP1,Real Madrid,Villarreal,0.6359,0.2088,0.1553,H,0.6306,2-1,0.1033,3-1,H,1,0,1,0.4527,,,
2025-10-04,P1,Gil Vicente,Estrela,0.5141,0.2844,0.2015,H,0.4069,1-0,0.1418,2-0,H,1,0,1,0.6654,D,0.0135,-1.0
2025-10-04,P1,Nacional,Moreirense,0.3079,0.2602,0.432,A,0.4751,1-1,0.124,3-2,H,0,0,0,1.1781,A,-0.1436,-1.0
2025-10-04,P1,AVS,Alverca,0.3382,0.2851,0.3767,A,0.4402,1-1,0.1353,1-3,A,1,0,0,0.9763,,,
2025-10-04,N1,Sparta Rotterdam,Ajax,0.1552,0.2081,0.6368,A,0.6816,1-1,0.0913,3-3,D,0,0,1,1.5698,A,0.0234,-1.0
2025-10-04,N1,For Sittard,Volendam,0.5838,0.2445,0.1717,H,0.5176,1-1,0.1165,1-0,H,1,0,0,0.5383,H,-0.0212,0.85
2025-10-04,N1,Zwolle,PSV Eindhoven,0.1028,0.151,0.7462,A,0.7103,1-2,0.0966,0-4,A,1,0,1,0.2928,A,-0.021,0.4
2025-10-04,N1,Heerenveen,Excelsior,0.5529,0.2642,0.1828,H,0.5015,1-1,0.126,2-1,H,1,0,1,0.5925,D,0.0164,-1.0
2025-10-04,SC0,Hearts,Hibernian,0.5613,0.2419,0.1968,H,0.5236,1-1,0.1152,1-0,H,1,0,0,0.5775,H,-0.0785,0.76
2025-10-04,SC0,Kilmarnock,St Mirren,0.3266,0.3039,0.3695,A,0.4352,1-1,0.1443,2-0,H,0,0,1,1.119,,,
2025-10-04,SC0,Dundee United,Livingston,0.545,0.2624,0.1926,H,0.5381,1-1,0.1243,1-1,D,0,1,0,1.3377,H,-0.0205,-1.0
2025-10-04,G1,Larisa,Volos NFC,0.357,0.2865,0.3565,H,0.4275,1-1,0.1355,2-5,A,0,0,0,1.0313,A,-0.1691,1.85
2025-10-04,P1,Guimaraes,Santa Clara,0.4705,0.2881,0.2414,H,0.4648,1-1,0.1372,2-1,H,1,0,0,0.7539,H,-0.254,1.32
2025-10-04,I1,Lazio,Torino,0.6087,0.2322,0.1591,H,0.4726,1-0,0.1394,3-3,D,0,0,0,1.46,H,-0.1414,-1.0
2025-10-04,F1,Auxerre,Lens,0.2738,0.289,0.4372,A,0.4693,1-1,0.1377,1-2,A,1,0,0,0.8273,D,0.027,-1.0
2025-10-04,B1,Antwerp,Cercle Brugge,0.476,0.2807,0.2433,H,0.5295,1-1,0.1328,1-1,D,0,1,0,1.2706,H,-0.1638,-1.0
2025-10-04,B1,RAAL La Louviere,Waregem,0.4318,0.2945,0.2737,H,0.4646,1-1,0.1403,0-0,D,0,0,1,1.2225,D,0.0714,2.6
2025-10-04,I1,Inter,Cremonese,0.8031,0.1317,0.0652,H,0.6476,2-0,0.1295,4-1,H,1,0,1,0.2193,,,
2025-10-04,I1,Parma,Lecce,0.4742,0.2866,0.2392,H,0.4112,1-1,0.1342,0-1,A,0,0,1,1.4306,D,0.0787,-1.0
2025-10-04,E0,Chelsea,Liverpool,0.3789,0.2647,0.3564,H,0.5166,1-1,0.1256,2-1,H,1,0,1,0.9706,H,-0.0345,1.8
2025-10-04,E0,Arsenal,West Ham,0.7733,0.1474,0.0793,H,0.5887,2-0,0.1376,2-0,H,1,1,0,0.2571,,,
2025-10-04,E0,Leeds,Tottenham,0.5589,0.2442,0.1969,H,0.4869,1-0,0.1188,1-2,A,0,0,0,1.6249,H,-0.0253,-1.0
2025-10-04,E1,Preston,Charlton,0.4189,0.2777,0.3034,H,0.4342,1-1,0.1314,2-0,H,1,0,1,0.8701,H,-0.0824,1.45
2025-10-04,E1,Portsmouth,Middlesbrough,0.3189,0.2919,0.3892,A,0.4315,1-1,0.1383,1-0,H,0,0,1,1.143,,,
2025-10-04,E1,Millwall,West Brom,0.3734,0.2938,0.3328,H,0.4303,1-1,0.1392,3-0,H,1,0,0,0.9851,H,-0.055,1.75
2025-10-04,E1,Derby,Southampton,0.3555,0.2823,0.3623,A,0.4241,1-1,0.1332,1-1,D,0,1,1,1.2649,H,0.0,-1.0
2025-10-04,E1,Swansea,Leicester,0.3596,0.2925,0.3479,H,0.4357,1-1,0.1388,1-3,A,0,0,0,1.0559,,,
2025-10-04,E1,Sheffield Weds,Coventry,0.2836,0.2574,0.459,A,0.4938,1-1,0.1227,0-5,A,1,0,0,0.7788,H,0.0934,-1.0
2025-10-04,E1,Bristol City,QPR,0.4621,0.2896,0.2483,H,0.4789,1-1,0.138,1-2,A,0,0,0,1.3933,A,0.148,3.5
2025-10-04,E1,Blackburn,Stoke,0.3754,0.2938,0.3308,H,0.4352,1-1,0.1393,1-1,D,0,1,1,1.2249,,,
2025-10-04,E0,Man United,Sunderland,0.6299,0.2313,0.1388,H,0.5122,2-0,0.121,2-0,H,1,1,0,0.4623,D,0.0771,-1.0
2025-10-04,E1,Hull,Sheffield United,0.4618,0.268,0.2702,H,0.403,1-0,0.1367,1-0,H,1,1,1,0.7727,H,-0.0338,1.57
2025-10-04,E1,Watford,Oxford,0.3966,0.2806,0.3228,H,0.4436,1-1,0.1332,2-1,H,1,0,0,0.9249,A,-0.1055,-1.0
2025-10-05,D1,Hamburg,Mainz,0.3118,0.2682,0.42,A,0.5646,1-1,0.1247,4-0,H,0,0,1,1.1654,,,
2025-10-05,D1,M'gladbach,Freiburg,0.3116,0.2589,0.4294,A,0.6163,1-1,0.1161,0-0,D,0,0,0,1.3512,A,0.0714,-1.0
2025-10-05,SC0,Falkirk,Rangers,0.1533,0.2024,0.6443,A,0.5887,0-2,0.1064,1-1,D,0,0,0,1.5973,A,0.0059,-1.0
2025-10-05,D1,Stuttgart,Heidenheim,0.7332,0.1591,0.1077,H,0.6458,2-0,0.1123,1-0,H,1,0,0,0.3103,H,0.0071,0.42
2025-10-05,SC0,Celtic,Motherwell,0.8485,0.1041,0.0474,H,0.6776,2-0,0.1319,3-2,H,1,0,1,0.1643,,,
2025-10-05,P1,Porto,Benfica,0.5498,0.2391,0.211,H,0.5865,1-1,0.1107,0-0,D,0,0,0,1.4308,H,-0.0383,-1.0
2025-10-05,P1,Sp Lisbon,Sp Braga,0.7216,0.1644,0.114,H,0.6313,2-1,0.1199,1-1,D,0,0,0,1.8052,H,-0.06,-1.0
2025-10-05,I1,Udinese,Cagliari,0.4379,0.3043,0.2579,H,0.4328,1-1,0.1443,1-1,D,0,1,1,1.1898,,,
2025-10-05,P1,Arouca,Famalicao,0.3727,0.3011,0.3262,H,0.4423,1-1,0.1431,1-1,D,0,1,1,1.2004,H,-0.1449,-1.0
2025-10-05,SC0,Aberdeen,Dundee,0.4126,0.2983,0.2891,H,0.533,1-1,0.1402,4-0,H,1,0,1,0.8852,A,-0.0484,-1.0
2025-10-05,E0,Aston Villa,Burnley,0.5171,0.254,0.2289,H,0.5378,1-1,0.1203,2-1,H,1,0,1,0.6595,A,-0.0035,-1.0
2025-10-05,E0,Everton,Crystal Palace,0.2945,0.2794,0.426,A,0.4737,1-1,0.1332,2-1,H,0,0,0,1.2224,A,0.0033,-1.0
2025-10-05,E0,Newcastle,Nott'm Forest,0.5234,0.2624,0.2142,H,0.4705,1-1,0.1248,2-0,H,1,0,1,0.6473,A,-0.0694,-1.0
2025-10-05,E0,Wolves,Brighton,0.2562,0.2435,0.5003,A,0.489,1-1,0.116,1-1,D,0,1,1,1.4126,,,
2025-10-05,P1,Rio Ave,Tondela,0.4914,0.2756,0.233,H,0.4794,1-1,0.1313,3-0,H,1,0,0,0.7105,H,-0.1211,1.25
2025-10-05,B1,Genk,Dender,0.7115,0.1871,0.1014,H,0.6144,2-0,0.115,2-1,H,1,0,1,0.3404,H,0.0,0.36
2025-10-05,SP1,Sociedad,Vallecano,0.419,0.2871,0.2939,H,0.4881,1-1,0.1368,0-1,A,0,0,1,1.2245,,,
2025-10-05,B1,Westerlo,Oud-Heverlee Leuven,0.5005,0.2759,0.2236,H,0.537,1-1,0.1304,2-0,H,1,0,0,0.6922,,,
2025-10-05,F1,Lille,Paris SG,0.2061,0.2255,0.5684,A,0.5862,1-1,0.1052,1-1,D,0,1,0,1.4894,,,
2025-10-05,F1,Strasbourg,Angers,0.6729,0.2093,0.1178,H,0.5011,1-0,0.1366,5-0,H,1,0,1,0.3961,H,-0.0618,0.67
2025-10-05,F1,Monaco,Nice,0.5132,0.2643,0.2225,H,0.5211,1-1,0.1256,2-2,D,0,0,1,1.3307,,,
2025-10-05,F1,Le Havre,Rennes,0.4059,0.2796,0.3145,H,0.4603,1-1,0.1331,2-2,D,0,0,0,1.2745,H,-0.0634,-1.0
2025-10-05,F1,Lyon,Toulouse,0.6161,0.224,0.1599,H,0.5256,1-0,0.1168,1-2,A,0,0,1,1.833,H,-0.05,-1.0
2025-10-05,G1,Kifisia,AEK,0.1978,0.2658,0.5365,A,0.4932,1-1,0.1267,2-3,A,1,0,0,0.6227,D,0.2527,-1.0
2025-10-05,G1,Levadeiakos,Panetolikos,0.57,0.2471,0.1829,H,0.4423,1-0,0.1408,6-0,H,1,0,0,0.5621,,,
2025-10-05,B1,Club Brugge,St. Gilloise,0.2745,0.2762,0.4493,A,0.5552,1-1,0.129,1-0,H,0,0,0,1.2928,A,-0.0506,-1.0
2025-10-05,G1,PAOK,Olympiakos,0.3414,0.2789,0.3796,A,0.4479,1-1,0.1326,2-1,H,0,0,0,1.0746,A,-0.0582,-1.0
2025-10-05,E1,Ipswich,Norwich,0.4787,0.2785,0.2427,H,0.4774,1-1,0.1327,3-1,H,1,0,0,0.7366,A,-0.0726,-1.0
2025-10-05,SP1,Alaves,Elche,0.4399,0.3029,0.2572,H,0.439,1-1,0.1438,3-1,H,1,0,0,0.8212,,,
2025-10-05,SP1,Sevilla,Barcelona,0.0899,0.156,0.754,A,0.6407,0-2,0.1188,4-1,H,0,0,1,2.4086,A,-0.0333,-1.0
2025-10-05,SP1,Espanol,Betis,0.2991,0.2844,0.4166,A,0.4978,1-1,0.1354,1-2,A,1,0,0,0.8757,A,-0.0471,1.63
2025-10-05,E0,Brentford,Man City,0.2608,0.2393,0.4999,A,0.5454,1-1,0.1131,0-1,A,1,0,0,0.6934,H,-0.0575,-1.0
2025-10-05,SP1,Celta,Ath Madrid,0.1902,0.2161,0.5937,A,0.5815,1-2,0.1049,1-1,D,0,0,0,1.5319,A,-0.0169,-1.0
2025-10-05,I1,Bologna,Pisa,0.6056,0.24,0.1544,H,0.4857,1-0,0.1288,4-0,H,1,0,0,0.5015,,,
2025-10-05,G1,Panathinaikos,Atromitos,0.629,0.2377,0.1333,H,0.4584,1-0,0.1422,1-0,H,1,1,1,0.4637,D,-0.0644,-1.0
2025-10-05,N1,Twente,Heracles,0.7736,0.1396,0.0868,H,0.6027,2-0,0.1364,2-1,H,1,0,1,0.2567,H,0.0,0.33
2025-10-05,B1,Anderlecht,Standard,0.6523,0.2168,0.1309,H,0.5423,2-0,0.1191,1-0,H,1,0,0,0.4272,H,0.0,0.6
2025-10-05,N1,Feyenoord,Utrecht,0.6375,0.2057,0.1568,H,0.5668,2-0,0.1099,3-2,H,1,0,1,0.4502,,,
2025-10-05,I1,Juventus,Milan,0.4859,0.2792,0.2349,H,0.4806,1-1,0.1331,0-0,D,0,0,1,1.276,H,-0.0459,-1.0
2025-10-05,I1,Napoli,Genoa,0.8075,0.1254,0.0671,H,0.5938,2-0,0.1483,2-1,H,1,0,1,0.2138,H,-0.0067,0.48
2025-10-05,T1,Kasimpasa,Konyaspor,0.3947,0.299,0.3063,H,0.4878,1-1,0.1424,1-1,D,0,1,1,1.2073,H,-0.0267,-1.0
2025-10-05,I1,Fiorentina,Roma,0.2449,0.2719,0.4832,A,0.4191,0-1,0.1293,1-2,A,1,0,0,0.7274,A,-0.0361,1.4
2025-10-05,T1,Samsunspor,Fenerbahce,0.2195,0.2432,0.5373,A,0.5625,1-1,0.1144,0-0,D,0,0,0,1.4137,,,
2025-10-05,T1,Karagumruk,Gaziantep,0.3715,0.306,0.3225,H,0.4754,1-1,0.1459,0-2,A,0,0,1,1.1318,,,
2025-10-05,T1,Goztep,Buyuksehyr,0.4798,0.2829,0.2373,H,0.4764,1-1,0.1348,1-0,H,1,0,1,0.7344,A,-0.0546,-1.0
2025-10-05,N1,AZ Alkmaar,Telstar,0.653,0.2012,0.1458,H,0.6676,1-1,0.0906,2-1,H,1,0,1,0.4262,D,0.0169,-1.0
2025-10-05,N1,Go Ahead Eagles,Nijmegen,0.3981,0.2635,0.3383,H,0.5821,1-1,0.1212,1-1,D,0,1,0,1.3335,,,
2025-10-17,D1,Union Berlin,M'gladbach,0.4286,0.2891,0.2823,H,0.5177,1-1,0.1369,3-1,H,1,0,1,0.8473,,,
2025-10-17,SP1,Oviedo,Espanol,0.3057,0.299,0.3953,A,0.4551,1-1,0.1424,0-2,A,1,0,1,0.9281,,,
2025-10-17,E1,Middlesbrough,Ipswich,0.4176,0.2934,0.289,H,0.4376,1-1,0.1392,2-1,H,1,0,0,0.8732,H,-0.0847,1.7
2025-10-17,F1,Paris SG,Strasbourg,0.7473,0.1593,0.0934,H,0.6354,2-0,0.1184,3-3,D,0,0,1,1.8368,,,
2025-10-18,E1,Southampton,Swansea,0.4582,0.2743,0.2675,H,0.4573,1-1,0.1304,0-0,D,0,0,1,1.2936,,,
2025-10-18,B1,St. Gilloise,Charleroi,0.7901,0.1349,0.0749,H,0.6489,2-0,0.1259,3-1,H,1,0,1,0.2355,H,0.0,0.42
2025-10-18,G1,Panetolikos,OFI Crete,0.3782,0.3054,0.3164,H,0.3971,1-1,0.1429,4-2,H,1,0,0,0.9724,,,
2025-10-18,G1,Atromitos,Levadeiakos,0.3256,0.27,0.4044,A,0.5202,1-1,0.128,2-2,D,0,0,1,1.3093,A,0.1297,-1.0
2025-10-18,SP1,Ath Madrid,Osasuna,0.7607,0.1439,0.0954,H,0.6,2-0,0.1343,1-0,H,1,0,0,0.2735,H,0.0222,0.38
2025-10-18,SP1,Villarreal,Betis,0.4934,0.2826,0.2239,H,0.5166,1-1,0.1342,2-2,D,0,0,1,1.2636,,,
2025-10-18,SP1,Barcelona,Girona,0.8736,0.0867,0.0397,H,0.7341,3-0,0.1196,2-1,H,1,0,1,0.1351,,,
2025-10-18,SP1,Sevilla,Mallorca,0.4434,0.2971,0.2596,H,0.4345,1-1,0.1408,1-3,A,0,0,0,1.3488,A,-0.0125,3.75
2025-10-18,T1,Konyaspor,Kocaelispor,0.5531,0.2681,0.1788,H,0.4857,1-1,0.1277,2-3,A,0,0,0,1.7216,H,-0.0106,-1.0
2025-10-18,T1,Besiktas,Genclerbirligi,0.7619,0.1576,0.0805,H,0.6566,2-0,0.1146,1-2,A,0,0,1,2.5199,,,
2025-10-18,T1,Rizespor,Trabzonspor,0.2826,0.2707,0.4467,A,0.5503,1-1,0.1269,1-2,A,1,0,1,0.8058,A,0.0084,1.4
2025-10-18,T1,Buyuksehyr,Galatasaray,0.1311,0.1907,0.6782,A,0.5769,0-2,0.1171,1-2,A,1,0,1,0.3883,A,-0.0769,0.56
2025-10-18,I1,Torino,Napoli,0.1621,0.2123,0.6256,A,0.5445,0-2,0.1129,1-0,H,0,0,0,1.8195,A,-0.0164,-1.0
2025-10-18,I1,Roma,Inter,0.333,0.2747,0.3922,A,0.4761,1-1,0.131,0-1,A,1,0,1,0.9359,H,-0.1008,-1.0
2025-10-18,E1,Oxford,Derby,0.4754,0.2773,0.2473,H,0.4591,1-1,0.1318,1-0,H,1,0,1,0.7435,H,-0.0875,1.4
2025-10-18,G1,Larisa,Olympiakos,0.1183,0.1746,0.7071,A,0.5649,0-2,0.1279,0-2,A,1,1,0,0.3465,H,0.035,-1.0
2025-10-18,E1,Leicester,Portsmouth,0.4967,0.2801,0.2232,H,0.4371,1-1,0.1322,1-1,D,0,1,1,1.2727,A,-0.1364,-1.0
2025-10-18,E1,West Brom,Preston,0.436,0.2881,0.276,H,0.4281,1-1,0.1361,2-1,H,1,0,0,0.8302,A,-0.0664,-1.0
2025-10-18,E1,Stoke,Wrexham,0.4085,0.2721,0.3195,H,0.4428,1-1,0.129,1-0,H,1,0,1,0.8953,A,0.0135,-1.0
2025-10-18,E1,Sheffield United,Watford,0.3968,0.2874,0.3158,H,0.5117,1-1,0.1363,1-0,H,1,0,0,0.9244,A,0.0714,-1.0
2025-10-18,E1,Norwich,Bristol City,0.3741,0.2804,0.3455,H,0.48,1-1,0.1337,0-1,A,0,0,1,1.0629,,,
2025-10-18,E1,Coventry,Blackburn,0.6369,0.2208,0.1423,H,0.5579,2-0,0.1125,2-0,H,1,1,0,0.4512,H,0.0268,0.53
2025-10-18,E1,Charlton,Sheffield Weds,0.5211,0.2611,0.2178,H,0.4134,1-0,0.1386,2-1,H,1,0,0,0.6518,A,-0.0708,-1.0
2025-10-18,E1,Birmingham,Hull,0.4033,0.289,0.3077,H,0.4293,1-1,0.1367,2-3,A,0,0,0,1.1788,A,-0.0835,3.5
2025-10-18,E1,QPR,Millwall,0.4089,0.2995,0.2917,H,0.4292,1-1,0.1418,1-2,A,0,0,0,1.2321,H,-0.0517,-1.0
2025-10-18,E0,Brighton,Newcastle,0.4464,0.2954,0.2582,H,0.4175,1-1,0.1391,2-1,H,1,0,0,0.8066,H,-0.0836,1.63
2025-10-18,I1,Pisa,Verona,0.379,0.281,0.3399,H,0.4437,1-1,0.1334,0-0,D,0,0,1,1.2693,,,
2025-10-18,D1,Bayern Munich,Dortmund,0.659,0.1943,0.1467,H,0.6829,2-1,0.1051,2-1,H,1,1,1,0.4171,,,
2025-10-18,E0,Crystal Palace,Bournemouth,0.5177,0.2575,0.2248,H,0.4939,1-1,0.1227,3-3,D,0,0,0,1.3569,H,-0.0179,-1.0
2025-10-18,E0,Man City,Everton,0.6845,0.1808,0.1347,H,0.556,2-0,0.1253,2-0,H,1,1,0,0.3791,,,
2025-10-18,E0,Sunderland,Wolves,0.3667,0.2878,0.3455,H,0.4131,1-1,0.1353,2-0,H,1,0,1,1.0031,A,-0.0064,-1.0
2025-10-18,D1,FC Koln,Augsburg,0.4845,0.2705,0.245,H,0.5485,1-1,0.1272,1-1,D,0,1,0,1.3075,,,
2025-10-18,N1,NAC Breda,Zwolle,0.3859,0.2826,0.3315,H,0.5071,1-1,0.1343,2-2,D,0,0,1,1.2636,A,-0.199,-1.0
2025-10-18,B1,Oud-Heverlee Leuven,Club Brugge,0.165,0.2168,0.6182,A,0.5921,1-1,0.1017,0-1,A,1,0,0,0.4809,,,
2025-10-18,N1,Ajax,AZ Alkmaar,0.5407,0.2515,0.2078,H,0.5962,1-1,0.1157,0-2,A,0,0,0,1.5711,H,-0.0521,-1.0
2025-10-18,D1,Heidenheim,Werder Bremen,0.3185,0.2604,0.4211,A,0.525,1-1,0.1234,2-2,D,0,0,1,1.3457,,,
2025-10-18,D1,Mainz,Leverkusen,0.2071,0.2279,0.5651,A,0.6243,1-1,0.1035,3-4,A,1,0,1,0.5708,A,-0.0755,1.45
2025-10-18,D1,RB Leipzig,Hamburg,0.6153,0.2407,0.1439,H,0.5008,1-0,0.1208,2-1,H,1,0,1,0.4856,D,-0.1004,-1.0
2025-10-18,D1,Wolfsburg,Stuttgart,0.2361,0.2695,0.4944,A,0.4989,1-1,0.1284,0-3,A,1,0,0,0.7044,A,0.0373,1.5
2025-10-18,E0,Burnley,Leeds,0.3474,0.2677,0.3849,A,0.5087,1-1,0.1272,2-0,H,0,0,0,1.0572,H,-0.0896,2.25
2025-10-18,F1,Angers,Monaco,0.1711,0.2156,0.6133,A,0.5426,0-1,0.11,1-1,D,0,0,0,1.5341,,,
2025-10-18,F1,Marseille,Le Havre,0.7571,0.1594,0.0835,H,0.578,2-0,0.1393,6-2,H,1,0,1,0.2783,H,-0.0292,0.33
2025-10-18,SC0,Kilmarnock,Hearts,0.2171,0.2606,0.5223,A,0.5433,1-1,0.1233,0-3,A,1,0,1,0.6496,,,
2025-10-18,SC0,St Mirren,Aberdeen,0.5065,0.2885,0.205,H,0.4458,1-1,0.1367,0-1,A,0,0,1,1.5848,H,-0.0169,-1.0
2025-10-18,SC0,Rangers,Dundee United,0.7316,0.1763,0.0922,H,0.6116,2-0,0.121,2-2,D,0,0,1,1.7357,H,-0.0284,-1.0
2025-10-18,SC0,Motherwell,Falkirk,0.4444,0.2927,0.2629,H,0.4859,1-1,0.1395,1-2,A,0,0,0,1.336,D,-0.0633,-1.0
2025-10-18,SC0,Hibernian,Livingston,0.6259,0.226,0.1481,H,0.5847,1-1,0.1065,4-0,H,1,0,1,0.4686,,,
2025-10-18,E0,Fulham,Arsenal,0.2201,0.2256,0.5542,A,0.5375,1-1,0.1074,0-1,A,1,0,0,0.5902,H,-0.2069,-1.0
2025-10-18,N1,Utrecht,Volendam,0.7855,0.1387,0.0758,H,0.6675,2-0,0.1179,3-1,H,1,0,1,0.2414,H,-0.0073,0.36
2025-10-18,N1,PSV Eindhoven,Go Ahead Eagles,0.8192,0.1136,0.0672,H,0.7205,2-0,0.1078,2-1,H,1,0,1,0.1994,,,
2025-10-18,F1,Nice,Lyon,0.3771,0.2935,0.3294,H,0.4474,1-1,0.1396,3-2,H,1,0,0,0.9753,,,
2025-10-18,B1,RAAL La Louviere,Westerlo,0.3727,0.2864,0.3409,H,0.481,1-1,0.1365,0-0,D,0,0,1,1.2505,,,
2025-10-18,I1,Lecce,Sassuolo,0.3758,0.2996,0.3246,H,0.4197,1-1,0.1415,0-0,D,0,0,1,1.2053,H,-0.0554,-1.0
2025-10-18,N1,Nijmegen,Twente,0.3496,0.2772,0.3733,A,0.6004,1-1,0.1251,3-3,D,0,0,1,1.2832,,,
2025-10-18,E0,Nott'm Forest,Chelsea,0.2767,0.2577,0.4657,A,0.5152,1-1,0.1225,0-3,A,1,0,1,0.7643,,,
2025-10-19,F1,Rennes,Auxerre,0.4861,0.2809,0.233,H,0.4672,1-1,0.1337,2-2,D,0,0,0,1.2697,A,0.0417,-1.0
2025-10-19,F1,Lorient,Brest,0.3283,0.2709,0.4008,A,0.5205,1-1,0.1284,3-3,D,0,0,1,1.306,A,0.0909,-1.0
2025-10-19,F1,Lens,Paris FC,0.5731,0.2476,0.1793,H,0.5362,1-1,0.1177,2-1,H,1,0,1,0.5567,H,0.0054,0.85
2025-10-19,G1,Asteras Tripolis,Kifisia,0.4287,0.288,0.2833,H,0.5528,1-1,0.1345,2-2,D,0,0,1,1.2449,A,0.2158,-1.0
2025-10-19,I1,Cagliari,Bologna,0.234,0.2647,0.5014,A,0.4816,1-1,0.1261,0-2,A,1,0,1,0.6904,A,-0.0094,1.1
2025-10-19,I1,Milan,Fiorentina,0.581,0.247,0.1719,H,0.4669,1-0,0.1362,2-1,H,1,0,0,0.5429,,,
2025-10-19,I1,Atalanta,Lazio,0.4737,0.2793,0.2469,H,0.4785,1-1,0.1331,0-0,D,0,0,1,1.2754,D,0.0667,3.0
2025-10-19,I1,Genoa,Parma,0.4215,0.2994,0.2791,H,0.4224,1-1,0.1414,0-0,D,0,0,1,1.2059,A,0.0152,-1.0
2025-10-19,I1,Como,Juventus,0.2592,0.2547,0.4861,A,0.4937,1-1,0.1214,2-0,H,0,0,1,1.3501,A,0.0163,-1.0
2025-10-19,B1,Waregem,Gent,0.3458,0.2568,0.3974,A,0.5344,1-1,0.1214,4-1,H,0,0,1,1.0619,,,
2025-10-19,B1,St Truiden,Anderlecht,0.2735,0.2753,0.4512,A,0.5551,1-1,0.1286,2-2,D,0,0,1,1.2901,A,0.0132,-1.0
2025-10-19,B1,Dender,Mechelen,0.3373,0.2764,0.3863,A,0.443,1-1,0.1311,1-3,A,1,0,0,0.951,,,
2025-10-19,B1,Cercle Brugge,Genk,0.2469,0.2519,0.5012,A,0.5827,1-1,0.1166,2-2,D,0,0,1,1.3789,A,-0.0183,-1.0
2025-10-19,T1,Fenerbahce,Karagumruk,0.8561,0.0982,0.0457,H,0.6329,2-0,0.1518,2-1,H,1,0,1,0.1554,,,
2025-10-19,G1,Volos NFC,Panserraikos,0.5425,0.2546,0.2029,H,0.4416,1-0,0.1344,2-1,H,1,0,0,0.6116,,,
2025-10-19,F1,Toulouse,Metz,0.6953,0.1747,0.13,H,0.5144,2-0,0.1403,4-0,H,1,0,1,0.3634,H,0.0063,0.6
2025-10-19,G1,AEK,PAOK,0.3632,0.2935,0.3433,H,0.4196,1-1,0.1385,0-2,A,0,0,1,1.0691,A,-0.0615,2.05
2025-10-19,N1,Telstar,Heerenveen,0.4111,0.2772,0.3117,H,0.5595,1-1,0.1292,2-3,A,0,0,1,1.1658,H,-0.1456,-1.0
2025-10-19,N1,Excelsior,For Sittard,0.3146,0.2705,0.4149,A,0.5278,1-1,0.1279,1-0,H,0,0,0,1.1566,A,-0.1436,-1.0
2025-10-19,N1,Groningen,Sparta Rotterdam,0.4828,0.2502,0.267,H,0.509,1-1,0.1192,0-2,A,0,0,0,1.3203,A,-0.1026,3.2
2025-10-19,N1,Heracles,Feyenoord,0.0847,0.1468,0.7685,A,0.6612,0-2,0.1158,0-7,A,1,0,1,0.2633,A,0.0382,0.36
2025-10-19,D1,Freiburg,Ein Frankfurt,0.3494,0.269,0.3816,A,0.56,1-1,0.1253,2-2,D,0,0,1,1.3131,A,-0.0217,-1.0
2025-10-19,D1,St Pauli,Hoffenheim,0.3705,0.2821,0.3474,H,0.5434,1-1,0.1323,0-3,A,0,0,1,1.0573,,,
2025-10-19,SC0,Dundee,Celtic,0.0846,0.148,0.7673,A,0.5682,0-2,0.1467,2-0,H,0,0,0,2.4697,,,
2025-10-19,E0,Tottenham,Aston Villa,0.2885,0.2809,0.4306,A,0.4486,1-1,0.1334,1-2,A,1,0,0,0.8426,A,0.0703,2.5
2025-10-19,F1,Nantes,Lille,0.2229,0.2563,0.5208,A,0.4804,1-1,0.1221,0-2,A,1,0,1,0.6524,,,
2025-10-19,E0,Liverpool,Man United,0.5953,0.2307,0.174,H,0.5504,1-1,0.1096,1-2,A,0,0,1,1.7485,,,
2025-10-19,SP1,Getafe,Real Madrid,0.103,0.1728,0.7242,A,0.5503,0-2,0.1373,0-1,A,1,0,0,0.3227,A,-0.0274,0.42
2025-10-19,SP1,Levante,Vallecano,0.3604,0.3006,0.339,H,0.4889,1-1,0.1431,0-3,A,0,0,0,1.0819,H,0.007,-1.0
2025-10-19,SP1,Celta,Sociedad,0.4841,0.2869,0.229,H,0.4847,1-1,0.1368,1-1,D,0,1,1,1.2485,H,-0.0367,-1.0
2025-10-19,G1,Aris,Panathinaikos,0.3498,0.2786,0.3716,A,0.4477,1-1,0.1324,1-1,D,0,1,1,1.2779,H,-0.1036,-1.0
2025-10-19,SP1,Elche,Ath Bilbao,0.2485,0.2561,0.4953,A,0.4938,1-1,0.1221,0-0,D,0,0,1,1.3622,A,0.0194,-1.0
2025-10-19,T1,Gaziantep,Antalyaspor,0.4471,0.2815,0.2714,H,0.48,1-1,0.1342,3-2,H,1,0,0,0.8049,A,-0.1954,-1.0
2025-10-19,T1,Alanyaspor,Goztep,0.3933,0.2907,0.316,H,0.4581,1-1,0.1385,1-0,H,1,0,1,0.9332,H,0.0315,1.95
2025-10-19,T1,Kayserispor,Samsunspor,0.2491,0.2779,0.473,A,0.5409,1-1,0.1312,1-3,A,1,0,1,0.7487,A,-0.0129,1.3
2025-10-20,I1,Cremonese,Udinese,0.3204,0.3056,0.374,A,0.4474,1-1,0.1455,1-1,D,0,1,1,1.1854,,,
2025-10-20,B1,Standard,Antwerp,0.2745,0.2635,0.4619,A,0.5331,1-1,0.1247,1-0,H,0,0,0,1.2926,A,-0.0663,-1.0
2025-10-20,SP1,Alaves,Valencia,0.4448,0.2966,0.2586,H,0.4084,1-1,0.139,0-0,D,0,0,1,1.2152,,,
2025-10-20,E0,West Ham,Brentford,0.3094,0.272,0.4186,A,0.5084,1-1,0.1293,0-2,A,1,0,0,0.8708,A,-0.0069,1.88
2025-10-20,T1,Eyupspor,Kasimpasa,0.3339,0.3045,0.3616,A,0.4519,1-1,0.145,2-0,H,0,0,1,1.0968,A,0.0033,-1.0
2025-10-21,E1,Blackburn,Sheffield United,0.387,0.2951,0.3179,H,0.3993,1-1,0.1379,1-3,A,0,0,0,1.1461,,,
2025-10-21,E1,Derby,Norwich,0.3776,0.2809,0.3415,H,0.4426,1-1,0.1334,1-0,H,1,0,1,0.974,,,
2025-10-21,E1,Bristol City,Southampton,0.4249,0.2861,0.289,H,0.4553,1-1,0.1362,3-1,H,1,0,0,0.856,H,-0.0204,1.4
2025-10-21,E1,Hull,Leicester,0.3447,0.2696,0.3857,A,0.5192,1-1,0.1278,2-1,H,0,0,1,1.0651,H,-0.0714,2.25
2025-10-21,E1,Ipswich,Charlton,0.4776,0.2796,0.2428,H,0.4296,1-1,0.1318,0-3,A,0,0,0,1.4157,A,-0.0433,4.75
2025-10-21,E1,Millwall,Stoke,0.4208,0.2901,0.2892,H,0.439,1-1,0.1376,2-0,H,1,0,1,0.8657,,,
2025-10-21,E1,Portsmouth,Coventry,0.2512,0.259,0.4898,A,0.4577,1-1,0.1228,1-2,A,1,0,0,0.7137,,,
2025-10-21,E1,Preston,Birmingham,0.4602,0.2842,0.2556,H,0.3713,1-0,0.1465,0-1,A,0,0,1,1.3641,H,-0.0537,-1.0
2025-10-22,T1,Rizespor,Buyuksehyr,0.4158,0.2924,0.2918,H,0.4591,1-1,0.1392,0-0,D,0,0,1,1.2296,,,
2025-10-22,T1,Konyaspor,Besiktas,0.3061,0.267,0.4269,A,0.5288,1-1,0.1263,0-2,A,1,0,0,0.8512,,,
2025-10-22,E1,Sheffield Weds,Middlesbrough,0.2493,0.2656,0.4851,A,0.4748,1-1,0.1265,0-1,A,1,0,1,0.7234,H,-0.1204,-1.0
2025-10-22,E1,Swansea,QPR,0.4105,0.2859,0.3037,H,0.4427,1-1,0.1357,0-1,A,0,0,1,1.1918,A,0.0303,2.4
2025-10-22,E1,Watford,West Brom,0.3473,0.2666,0.3861,A,0.4657,1-1,0.127,2-1,H,0,0,0,1.0577,,,
2025-10-22,E1,Wrexham,Oxford,0.4537,0.2872,0.259,H,0.4702,1-1,0.1369,1-0,H,1,0,1,0.7902,,,
2025-10-24,D1,Werder Bremen,Union Berlin,0.4789,0.2771,0.244,H,0.5515,1-1,0.13,1-0,H,1,0,0,0.7363,H,-0.0466,1.25
2025-10-24,N1,Heerenveen,NAC Breda,0.5792,0.2404,0.1803,H,0.5575,1-1,0.1138,3-3,D,0,0,1,1.4253,,,
2025-10-24,E0,Leeds,West Ham,0.5678,0.2487,0.1835,H,0.5122,1-1,0.1185,2-1,H,1,0,1,0.5659,H,-0.0055,0.8
2025-10-24,P1,Alverca,Gil Vicente,0.3387,0.2907,0.3706,A,0.4382,1-1,0.138,0-4,A,1,0,0,0.9926,,,
2025-10-24,E1,Preston,Sheffield United,0.4392,0.2909,0.2699,H,0.3822,1-1,0.1339,3-2,H,1,0,0,0.8229,H,-0.1071,1.5
2025-10-24,F1,Paris FC,Nantes,0.5113,0.2721,0.2166,H,0.4502,1-1,0.1289,1-2,A,0,0,0,1.5297,D,-0.0168,-1.0
2025-10-24,T1,Karagumruk,Kayserispor,0.4504,0.2932,0.2564,H,0.4782,1-1,0.1397,2-2,D,0,0,0,1.227,D,-0.0028,2.6
2025-10-24,SP1,Sociedad,Sevilla,0.4752,0.2927,0.2321,H,0.4966,1-1,0.1394,2-1,H,1,0,0,0.744,,,
2025-10-24,I1,Milan,Pisa,0.7681,0.1582,0.0737,H,0.5301,2-0,0.1565,2-2,D,0,0,1,1.8439,H,-0.0076,-1.0
2025-10-24,B1,Charleroi,Anderlecht,0.2946,0.2792,0.4261,A,0.4956,1-1,0.133,1-0,H,0,0,1,1.222,A,0.2444,-1.0
2025-10-25,D1,M'gladbach,Bayern Munich,0.0847,0.1353,0.78,A,0.6909,0-2,0.1088,0-3,A,1,0,1,0.2485,,,
2025-10-25,E1,Middlesbrough,Wrexham,0.456,0.2828,0.2613,H,0.4314,1-1,0.1336,1-1,D,0,1,1,1.2631,A,0.0945,-1.0
2025-10-25,D1,Hamburg,Wolfsburg,0.4196,0.2756,0.3047,H,0.5695,1-1,0.1277,0-1,A,0,0,0,1.1884,,,
2025-10-25,D1,Dortmund,FC Koln,0.6584,0.2043,0.1373,H,0.6091,2-0,0.1041,1-0,H,1,0,0,0.4179,,,
2025-10-25,E1,Millwall,Leicester,0.4229,0.2911,0.286,H,0.4281,1-1,0.1376,1-0,H,1,0,1,0.8607,H,-0.0727,1.55
2025-10-25,D1,Ein Frankfurt,St Pauli,0.6633,0.197,0.1398,H,0.6148,2-0,0.1043,2-0,H,1,1,0,0.4106,H,0.0121,0.67
2025-10-25,D1,Hoffenheim,Heidenheim,0.4891,0.2749,0.236,H,0.5471,1-1,0.1294,3-1,H,1,0,1,0.7152,D,0.0,-1.0
2025-10-25,F1,Brest,Paris SG,0.148,0.1936,0.6584,A,0.6213,1-2,0.1049,0-3,A,1,0,1,0.418,,,
2025-10-25,E1,Derby,QPR,0.3374,0.2797,0.3829,A,0.4205,1-1,0.1318,1-0,H,0,0,1,1.0865,A,-0.1017,-1.0
2025-10-25,D1,Augsburg,RB Leipzig,0.2556,0.2675,0.4769,A,0.5538,1-1,0.1254,0-6,A,1,0,1,0.7404,,,
2025-10-25,E1,Blackburn,Southampton,0.3523,0.286,0.3616,A,0.4409,1-1,0.1358,2-1,H,0,0,0,1.0431,H,-0.0232,1.95
2025-10-25,E1,Ipswich,West Brom,0.4646,0.2835,0.2518,H,0.4541,1-1,0.1348,1-0,H,1,0,1,0.7665,A,-0.0625,-1.0
2025-10-25,E1,Coventry,Watford,0.6743,0.1937,0.132,H,0.629,2-0,0.1031,3-1,H,1,0,1,0.3941,,,
2025-10-25,SP1,Valencia,Villarreal,0.2155,0.2452,0.5393,A,0.5202,1-1,0.1168,0-2,A,1,0,0,0.6174,A,0.0526,1.2
2025-10-25,SP1,Ath Bilbao,Getafe,0.6721,0.2061,0.1218,H,0.5031,1-0,0.1366,0-1,A,0,0,0,2.1056,H,0.0121,-1.0
2025-10-25,SP1,Espanol,Elche,0.4603,0.2896,0.2501,H,0.4633,1-1,0.1379,1-0,H,1,0,1,0.7758,,,
2025-10-25,SP1,Girona,Oviedo,0.4504,0.3017,0.2478,H,0.4271,1-1,0.1427,3-3,D,0,0,0,1.1982,A,-0.065,-1.0
2025-10-25,G1,OFI Crete,Atromitos,0.3874,0.295,0.3176,H,0.4337,1-1,0.1399,1-3,A,0,0,0,1.1469,A,0.0,2.7
2025-10-25,E1,Hull,Charlton,0.4165,0.282,0.3014,H,0.5063,1-1,0.1341,1-1,D,0,1,0,1.2658,H,-0.0164,-1.0
2025-10-25,E1,Bristol City,Birmingham,0.5085,0.2683,0.2232,H,0.4217,1-0,0.136,1-0,H,1,1,1,0.6763,H,-0.0693,1.15
2025-10-25,E1,Sheffield Weds,Oxford,0.3588,0.2823,0.3589,A,0.4625,1-1,0.1345,1-2,A,1,0,0,1.0246,,,
2025-10-25,SC0,Falkirk,Dundee,0.5136,0.2805,0.2059,H,0.4736,1-1,0.1336,2-1,H,1,0,0,0.6662,D,-0.0226,-1.0
2025-10-25,I1,Parma,Como,0.2591,0.2662,0.4746,A,0.433,1-1,0.1254,0-0,D,0,0,1,1.3233,,,
2025-10-25,I1,Udinese,Lecce,0.4688,0.2989,0.2324,H,0.4001,1-1,0.1393,3-2,H,1,0,0,0.7576,A,0.0371,-1.0
2025-10-25,I1,Napoli,Inter,0.4184,0.2737,0.3079,H,0.507,1-1,0.1301,3-1,H,1,0,1,0.8713,H,-0.187,2.0
2025-10-25,I1,Cremonese,Atalanta,0.1903,0.2298,0.5798,A,0.5641,1-1,0.1088,1-1,D,0,1,0,1.4704,,,
2025-10-25,T1,Trabzonspor,Eyupspor,0.6571,0.2182,0.1247,H,0.5253,1-0,0.1241,2-0,H,1,0,0,0.4199,H,-0.0255,0.53
2025-10-25,T1,Kocaelispor,Alanyaspor,0.319,0.2939,0.3871,A,0.4659,1-1,0.1401,2-0,H,0,0,1,1.1427,A,-0.0453,-1.0
2025-10-25,E0,Brentford,Liverpool,0.3186,0.2517,0.4297,A,0.5412,1-1,0.1187,3-2,H,0,0,1,1.1438,H,-0.0398,3.1
2025-10-25,E0,Man United,Brighton,0.3454,0.2766,0.378,A,0.5224,1-1,0.1309,4-2,H,0,0,1,1.0631,A,-0.0196,-1.0
2025-10-25,E0,Newcastle,Fulham,0.5372,0.2626,0.2003,H,0.4727,1-1,0.1249,2-1,H,1,0,0,0.6215,,,
2025-10-25,SC0,Dundee United,St Mirren,0.4502,0.2957,0.254,H,0.4734,1-1,0.141,3-1,H,1,0,0,0.798,H,-0.026,1.25
2025-10-25,E0,Chelsea,Sunderland,0.759,0.1622,0.0788,H,0.5748,2-0,0.1405,1-2,A,0,0,1,2.5405,H,-0.0621,-1.0
2025-10-25,N1,Volendam,Heracles,0.4648,0.2813,0.2539,H,0.4886,1-1,0.1341,3-0,H,1,0,0,0.7663,D,-0.0026,-1.0
2025-10-25,N1,Sparta Rotterdam,Telstar,0.4368,0.2903,0.2729,H,0.5336,1-1,0.1366,1-0,H,1,0,0,0.8282,D,0.005,-1.0
2025-10-25,N1,For Sittard,Groningen,0.3922,0.2949,0.3129,H,0.5088,1-1,0.1399,1-2,A,0,0,1,1.1618,H,0.0035,-1.0
2025-10-25,P1,Santa Clara,AVS,0.5858,0.2539,0.1603,H,0.4613,1-0,0.1316,2-0,H,1,0,1,0.5347,,,
2025-10-25,P1,Benfica,Arouca,0.7764,0.1482,0.0753,H,0.5602,2-0,0.1487,5-0,H,1,0,1,0.253,,,
2025-10-25,P1,Estrela,Rio Ave,0.3578,0.2762,0.366,A,0.4063,1-1,0.1292,1-2,A,1,0,0,1.005,,,
2025-10-25,E1,Swansea,Norwich,0.4583,0.2762,0.2656,H,0.4447,1-1,0.131,2-1,H,1,0,0,0.7803,H,0.0,1.2
2025-10-25,G1,Panserraikos,Larisa,0.4131,0.2848,0.3021,H,0.4108,1-1,0.1335,0-2,A,0,0,1,1.1969,,,
2025-10-25,SC0,Livingston,Motherwell,0.3347,0.2691,0.3963,A,0.4789,1-1,0.1283,1-2,A,1,0,0,0.9256,H,0.082,-1.0
2025-10-25,N1,Zwolle,Nijmegen,0.2583,0.2652,0.4766,A,0.5736,1-1,0.1233,2-2,D,0,0,1,1.3274,,,
2025-10-25,G1,Kifisia,Panetolikos,0.5423,0.2499,0.2078,H,0.5244,1-1,0.119,1-1,D,0,1,0,1.3869,,,
2025-10-25,E1,Portsmouth,Stoke,0.3862,0.2925,0.3213,H,0.4261,1-1,0.1383,0-1,A,0,0,1,1.1355,H,0.0036,-1.0
2025-10-25,B1,Mechelen,Oud-Heverlee Leuven,0.5388,0.2535,0.2077,H,0.5344,1-1,0.1203,1-1,D,0,1,0,1.3725,H,-0.0046,-1.0
2025-10-25,B1,Westerlo,Dender,0.5445,0.2568,0.1987,H,0.5579,1-1,0.1208,1-1,D,0,1,0,1.3593,,,
2025-10-25,F1,Lens,Marseille,0.3058,0.2819,0.4123,A,0.5151,1-1,0.1337,2-1,H,0,0,1,1.1849,,,
2025-10-25,F1,Monaco,Toulouse,0.5137,0.2539,0.2324,H,0.5685,1-1,0.1188,1-0,H,1,0,0,0.6661,,,
2025-10-25,B1,Gent,Standard,0.5574,0.2619,0.1807,H,0.5052,1-1,0.1248,4-0,H,1,0,1,0.5844,H,0.027,0.9
2025-10-26,F1,Lyon,Strasbourg,0.4436,0.2764,0.28,H,0.5368,1-1,0.1302,2-1,H,1,0,1,0.8127,,,
2025-10-26,F1,Rennes,Nice,0.3295,0.2694,0.401,A,0.5262,1-1,0.1275,1-2,A,1,0,1,0.9137,A,-0.1111,2.2
2025-10-26,T1,Antalyaspor,Buyuksehyr,0.3847,0.2977,0.3177,H,0.4105,1-1,0.1399,0-4,A,0,0,0,1.1467,H,-0.0545,-1.0
2025-10-26,T1,Galatasaray,Goztep,0.7827,0.1455,0.0718,H,0.6378,2-0,0.1262,3-1,H,1,0,1,0.245,H,-0.0214,0.37
2025-10-26,T1,Genclerbirligi,Konyaspor,0.335,0.2743,0.3907,A,0.4918,1-1,0.1307,1-2,A,1,0,0,0.9398,H,-0.0265,-1.0
2025-10-26,T1,Kasimpasa,Besiktas,0.2347,0.2775,0.4878,A,0.5169,1-1,0.1318,1-1,D,0,1,0,1.2821,D,-0.0404,2.8
2025-10-26,N1,Twente,Ajax,0.4007,0.2575,0.3418,H,0.5738,1-1,0.1193,2-3,A,0,0,1,1.0736,,,
2025-10-26,N1,Feyenoord,PSV Eindhoven,0.4335,0.2729,0.2936,H,0.6005,1-1,0.1238,2-3,A,0,0,1,1.2254,H,0.0166,-1.0
2025-10-26,SP1,Mallorca,Levante,0.4574,0.2942,0.2484,H,0.5023,1-1,0.1399,1-1,D,0,1,0,1.2235,,,
2025-10-26,E0,Arsenal,Crystal Palace,0.6077,0.2051,0.1872,H,0.5487,1-0,0.1088,1-0,H,1,1,0,0.498,A,-0.1667,-1.0
2025-10-26,SP1,Real Madrid,Barcelona,0.4504,0.2533,0.2964,H,0.5842,1-1,0.1169,2-1,H,1,0,1,0.7977,,,
2025-10-26,SP1,Osasuna,Celta,0.4064,0.3038,0.2898,H,0.4199,1-1,0.1435,2-3,A,0,0,0,1.2386,,,
2025-10-26,SP1,Vallecano,Alaves,0.4694,0.2961,0.2345,H,0.4287,1-1,0.1399,1-0,H,1,0,1,0.7563,,,
2025-10-26,N1,Go Ahead Eagles,Excelsior,0.5985,0.2531,0.1484,H,0.5245,1-1,0.1206,2-0,H,1,0,0,0.5133,H,0.0405,0.8
2025-10-26,B1,St. Gilloise,St Truiden,0.8039,0.1283,0.0678,H,0.7106,2-0,0.107,2-0,H,1,1,0,0.2183,H,0.0,0.36
2025-10-26,E0,Everton,Tottenham,0.4894,0.2796,0.231,H,0.4718,1-1,0.1332,0-3,A,0,0,0,1.4654,H,0.0307,-1.0
2025-10-26,D1,Stuttgart,Mainz,0.6704,0.1952,0.1345,H,0.6046,2-0,0.1084,2-1,H,1,0,1,0.3999,H,-0.1898,0.75
2025-10-26,E0,Wolves,Burnley,0.3365,0.2764,0.387,A,0.4922,1-1,0.1317,2-3,A,1,0,0,0.9492,A,-0.0769,3.2
2025-10-26,E0,Bournemouth,Nott'm Forest,0.5738,0.2395,0.1867,H,0.4989,1-0,0.1227,2-0,H,1,0,1,0.5554,H,-0.1089,0.8
2025-10-26,N1,AZ Alkmaar,Utrecht,0.4889,0.2614,0.2497,H,0.5796,1-1,0.1211,4-1,H,1,0,1,0.7155,A,0.0163,-1.0
2025-10-26,I1,Lazio,Juventus,0.3234,0.2715,0.4051,A,0.4753,1-1,0.1294,1-0,H,0,0,1,1.1287,,,
2025-10-26,E0,Aston Villa,Man City,0.256,0.266,0.478,A,0.4536,1-1,0.1263,1-0,H,0,0,1,1.3625,H,0.0141,3.33
2025-10-26,P1,Tondela,Sp Lisbon,0.0853,0.151,0.7637,A,0.5589,0-2,0.1487,0-3,A,1,0,1,0.2695,,,
2025-10-26,B1,Antwerp,Club Brugge,0.2163,0.2346,0.5492,A,0.5286,1-1,0.1116,0-1,A,1,0,0,0.5993,,,
2025-10-26,B1,Cercle Brugge,Waregem,0.4468,0.2881,0.2651,H,0.5523,1-1,0.1349,1-1,D,0,1,0,1.2445,D,-0.0076,2.9
2025-10-26,B1,Genk,RAAL La Louviere,0.647,0.2133,0.1397,H,0.5368,2-0,0.12,1-1,D,0,0,0,1.545,,,
2025-10-26,P1,Estoril,Nacional,0.4689,0.2875,0.2436,H,0.5056,1-1,0.1367,1-1,D,0,1,0,1.2464,H,-0.1331,-1.0
2025-10-26,P1,Famalicao,Guimaraes,0.3455,0.3008,0.3537,A,0.3994,1-1,0.1408,2-0,H,0,0,1,1.0629,A,-0.1441,-1.0
2025-10-26,P1,Sp Braga,Casa Pia,0.7234,0.1768,0.0998,H,0.5862,2-0,0.1272,4-0,H,1,0,1,0.3239,H,-0.0142,0.39
2025-10-26,F1,Lille,Metz,0.8057,0.1277,0.0666,H,0.6502,2-0,0.1294,6-1,H,1,0,1,0.216,H,0.0569,0.3
2025-10-26,F1,Angers,Lorient,0.3332,0.28,0.3868,A,0.4922,1-1,0.1334,2-0,H,0,0,1,1.0989,A,-0.0336,-1.0
2025-10-26,F1,Auxerre,Le Havre,0.4516,0.2909,0.2575,H,0.4936,1-1,0.1385,0-1,A,0,0,1,1.3567,,,
2025-10-26,I1,Torino,Genoa,0.474,0.2951,0.2309,H,0.474,1-1,0.1407,2-1,H,1,0,0,0.7465,H,-0.1245,1.25
2025-10-26,G1,Olympiakos,AEK,0.5717,0.2554,0.1729,H,0.4811,1-0,0.1275,2-0,H,1,0,1,0.5592,H,-0.0168,0.76
2025-10-26,I1,Sassuolo,Roma,0.1642,0.224,0.6118,A,0.4667,0-1,0.1376,0-1,A,1,1,1,0.4913,A,-0.0464,0.85
2025-10-26,I1,Verona,Cagliari,0.4679,0.2916,0.2405,H,0.3897,1-0,0.1376,2-2,D,0,0,0,1.2323,H,0.1364,-1.0
2025-10-26,G1,PAOK,Volos NFC,0.7069,0.1886,0.1045,H,0.585,2-0,0.1221,3-0,H,1,0,1,0.3468,,,
2025-10-26,G1,Panathinaikos,Asteras Tripolis,0.6891,0.2013,0.1096,H,0.5143,1-0,0.137,2-0,H,1,0,0,0.3724,D,0.087,-1.0
2025-10-26,G1,Levadeiakos,Aris,0.3511,0.2733,0.3756,A,0.4945,1-1,0.1301,1-1,D,0,1,1,1.2973,,,
2025-10-26,SC0,Aberdeen,Hibernian,0.3011,0.2751,0.4239,A,0.5044,1-1,0.1308,1-2,A,1,0,1,0.8584,A,-0.0957,1.55
2025-10-26,I1,Fiorentina,Bologna,0.3172,0.2932,0.3896,A,0.4363,1-1,0.1391,2-2,D,0,0,0,1.2268,A,-0.0646,-1.0
2025-10-26,SC0,Hearts,Celtic,0.2467,0.2462,0.5071,A,0.5013,1-1,0.1173,3-1,H,0,0,1,1.3994,A,-0.0421,-1.0
2025-10-26,D1,Leverkusen,Freiburg,0.6683,0.1983,0.1334,H,0.599,2-0,0.11,2-0,H,1,1,0,0.403,H,-0.0941,0.83
2025-10-26,SC0,Rangers,Kilmarnock,0.7452,0.1725,0.0823,H,0.5921,2-0,0.1298,3-1,H,1,0,1,0.2941,H,-0.0299,0.3
2025-10-27,T1,Samsunspor,Rizespor,0.6134,0.2304,0.1562,H,0.5606,1-1,0.1092,1-1,D,0,1,0,1.4678,H,-0.0558,-1.0
2025-10-27,SP1,Betis,Ath Madrid,0.2963,0.2616,0.4421,A,0.5168,1-1,0.1243,0-2,A,1,0,0,0.8163,,,
2025-10-27,T1,Gaziantep,Fenerbahce,0.1624,0.2252,0.6124,A,0.6397,1-1,0.1021,0-4,A,1,0,1,0.4903,,,
2025-10-27,P1,Moreirense,Porto,0.0986,0.1715,0.7299,A,0.5024,0-2,0.1535,1-2,A,1,0,1,0.3149,,,
2025-10-28,I1,Atalanta,Milan,0.4106,0.2849,0.3045,H,0.4588,1-1,0.1357,1-1,D,0,1,1,1.2555,H,-0.0113,-1.0
2025-10-28,I1,Lecce,Napoli,0.1214,0.2013,0.6773,A,0.5214,0-2,0.1312,0-1,A,1,0,0,0.3896,A,-0.0252,0.55
2025-10-29,F1,Le Havre,Brest,0.3921,0.2705,0.3374,H,0.4768,1-1,0.1289,1-0,H,1,0,1,0.9361,,,
2025-10-29,SC0,St Mirren,Hearts,0.1889,0.261,0.5501,A,0.4415,0-1,0.1365,2-2,D,0,0,0,1.3432,A,-0.0628,-1.0
2025-10-29,SC0,Motherwell,Dundee United,0.3819,0.2965,0.3216,H,0.5045,1-1,0.1408,2-0,H,1,0,0,0.9625,D,-0.05,-1.0
2025-10-29,SC0,Kilmarnock,Aberdeen,0.3872,0.3038,0.309,H,0.4166,1-1,0.1433,0-1,A,0,0,1,1.1743,H,0.0311,-1.0
2025-10-29,SC0,Hibernian,Rangers,0.2968,0.2759,0.4273,A,0.5304,1-1,0.1303,0-1,A,1,0,0,0.8502,,,
2025-10-29,SC0,Celtic,Falkirk,0.8034,0.1335,0.0631,H,0.6718,2-0,0.1206,4-0,H,1,0,1,0.2189,,,
2025-10-29,F1,Nice,Lille,0.373,0.2743,0.3527,H,0.5136,1-1,0.1302,2-0,H,1,0,0,0.9861,H,-0.2537,2.0
2025-10-29,F1,Metz,Lens,0.1225,0.2127,0.6648,A,0.4853,0-1,0.1457,2-0,H,0,0,1,2.0995,,,
2025-10-29,F1,Lorient,Paris SG,0.128,0.1797,0.6923,A,0.6018,0-2,0.1148,1-1,D,0,0,0,1.7167,D,0.0078,5.5
2025-10-29,I1,Inter,Fiorentina,0.7245,0.1695,0.106,H,0.5916,2-0,0.1253,3-0,H,1,0,1,0.3223,H,0.0073,0.38
2025-10-29,I1,Genoa,Cremonese,0.4771,0.2863,0.2366,H,0.4364,1-1,0.1355,0-2,A,0,0,1,1.4414,A,-0.1055,3.75
2025-10-29,F1,Nantes,Monaco,0.2343,0.2575,0.5082,A,0.452,0-1,0.1234,3-5,A,1,0,0,0.6768,H,-0.0286,-1.0
2025-10-29,I1,Roma,Parma,0.7807,0.1489,0.0704,H,0.516,2-0,0.1663,2-1,H,1,0,1,0.2476,H,0.02,0.53
2025-10-29,I1,Juventus,Udinese,0.7155,0.1798,0.1047,H,0.5432,2-0,0.1362,3-1,H,1,0,1,0.3348,H,-0.0204,0.44
2025-10-29,I1,Bologna,Torino,0.5493,0.2607,0.19,H,0.4647,1-0,0.1267,0-0,D,0,0,1,1.3443,,,
2025-10-29,F1,Paris FC,Lyon,0.2616,0.2542,0.4842,A,0.5217,1-1,0.1207,3-3,D,0,0,1,1.3697,A,-0.0458,-1.0
2025-10-29,F1,Strasbourg,Auxerre,0.6529,0.2168,0.1304,H,0.5382,2-0,0.1207,3-0,H,1,0,1,0.4264,H,0.0542,0.75
2025-10-29,F1,Toulouse,Rennes,0.4798,0.2694,0.2509,H,0.5251,1-1,0.1278,2-2,D,0,0,1,1.3117,H,0.0697,-1.0
2025-10-29,F1,Marseille,Angers,0.8094,0.1247,0.0659,H,0.618,2-0,0.1417,2-2,D,0,0,1,2.0821,,,
2025-10-29,I1,Como,Verona,0.5501,0.2657,0.1842,H,0.4018,1-0,0.1589,3-1,H,1,0,0,0.5977,A,-0.0661,-1.0
2025-10-30,I1,Cagliari,Sassuolo,0.4359,0.3028,0.2613,H,0.3942,1-1,0.141,1-2,A,0,0,0,1.3422,H,-0.0076,-1.0
2025-10-30,I1,Pisa,Lazio,0.2456,0.2758,0.4786,A,0.4109,0-1,0.1326,0-0,D,0,0,1,1.2879,,,
2025-10-31,N1,PSV Eindhoven,For Sittard,0.8668,0.0909,0.0423,H,0.751,2-0,0.107,5-2,H,1,0,1,0.1429,,,
2025-10-31,T1,Buyuksehyr,Kocaelispor,0.5193,0.2903,0.1905,H,0.479,1-1,0.1383,1-0,H,1,0,1,0.6553,D,0.0588,-1.0
2025-10-31,B1,Standard,Charleroi,0.2752,0.2755,0.4493,A,0.519,1-1,0.1308,3-1,H,0,0,1,1.2904,A,-0.0304,-1.0
2025-10-31,P1,Sp Lisbon,Alverca,0.8894,0.0759,0.0347,H,0.7231,3-0,0.1314,2-0,H,1,0,0,0.1173,,,
2025-10-31,SP1,Getafe,Girona,0.4609,0.2979,0.2412,H,0.4526,1-1,0.1417,2-1,H,1,0,0,0.7746,,,
2025-10-31,E1,Wrexham,Coventry,0.2975,0.2837,0.4188,A,0.4695,1-1,0.1352,3-2,H,0,0,0,1.2124,H,0.2787,2.9
2025-10-31,D1,Augsburg,Dortmund,0.159,0.1978,0.6433,A,0.6178,1-2,0.1005,0-1,A,1,0,0,0.4412,A,-0.0188,0.57
2025-11-01,E1,Norwich,Hull,0.3584,0.2863,0.3554,H,0.442,1-1,0.1359,0-2,A,0,0,1,1.0346,A,-0.1029,2.05
2025-11-01,E0,Brighton,Leeds,0.5355,0.2593,0.2052,H,0.5426,1-1,0.1227,3-0,H,1,0,1,0.6245,,,
2025-11-01,N1,NAC Breda,Go Ahead Eagles,0.3179,0.249,0.4331,A,0.5683,1-1,0.116,1-0,H,0,0,0,1.1459,A,-0.0968,-1.0
2025-11-01,E0,Burnley,Arsenal,0.1556,0.2203,0.6241,A,0.559,0-2,0.1081,0-2,A,1,1,0,0.4715,D,-0.0132,-1.0
2025-11-01,N1,Ajax,Heerenveen,0.7622,0.1578,0.08,H,0.675,2-0,0.1087,1-1,D,0,0,0,1.8463,H,0.0261,-1.0
2025-11-01,E0,Crystal Palace,Brentford,0.4916,0.2635,0.2449,H,0.5281,1-1,0.125,2-0,H,1,0,0,0.7101,,,
2025-11-01,B1,Anderlecht,Mechelen,0.5347,0.2616,0.2037,H,0.5081,1-1,0.1247,3-1,H,1,0,1,0.626,,,
2025-11-01,B1,Club Brugge,Dender,0.7998,0.1326,0.0676,H,0.703,2-0,0.1086,2-1,H,1,0,1,0.2234,,,
2025-11-01,E0,Fulham,Wolves,0.5062,0.2692,0.2245,H,0.4988,1-1,0.1283,3-0,H,1,0,0,0.6808,,,
2025-11-01,SC0,Livingston,Hibernian,0.2056,0.2155,0.5788,A,0.5769,1-2,0.1028,2-2,D,0,0,1,1.5348,A,0.0,-1.0
2025-11-01,SC0,Hearts,Dundee,0.8125,0.1202,0.0673,H,0.5906,2-0,0.1535,4-0,H,1,0,1,0.2076,,,
2025-11-01,E0,Nott'm Forest,Man United,0.3029,0.2753,0.4218,A,0.5024,1-1,0.131,2-2,D,0,0,1,1.29,,,
2025-11-01,E0,Tottenham,Chelsea,0.2989,0.2546,0.4465,A,0.524,1-1,0.1208,0-1,A,1,0,0,0.8064,A,-0.0272,1.5
2025-11-01,E0,Liverpool,Aston Villa,0.5316,0.2737,0.1947,H,0.458,1-1,0.1295,2-0,H,1,0,1,0.6318,D,-0.0023,-1.0
2025-11-01,E1,Watford,Middlesbrough,0.3378,0.2707,0.3915,A,0.4772,1-1,0.129,3-0,H,0,0,0,1.0854,,,
2025-11-01,E1,Stoke,Bristol City,0.3732,0.2969,0.3299,H,0.3919,1-1,0.1382,5-1,H,1,0,0,0.9856,,,
2025-11-01,SC0,Falkirk,Kilmarnock,0.4341,0.2951,0.2708,H,0.4913,1-1,0.1405,3-1,H,1,0,0,0.8345,D,0.0,-1.0
2025-11-01,B1,Waregem,St. Gilloise,0.1383,0.1949,0.6668,A,0.5899,0-2,0.1119,1-4,A,1,0,1,0.4053,A,0.0,0.67
2025-11-01,E1,Southampton,Preston,0.4433,0.2791,0.2775,H,0.4476,1-1,0.1325,0-2,A,0,0,1,1.2818,A,-0.0378,3.33
2025-11-01,E1,Sheffield United,Derby,0.4692,0.293,0.2379,H,0.4088,1-1,0.1367,1-3,A,0,0,0,1.4361,,,
2025-11-01,E1,QPR,Ipswich,0.3585,0.2879,0.3536,H,0.4628,1-1,0.1372,1-4,A,0,0,0,1.0395,H,0.0294,-1.0
2025-11-01,E1,Oxford,Millwall,0.3272,0.2841,0.3887,A,0.4108,1-1,0.1333,2-2,D,0,0,0,1.2584,,,
2025-11-01,E1,Charlton,Swansea,0.4793,0.2762,0.2445,H,0.4437,1-1,0.1308,1-1,D,0,1,1,1.2865,,,
2025-11-01,P1,Nacional,Famalicao,0.2877,0.2623,0.45,A,0.4382,1-1,0.124,0-1,A,1,0,1,0.7984,,,
2025-11-01,P1,Casa Pia,Estrela,0.4465,0.2973,0.2562,H,0.432,1-1,0.1407,3-5,A,0,0,0,1.3618,,,
2025-11-01,E1,Birmingham,Portsmouth,0.409,0.2942,0.2968,H,0.406,1-1,0.1379,4-0,H,1,0,0,0.894,A,-0.1818,-1.0
2025-11-01,P1,Guimaraes,Benfica,0.1732,0.2195,0.6072,A,0.5995,1-1,0.1026,0-3,A,1,0,1,0.4988,,,
2025-11-01,E1,West Brom,Sheffield Weds,0.5605,0.2586,0.181,H,0.465,1-0,0.1321,0-0,D,0,0,1,1.3526,D,0.0,3.33
2025-11-01,E1,Leicester,Blackburn,0.4988,0.2778,0.2234,H,0.474,1-1,0.1323,0-2,A,0,0,1,1.4986,D,0.0541,-1.0
2025-11-01,P1,Rio Ave,Estoril,0.4224,0.295,0.2826,H,0.501,1-1,0.1403,0-4,A,0,0,1,1.2638,,,
2025-11-01,D1,Union Berlin,Freiburg,0.3373,0.292,0.3707,A,0.508,1-1,0.1385,0-0,D,0,0,0,1.2311,,,
2025-11-01,D1,Mainz,Werder Bremen,0.3708,0.2763,0.3529,H,0.5125,1-1,0.1311,1-1,D,0,1,0,1.2863,A,-0.1803,-1.0
2025-11-01,SP1,Real Madrid,Valencia,0.8562,0.0947,0.0491,H,0.6983,2-0,0.1263,4-0,H,1,0,1,0.1553,,,
2025-11-01,SP1,Sociedad,Ath Bilbao,0.3138,0.2995,0.3867,A,0.4062,1-1,0.1405,3-2,H,0,0,0,1.1589,A,-0.0997,-1.0
2025-11-01,SP1,Ath Madrid,Sevilla,0.7902,0.1376,0.0722,H,0.6445,2-0,0.1268,3-0,H,1,0,1,0.2354,H,-0.0075,0.33
2025-11-01,SP1,Villarreal,Vallecano,0.6261,0.2308,0.1431,H,0.5589,1-1,0.1096,4-0,H,1,0,1,0.4682,H,-0.0286,0.7
2025-11-01,T1,Galatasaray,Trabzonspor,0.7332,0.1721,0.0947,H,0.6346,2-0,0.1133,0-0,D,0,0,0,1.7599,H,0.0444,-1.0
2025-11-01,T1,Goztep,Genclerbirligi,0.6159,0.243,0.1411,H,0.4561,1-0,0.147,1-0,H,1,1,1,0.4847,,,
2025-11-01,F1,Paris SG,Nice,0.7568,0.14,0.1032,H,0.62,2-0,0.1274,1-0,H,1,0,0,0.2786,,,
2025-11-01,I1,Cremonese,Juventus,0.1625,0.2176,0.6199,A,0.5502,0-2,0.1102,1-2,A,1,0,1,0.4782,,,
2025-11-01,I1,Napoli,Como,0.6896,0.1877,0.1226,H,0.5421,2-0,0.13,0-0,D,0,0,0,1.6727,H,0.0052,-1.0
2025-11-01,I1,Udinese,Atalanta,0.2365,0.2518,0.5117,A,0.4993,1-1,0.12,1-0,H,0,0,1,1.4418,,,
2025-11-01,N1,Telstar,Excelsior,0.541,0.2622,0.1968,H,0.5275,1-1,0.1247,2-2,D,0,0,1,1.3387,H,0.0714,-1.0
2025-11-01,F1,Monaco,Paris FC,0.6432,0.2171,0.1397,H,0.5836,2-0,0.1065,0-1,A,0,0,0,1.968,H,0.0,-1.0
2025-11-01,D1,Heidenheim,Ein Frankfurt,0.2258,0.2165,0.5577,A,0.5925,1-1,0.1009,1-1,D,0,1,0,1.5303,A,0.0106,-1.0
2025-11-01,D1,Bayern Munich,Leverkusen,0.6557,0.1942,0.1501,H,0.727,2-1,0.091,3-0,H,1,0,1,0.422,D,-0.0753,-1.0
2025-11-01,D1,St Pauli,M'gladbach,0.4209,0.2914,0.2877,H,0.4516,1-1,0.1386,0-4,A,0,0,0,1.2459,,,
2025-11-01,G1,Olympiakos,Aris,0.7006,0.1819,0.1175,H,0.5791,2-0,0.1224,2-1,H,1,0,1,0.3558,A,0.1579,-1.0
2025-11-01,G1,Atromitos,Kifisia,0.4393,0.2934,0.2673,H,0.4508,1-1,0.1395,1-2,A,0,0,0,1.3194,,,
2025-11-01,G1,Volos NFC,Panathinaikos,0.2029,0.2476,0.5495,A,0.4794,0-1,0.1255,1-0,H,0,0,1,1.5952,H,0.0476,4.5
2025-11-01,D1,RB Leipzig,Stuttgart,0.3933,0.2983,0.3085,H,0.4924,1-1,0.1419,3-1,H,1,0,0,0.9333,D,0.0026,-1.0
2025-11-01,N1,Feyenoord,Volendam,0.8895,0.0748,0.0357,H,0.7783,3-0,0.1215,3-1,H,1,0,1,0.1171,,,
2025-11-01,F1,Auxerre,Marseille,0.18,0.216,0.6039,A,0.527,0-1,0.1164,0-1,A,1,1,0,0.5043,A,-0.0234,0.67
2025-11-02,F1,Toulouse,Le Havre,0.5331,0.2632,0.2037,H,0.5135,1-1,0.1253,0-0,D,0,0,0,1.335,,,
2025-11-02,SP1,Alaves,Espanol,0.3832,0.3083,0.3085,H,0.4342,1-1,0.1464,2-1,H,1,0,0,0.9592,,,
2025-11-02,SP1,Barcelona,Elche,0.8386,0.1134,0.048,H,0.7462,3-0,0.1078,3-1,H,1,0,1,0.176,,,
2025-11-02,SP1,Betis,Mallorca,0.6452,0.2236,0.1312,H,0.5442,2-0,0.1156,3-0,H,1,0,1,0.4381,H,0.0064,0.57
2025-11-02,I1,Milan,Roma,0.3875,0.2933,0.3191,H,0.4122,1-1,0.138,1-0,H,1,0,1,0.948,A,0.0278,-1.0
2025-11-02,E0,West Ham,Newcastle,0.2287,0.2572,0.5141,A,0.4687,1-1,0.1223,3-1,H,0,0,0,1.4753,H,0.0155,4.25
2025-11-02,SP1,Levante,Celta,0.3489,0.3075,0.3436,H,0.455,1-1,0.1465,1-2,A,0,0,0,1.0681,,,
2025-11-02,I1,Parma,Bologna,0.2093,0.2482,0.5425,A,0.4358,0-1,0.137,1-3,A,1,0,0,0.6115,A,0.0459,1.05
2025-11-02,G1,Larisa,Levadeiakos,0.2983,0.2596,0.4421,A,0.484,1-1,0.1238,0-2,A,1,0,1,0.8162,,,
2025-11-02,I1,Torino,Pisa,0.5914,0.2446,0.164,H,0.4631,1-0,0.1339,2-2,D,0,0,0,1.4081,H,0.0656,-1.0
2025-11-02,P1,Porto,Sp Braga,0.6155,0.2198,0.1647,H,0.5346,1-0,0.1165,2-1,H,1,0,1,0.4854,,,
2025-11-02,P1,Arouca,Moreirense,0.3754,0.2911,0.3335,H,0.4547,1-1,0.1386,0-2,A,0,0,1,1.0982,,,
2025-11-02,P1,AVS,Tondela,0.3873,0.2827,0.33,H,0.5009,1-1,0.1345,2-2,D,0,0,1,1.2633,H,-0.0093,-1.0
2025-11-02,F1,Lens,Lorient,0.6443,0.2206,0.1351,H,0.533,2-0,0.1186,3-0,H,1,0,1,0.4396,,,
2025-11-02,F1,Rennes,Strasbourg,0.2938,0.27,0.4361,A,0.5368,1-1,0.1274,4-1,H,0,0,1,1.2248,A,0.1538,-1.0
2025-11-02,E0,Man City,Bournemouth,0.591,0.227,0.182,H,0.5721,1-1,0.1071,3-1,H,1,0,1,0.526,,,
2025-11-02,I1,Verona,Inter,0.1621,0.1936,0.6443,A,0.5565,0-2,0.1156,1-2,A,1,0,1,0.4396,H,-0.2308,-1.0
2025-11-02,F1,Brest,Lyon,0.2842,0.267,0.4488,A,0.4682,1-1,0.1272,0-0,D,0,0,1,1.3203,,,
2025-11-02,G1,AEK,Panetolikos,0.751,0.1701,0.0789,H,0.5379,2-0,0.1487,1-0,H,1,0,0,0.2864,D,0.0769,-1.0
2025-11-02,G1,Panserraikos,PAOK,0.1077,0.1807,0.7116,A,0.4772,0-1,0.1594,0-5,A,1,0,0,0.3403,H,-0.2,-1.0
2025-11-02,F1,Lille,Angers,0.7732,0.1505,0.0762,H,0.6147,2-0,0.1318,1-0,H,1,0,0,0.2572,,,
2025-11-02,I1,Fiorentina,Lecce,0.5893,0.2459,0.1648,H,0.4379,1-0,0.1456,0-1,A,0,0,1,1.8032,,,
2025-11-02,F1,Nantes,Metz,0.5403,0.2595,0.2002,H,0.4632,1-0,0.1248,0-2,A,0,0,1,1.6086,H,-0.1075,-1.0
2025-11-02,B1,Oud-Heverlee Leuven,Gent,0.3799,0.2656,0.3546,H,0.5251,1-1,0.1257,4-0,H,1,0,1,0.968,A,0.0357,-1.0
2025-11-02,N1,Sparta Rotterdam,AZ Alkmaar,0.2443,0.2525,0.5032,A,0.6019,1-1,0.1154,0-1,A,1,0,0,0.6868,,,
2025-11-02,T1,Konyaspor,Samsunspor,0.3473,0.3034,0.3492,A,0.4721,1-1,0.1446,1-3,A,1,0,0,1.052,A,0.1509,2.05
2025-11-02,D1,FC Koln,Hamburg,0.4439,0.2896,0.2666,H,0.5096,1-1,0.1375,4-1,H,1,0,1,0.8122,D,0.0165,-1.0
2025-11-02,T1,Kayserispor,Kasimpasa,0.4123,0.3114,0.2762,H,0.4269,1-1,0.1475,3-2,H,1,0,0,0.8859,D,-0.0278,-1.0
2025-11-02,B1,RAAL La Louviere,Cercle Brugge,0.3895,0.2872,0.3232,H,0.4733,1-1,0.1369,2-1,H,1,0,0,0.9428,,,
2025-11-02,B1,St Truiden,Antwerp,0.3816,0.2881,0.3303,H,0.4877,1-1,0.1372,1-0,H,1,0,1,0.9633,A,0.0588,-1.0
2025-11-02,T1,Besiktas,Fenerbahce,0.2594,0.2493,0.4913,A,0.5233,1-1,0.1185,2-3,A,1,0,1,0.7108,A,0.1667,1.45
2025-11-02,N1,Heracles,Zwolle,0.3473,0.2776,0.3751,A,0.5175,1-1,0.1315,8-2,H,0,0,1,1.0575,A,0.098,-1.0
2025-11-02,N1,Groningen,Twente,0.2706,0.2678,0.4617,A,0.5895,1-1,0.1228,1-1,D,0,1,0,1.3177,A,0.0294,-1.0
2025-11-02,N1,Utrecht,Nijmegen,0.4896,0.2581,0.2523,H,0.5812,1-1,0.1194,1-0,H,1,0,0,0.7142,H,-0.0227,1.15
2025-11-02,B1,Westerlo,Genk,0.3031,0.2644,0.4325,A,0.5447,1-1,0.1243,0-1,A,1,0,0,0.8383,D,0.0,-1.0
2025-11-02,D1,Wolfsburg,Hoffenheim,0.3807,0.2858,0.3335,H,0.5463,1-1,0.1338,2-3,A,0,0,1,1.0981,D,0.0345,-1.0
2025-11-03,I1,Sassuolo,Genoa,0.4014,0.2917,0.3069,H,0.3932,1-1,0.1357,1-2,A,0,0,0,1.1813,,,
2025-11-03,SP1,Oviedo,Osasuna,0.353,0.3085,0.3385,H,0.3704,1-1,0.1419,0-0,D,0,0,1,1.176,H,-0.0712,-1.0
2025-11-03,T1,Eyupspor,Antalyaspor,0.4498,0.2973,0.2528,H,0.4274,1-1,0.1404,0-1,A,0,0,1,1.375,D,-0.0769,-1.0
2025-11-03,I1,Lazio,Cagliari,0.6303,0.231,0.1387,H,0.4301,1-0,0.1544,2-0,H,1,0,1,0.4615,,,
2025-11-03,P1,Gil Vicente,Santa Clara,0.4451,0.29,0.2649,H,0.4143,1-1,0.1362,1-0,H,1,0,1,0.8095,H,0.1139,1.25
2025-11-03,G1,Asteras Tripolis,OFI Crete,0.4638,0.2851,0.2511,H,0.4649,1-1,0.1358,3-0,H,1,0,0,0.7683,H,0.0976,1.25
2025-11-03,E0,Sunderland,Everton,0.2879,0.2815,0.4306,A,0.4323,1-1,0.133,1-1,D,0,1,1,1.2676,A,0.1157,-1.0
2025-11-03,T1,Alanyaspor,Gaziantep,0.4593,0.2941,0.2466,H,0.493,1-1,0.14,0-0,D,0,0,1,1.2239,,,
2025-11-03,T1,Rizespor,Karagumruk,0.5444,0.2623,0.1933,H,0.511,1-1,0.125,1-0,H,1,0,0,0.6081,,,
2025-11-04,E1,Leicester,Middlesbrough,0.3901,0.2923,0.3176,H,0.4404,1-1,0.1388,1-1,D,0,1,1,1.2299,,,
2025-11-04,E1,Oxford,Stoke,0.3679,0.2955,0.3365,H,0.4485,1-1,0.1406,0-3,A,0,0,0,1.089,H,0.082,-1.0
2025-11-04,E1,Coventry,Sheffield United,0.6114,0.2269,0.1617,H,0.5127,1-0,0.1227,3-1,H,1,0,1,0.492,,,
2025-11-04,E1,Ipswich,Watford,0.5451,0.2556,0.1994,H,0.5584,1-1,0.1204,1-1,D,0,1,0,1.3642,,,
2025-11-04,E1,Derby,Hull,0.3579,0.2938,0.3482,H,0.4556,1-1,0.1399,2-1,H,1,0,0,1.0274,A,-0.0294,-1.0
2025-11-04,E1,Charlton,West Brom,0.4289,0.2845,0.2867,H,0.4279,1-1,0.1344,1-0,H,1,0,1,0.8466,H,-0.0196,1.5
2025-11-04,E1,Bristol City,Blackburn,0.4649,0.2835,0.2516,H,0.4558,1-1,0.1348,0-1,A,0,0,1,1.38,,,
2025-11-04,E1,Birmingham,Millwall,0.3353,0.2848,0.3799,A,0.4359,1-1,0.135,4-0,H,0,0,0,1.0928,A,-0.1158,-1.0
2025-11-05,E1,Sheffield Weds,Norwich,0.3962,0.277,0.3268,H,0.4478,1-1,0.1316,1-1,D,0,1,1,1.2836,H,0.1702,-1.0
2025-11-05,E1,QPR,Southampton,0.4116,0.274,0.3145,H,0.4628,1-1,0.1305,1-2,A,0,0,0,1.1569,H,0.0377,-1.0
2025-11-05,E1,Preston,Swansea,0.4754,0.2751,0.2495,H,0.4317,1-1,0.1299,2-1,H,1,0,0,0.7435,H,0.0,1.2
2025-11-05,E1,Portsmouth,Wrexham,0.3067,0.2661,0.4272,A,0.4514,1-1,0.1264,0-0,D,0,0,1,1.3239,A,0.0642,-1.0
2025-11-07,SP1,Elche,Sociedad,0.3717,0.2985,0.3298,H,0.4509,1-1,0.1421,1-1,D,0,1,1,1.209,,,
2025-11-07,I1,Pisa,Cremonese,0.405,0.2943,0.3006,H,0.4022,1-1,0.1377,1-0,H,1,0,1,0.9038,,,
2025-11-07,P1,Estoril,Arouca,0.5292,0.2669,0.2039,H,0.4372,1-0,0.1323,4-3,H,1,0,0,0.6364,H,-0.0402,0.91
2025-11-07,D1,Werder Bremen,Wolfsburg,0.4989,0.2717,0.2294,H,0.5514,1-1,0.1277,2-1,H,1,0,1,0.6953,H,-0.0227,1.15
2025-11-07,B1,Dender,Waregem,0.395,0.2832,0.3218,H,0.509,1-1,0.1345,2-2,D,0,0,1,1.2615,,,
2025-11-07,E1,Watford,Bristol City,0.4208,0.2774,0.3017,H,0.4663,1-1,0.1322,1-1,D,0,1,1,1.2821,A,0.0286,-1.0
2025-11-07,F1,Paris FC,Rennes,0.3761,0.287,0.337,H,0.4851,1-1,0.1367,0-1,A,0,0,1,1.0878,A,0.0356,2.2
2025-11-07,T1,Genclerbirligi,Buyuksehyr,0.2803,0.2803,0.4394,A,0.4798,1-1,0.1336,2-1,H,0,0,0,1.272,A,0.0465,-1.0
2025-11-07,N1,Twente,Telstar,0.6867,0.1843,0.129,H,0.6648,2-0,0.0961,0-0,D,0,0,0,1.6912,,,
2025-11-08,T1,Gaziantep,Rizespor,0.4524,0.2949,0.2527,H,0.476,1-1,0.1406,2-2,D,0,0,0,1.221,,,
2025-11-08,N1,Volendam,NAC Breda,0.3991,0.2861,0.3148,H,0.5397,1-1,0.1345,2-1,H,1,0,1,0.9186,H,-0.0607,1.63
2025-11-08,N1,For Sittard,Heerenveen,0.3591,0.2961,0.3448,H,0.5299,1-1,0.1394,2-0,H,1,0,0,1.0243,H,-0.0323,2.0
2025-11-08,N1,Zwolle,Sparta Rotterdam,0.3175,0.2769,0.4056,A,0.5003,1-1,0.1318,1-0,H,0,0,0,1.1472,A,0.0115,-1.0
2025-11-08,T1,Trabzonspor,Alanyaspor,0.622,0.2298,0.1483,H,0.5042,1-0,0.1256,1-1,D,0,0,0,1.4707,H,-0.0062,-1.0
2025-11-08,T1,Antalyaspor,Besiktas,0.2361,0.2587,0.5053,A,0.5426,1-1,0.1222,1-3,A,1,0,1,0.6827,H,0.1547,-1.0
2025-11-08,I1,Como,Cagliari,0.6153,0.2443,0.1404,H,0.4409,1-0,0.1536,0-0,D,0,0,1,1.4094,D,0.0976,3.5
2025-11-08,I1,Lecce,Verona,0.3576,0.2974,0.345,H,0.4322,1-1,0.141,0-0,D,0,0,1,1.2128,,,
2025-11-08,I1,Juventus,Torino,0.654,0.2178,0.1282,H,0.5309,2-0,0.1212,0-0,D,0,0,0,1.524,,,
2025-11-08,I1,Parma,Milan,0.1466,0.2203,0.6331,A,0.4618,0-1,0.148,2-2,D,0,0,0,1.5126,A,0.0261,-1.0
2025-11-08,E0,Tottenham,Man United,0.3714,0.2726,0.3559,H,0.5208,1-1,0.1291,2-2,D,0,0,1,1.2997,,,
2025-11-08,E0,West Ham,Burnley,0.4246,0.2765,0.299,H,0.4714,1-1,0.1317,3-2,H,1,0,0,0.8566,A,-0.0991,-1.0
2025-11-08,E0,Sunderland,Arsenal,0.107,0.1924,0.7007,A,0.522,0-2,0.1372,2-2,D,0,0,1,1.6483,,,
2025-11-08,E0,Chelsea,Wolves,0.7608,0.1563,0.083,H,0.6146,2-0,0.128,3-0,H,1,0,1,0.2734,H,0.0,0.36
2025-11-08,T1,Kasimpasa,Goztep,0.3794,0.3054,0.3152,H,0.4486,1-1,0.1453,0-2,A,0,0,1,1.1545,H,0.0278,-1.0
2025-11-08,N1,Excelsior,Heracles,0.461,0.2829,0.2561,H,0.5453,1-1,0.1328,1-2,A,0,0,1,1.3622,D,0.025,-1.0
2025-11-08,E0,Everton,Fulham,0.4324,0.28,0.2876,H,0.4283,1-1,0.1322,2-0,H,1,0,1,0.8385,,,
2025-11-08,P1,Santa Clara,Sp Lisbon,0.0979,0.1648,0.7373,A,0.534,0-2,0.1452,1-2,A,1,0,1,0.3048,A,-0.0142,0.39
2025-11-08,E1,Blackburn,Derby,0.467,0.2871,0.2459,H,0.4456,1-1,0.1361,1-2,A,0,0,0,1.4027,,,
2025-11-08,E1,Swansea,Ipswich,0.2944,0.2791,0.4265,A,0.4873,1-1,0.133,1-4,A,1,0,0,0.8521,,,
2025-11-08,E1,Stoke,Coventry,0.3299,0.2884,0.3817,A,0.4668,1-1,0.1375,0-1,A,1,0,1,0.9632,D,0.0,-1.0
2025-11-08,E1,Southampton,Sheffield Weds,0.5235,0.2666,0.2099,H,0.4214,1-0,0.1395,3-1,H,1,0,0,0.6472,D,0.0,-1.0
2025-11-08,E1,Sheffield United,QPR,0.4167,0.2817,0.3016,H,0.4402,1-1,0.1336,0-0,D,0,0,1,1.267,A,0.0606,-1.0
2025-11-08,E1,Norwich,Leicester,0.3404,0.2603,0.3993,A,0.4865,1-1,0.1241,1-2,A,1,0,0,0.9181,,,
2025-11-08,E1,Middlesbrough,Birmingham,0.4648,0.2865,0.2486,H,0.4415,1-1,0.1358,2-1,H,1,0,0,0.7661,H,0.1087,1.55
2025-11-08,E1,Millwall,Preston,0.4307,0.2897,0.2797,H,0.4548,1-1,0.1379,1-1,D,0,1,1,1.2391,,,
2025-11-08,E1,Hull,Portsmouth,0.4817,0.2666,0.2517,H,0.4886,1-1,0.1271,3-2,H,1,0,0,0.7303,H,0.1022,1.05
2025-11-08,F1,Marseille,Brest,0.6677,0.2048,0.1275,H,0.5892,2-0,0.1107,3-0,H,1,0,1,0.4039,,,
2025-11-08,F1,Le Havre,Nantes,0.4806,0.2872,0.2322,H,0.4106,1-1,0.1342,1-1,D,0,1,1,1.2477,,,
2025-11-08,E1,West Brom,Oxford,0.4617,0.2842,0.2541,H,0.4155,1-1,0.1333,2-1,H,1,0,0,0.7728,A,-0.0476,-1.0
2025-11-08,B1,Cercle Brugge,Oud-Heverlee Leuven,0.413,0.2883,0.2987,H,0.5387,1-1,0.1355,1-2,A,0,0,1,1.2082,,,
2025-11-08,B1,Antwerp,RAAL La Louviere,0.4605,0.2939,0.2456,H,0.4509,1-1,0.1396,3-1,H,1,0,0,0.7755,,,
2025-11-08,D1,Hamburg,Dortmund,0.1734,0.2161,0.6105,A,0.557,0-2,0.1069,1-1,D,0,0,0,1.5322,A,-0.1005,-1.0
2025-11-08,D1,Hoffenheim,RB Leipzig,0.2577,0.2637,0.4786,A,0.5726,1-1,0.1222,3-1,H,0,0,1,1.3559,A,0.0,-1.0
2025-11-08,D1,Leverkusen,Heidenheim,0.7397,0.1659,0.0944,H,0.6264,2-0,0.1175,6-0,H,1,0,1,0.3015,H,0.0,0.4
2025-11-08,D1,Union Berlin,Bayern Munich,0.074,0.1353,0.7908,A,0.6521,0-2,0.1249,2-2,D,0,0,1,2.0006,,,
2025-11-08,D1,M'gladbach,FC Koln,0.3955,0.2799,0.3246,H,0.5724,1-1,0.1291,3-1,H,1,0,1,0.9276,,,
2025-11-08,SP1,Girona,Alaves,0.3575,0.3104,0.332,H,0.431,1-1,0.1473,1-0,H,1,0,1,1.0286,,,
2025-11-08,SP1,Sevilla,Osasuna,0.3672,0.3114,0.3213,H,0.4163,1-1,0.1471,1-0,H,1,0,1,1.0018,A,-0.0028,-1.0
2025-11-08,SP1,Ath Madrid,Levante,0.8243,0.1152,0.0605,H,0.6232,2-0,0.1448,3-1,H,1,0,1,0.1933,,,
2025-11-08,SP1,Espanol,Villarreal,0.2514,0.251,0.4976,A,0.5244,1-1,0.1192,0-2,A,1,0,0,0.6979,A,-0.0739,1.38
2025-11-08,B1,Charleroi,Westerlo,0.4581,0.281,0.2609,H,0.5232,1-1,0.1331,2-0,H,1,0,0,0.7808,,,
2025-11-08,E1,Wrexham,Charlton,0.4479,0.2866,0.2654,H,0.4213,1-1,0.1348,1-0,H,1,0,1,0.8031,,,
2025-11-08,F1,Monaco,Lens,0.4518,0.2879,0.2603,H,0.4733,1-1,0.1372,1-4,A,0,0,0,1.3459,D,0.0156,-1.0
2025-11-08,SC0,St Mirren,Hibernian,0.2878,0.2827,0.4295,A,0.4939,1-1,0.1346,0-3,A,1,0,0,0.8452,A,-0.0272,1.5
2025-11-08,SC0,Falkirk,Livingston,0.557,0.2572,0.1858,H,0.5333,1-1,0.1222,1-1,D,0,1,0,1.358,H,-0.0765,-1.0
2025-11-08,P1,Alverca,Rio Ave,0.4255,0.3046,0.2699,H,0.4673,1-1,0.1452,1-1,D,0,1,1,1.1887,,,
2025-11-08,P1,Tondela,Guimaraes,0.2594,0.2524,0.4882,A,0.5008,1-1,0.1203,0-1,A,1,0,0,0.717,A,-0.0078,1.55
2025-11-08,G1,Panetolikos,Larisa,0.4152,0.296,0.2888,H,0.4358,1-1,0.1404,3-0,H,1,0,0,0.8789,,,
2025-11-09,G1,OFI Crete,AEK,0.1744,0.2488,0.5768,A,0.4461,0-1,0.1371,0-1,A,1,1,1,0.5503,H,-0.125,-1.0
2025-11-09,D1,Stuttgart,Augsburg,0.6944,0.1837,0.1219,H,0.6302,2-0,0.1074,3-2,H,1,0,1,0.3647,H,0.0131,0.55
2025-11-09,G1,Levadeiakos,Panserraikos,0.6896,0.1848,0.1256,H,0.5165,2-0,0.1375,5-2,H,1,0,1,0.3717,,,
2025-11-09,F1,Metz,Nice,0.198,0.2376,0.5644,A,0.599,1-1,0.1099,2-1,H,0,0,1,1.6197,A,-0.0987,-1.0
2025-11-09,F1,Strasbourg,Lille,0.3561,0.2736,0.3703,A,0.5489,1-1,0.1281,2-0,H,0,0,0,1.0325,,,
2025-11-09,F1,Lyon,Paris SG,0.252,0.227,0.521,A,0.5427,1-1,0.1076,2-3,A,1,0,1,0.652,,,
2025-11-09,B1,Anderlecht,Club Brugge,0.2974,0.2876,0.415,A,0.4888,1-1,0.137,1-0,H,0,0,1,1.2126,,,
2025-11-09,B1,St Truiden,Standard,0.5405,0.2592,0.2003,H,0.5119,1-1,0.1235,1-0,H,1,0,0,0.6152,H,0.0,1.0
2025-11-09,B1,Gent,Genk,0.2966,0.2767,0.4267,A,0.5752,1-1,0.1276,1-1,D,0,1,0,1.2848,,,
2025-11-09,B1,Mechelen,St. Gilloise,0.1229,0.2029,0.6742,A,0.6328,0-2,0.101,1-1,D,0,0,0,1.5953,A,0.0946,-1.0
2025-11-09,SC0,Celtic,Kilmarnock,0.8346,0.1148,0.0506,H,0.6525,2-0,0.1369,4-0,H,1,0,1,0.1808,,,
2025-11-09,SP1,Ath Bilbao,Oviedo,0.6528,0.2243,0.1229,H,0.4806,1-0,0.1412,1-0,H,1,1,1,0.4264,,,
2025-11-09,SP1,Vallecano,Real Madrid,0.1213,0.1873,0.6914,A,0.637,0-2,0.1043,0-0,D,0,0,0,1.6749,A,-0.0132,-1.0
2025-11-09,SP1,Mallorca,Getafe,0.4413,0.303,0.2557,H,0.4372,1-1,0.1437,1-0,H,1,0,1,0.818,H,-0.053,1.5
2025-11-09,SP1,Valencia,Betis,0.2236,0.276,0.5004,A,0.4931,1-1,0.1316,1-1,D,0,1,1,1.2872,A,0.0092,-1.0
2025-11-09,I1,Atalanta,Sassuolo,0.6905,0.2109,0.0985,H,0.4571,1-0,0.1584,0-3,A,0,0,0,2.3175,H,-0.04,-1.0
2025-11-09,I1,Bologna,Napoli,0.3095,0.2738,0.4167,A,0.4657,1-1,0.1304,2-0,H,0,0,1,1.1729,A,-0.0659,-1.0
2025-11-09,SP1,Celta,Barcelona,0.1531,0.2042,0.6427,A,0.6158,1-2,0.1042,2-4,A,1,0,1,0.4421,A,-0.0678,0.65
2025-11-09,T1,Karagumruk,Konyaspor,0.2965,0.2956,0.4079,A,0.4794,1-1,0.1409,2-0,H,0,0,1,1.2158,,,
2025-11-09,T1,Kocaelispor,Galatasaray,0.1148,0.1812,0.7041,A,0.6246,0-2,0.1105,1-0,H,0,0,0,2.1647,A,0.0,-1.0
2025-11-09,T1,Fenerbahce,Kayserispor,0.8572,0.095,0.0478,H,0.6984,2-0,0.1265,4-2,H,1,0,1,0.1541,,,
2025-11-09,T1,Samsunspor,Eyupspor,0.5715,0.2645,0.164,H,0.4846,1-1,0.126,1-0,H,1,0,1,0.5595,H,0.0556,0.71
2025-11-09,I1,Genoa,Fiorentina,0.4021,0.2778,0.3201,H,0.3921,1-1,0.1288,2-2,D,0,0,0,1.2808,H,-0.0984,-1.0
2025-11-09,I1,Roma,Udinese,0.7291,0.1738,0.0971,H,0.5129,2-0,0.15,2-0,H,1,1,0,0.316,H,0.0065,0.55
2025-11-09,I1,Inter,Lazio,0.6893,0.1864,0.1244,H,0.5718,2-0,0.1222,2-0,H,1,1,0,0.3721,,,
2025-11-09,D1,Freiburg,St Pauli,0.5959,0.244,0.1601,H,0.5046,1-0,0.1218,2-1,H,1,0,1,0.5177,H,0.0281,0.83
2025-11-09,SC0,Hearts,Dundee United,0.7184,0.1713,0.1103,H,0.6267,2-0,0.1142,1-1,D,0,0,0,1.7642,H,0.0538,-1.0
2025-11-09,D1,Ein Frankfurt,Mainz,0.6239,0.2173,0.1588,H,0.6227,2-1,0.102,1-0,H,1,0,0,0.4718,H,-0.0266,0.83
2025-11-09,G1,Aris,Asteras Tripolis,0.6386,0.2251,0.1363,H,0.5389,1-0,0.1159,0-0,D,0,0,0,1.4914,H,0.0247,-1.0
2025-11-09,N1,Go Ahead Eagles,Feyenoord,0.1186,0.1841,0.6972,A,0.6587,0-2,0.0997,2-1,H,0,0,1,2.1317,A,0.0775,-1.0
2025-11-09,P1,Sp Braga,Moreirense,0.7023,0.185,0.1127,H,0.5919,2-0,0.1199,2-1,H,1,0,1,0.3534,,,
2025-11-09,P1,Benfica,Casa Pia,0.8561,0.0972,0.0466,H,0.6686,2-0,0.1381,2-2,D,0,0,1,2.3307,,,
2025-11-09,P1,Famalicao,Porto,0.1312,0.213,0.6558,A,0.4861,0-1,0.1433,0-1,A,1,1,1,0.4219,A,-0.0189,0.56
2025-11-09,E0,Aston Villa,Bournemouth,0.4661,0.2792,0.2548,H,0.4837,1-1,0.1331,4-0,H,1,0,0,0.7634,H,-0.0717,1.2
2025-11-09,E0,Brentford,Newcastle,0.3941,0.2966,0.3094,H,0.4481,1-1,0.1411,3-1,H,1,0,0,0.9313,H,-0.0444,1.8
2025-11-09,E0,Crystal Palace,Brighton,0.4507,0.2708,0.2784,H,0.4986,1-1,0.129,0-0,D,0,0,1,1.3062,,,
2025-11-09,SC0,Dundee,Rangers,0.1301,0.2125,0.6574,A,0.4839,0-1,0.1402,0-3,A,1,0,0,0.4194,,,
2025-11-09,N1,Nijmegen,Groningen,0.4767,0.2741,0.2492,H,0.5856,1-1,0.1261,2-0,H,1,0,0,0.7408,,,
2025-11-09,N1,Utrecht,Ajax,0.3168,0.26,0.4232,A,0.5803,1-1,0.1198,2-1,H,0,0,1,1.1494,A,0.0294,-1.0
2025-11-09,E0,Nott'm Forest,Leeds,0.3983,0.2835,0.3182,H,0.4647,1-1,0.1351,3-1,H,1,0,0,0.9206,A,-0.0884,-1.0
2025-11-09,E0,Man City,Liverpool,0.5176,0.2448,0.2376,H,0.5316,1-1,0.1161,3-0,H,1,0,1,0.6585,,,
2025-11-09,N1,AZ Alkmaar,PSV Eindhoven,0.3199,0.245,0.4352,A,0.6359,1-1,0.1079,1-5,A,1,0,1,0.8321,,,
2025-11-09,G1,Panathinaikos,PAOK,0.2935,0.2822,0.4243,A,0.439,1-1,0.1337,2-1,H,0,0,0,1.2259,A,0.4048,-1.0
2025-11-09,G1,Atromitos,Volos NFC,0.3773,0.3016,0.3211,H,0.4218,1-1,0.1425,0-1,A,0,0,1,1.136,,,
2025-11-09,P1,Estrela,Nacional,0.4458,0.2797,0.2745,H,0.4492,1-1,0.1328,1-1,D,0,1,1,1.274,H,0.1489,-1.0
2025-11-09,P1,AVS,Gil Vicente,0.2522,0.2714,0.4765,A,0.4224,0-1,0.1317,1-1,D,0,0,1,1.3042,H,-0.2388,-1.0
2025-11-09,F1,Lorient,Toulouse,0.3264,0.2728,0.4008,A,0.4653,1-1,0.1299,1-1,D,0,1,1,1.299,,,
2025-11-09,F1,Angers,Auxerre,0.3849,0.2937,0.3214,H,0.4266,1-1,0.139,2-0,H,1,0,1,0.9548,,,
2025-11-09,SC0,Aberdeen,Motherwell,0.4419,0.2962,0.2619,H,0.4082,1-1,0.1388,1-1,D,0,1,1,1.2167,D,0.0133,2.8
2025-11-09,G1,Kifisia,Olympiakos,0.1438,0.1966,0.6596,A,0.5739,0-2,0.1146,1-3,A,1,0,1,0.4162,H,0.5714,-1.0
2025-11-21,SP1,Valencia,Levante,0.463,0.2973,0.2397,H,0.4922,1-1,0.1416,1-0,H,1,0,1,0.77,,,
2025-11-21,E1,Preston,Blackburn,0.4488,0.2841,0.2671,H,0.4654,1-1,0.1353,1-2,A,0,0,0,1.3201,H,-0.0392,-1.0
2025-11-21,B1,Standard,Waregem,0.4013,0.2897,0.309,H,0.5109,1-1,0.1374,0-0,D,0,0,0,1.239,,,
2025-11-21,F1,Nice,Marseille,0.2619,0.2652,0.4729,A,0.5357,1-1,0.1253,1-5,A,1,0,1,0.7488,,,
2025-11-21,D1,Mainz,Hoffenheim,0.3512,0.2858,0.3631,A,0.495,1-1,0.136,1-1,D,0,1,1,1.2526,,,
2025-11-22,I1,Cagliari,Genoa,0.3625,0.3036,0.3339,H,0.4103,1-1,0.1429,3-3,D,0,0,0,1.1922,,,
2025-11-22,I1,Udinese,Bologna,0.2277,0.2601,0.5122,A,0.4622,1-1,0.1235,0-3,A,1,0,0,0.669,A,-0.2015,1.1
2025-11-22,N1,NAC Breda,PSV Eindhoven,0.1007,0.1574,0.7419,A,0.7189,0-2,0.0906,0-1,A,1,0,0,0.2985,A,0.031,0.33
2025-11-22,N1,Sparta Rotterdam,For Sittard,0.4698,0.2963,0.2339,H,0.5122,1-1,0.1406,1-1,D,0,1,0,1.2165,D,0.0446,2.75
2025-11-22,N1,Volendam,Twente,0.1703,0.2025,0.6271,A,0.6493,1-2,0.098,1-1,D,0,0,0,1.597,A,-0.0402,-1.0
2025-11-22,G1,Asteras Tripolis,Panetolikos,0.4862,0.2889,0.225,H,0.4242,1-1,0.1358,1-1,D,0,1,1,1.2418,,,
2025-11-22,G1,Olympiakos,Atromitos,0.8484,0.103,0.0486,H,0.6198,2-0,0.1547,3-0,H,1,0,1,0.1644,,,
2025-11-22,N1,Ajax,Excelsior,0.7834,0.1451,0.0715,H,0.6819,2-0,0.1116,1-2,A,0,0,1,2.6377,H,0.0534,-1.0
2025-11-22,F1,Paris SG,Le Havre,0.8536,0.1008,0.0456,H,0.7054,2-0,0.1222,3-0,H,1,0,1,0.1583,,,
2025-11-22,F1,Rennes,Monaco,0.3795,0.273,0.3475,H,0.5519,1-1,0.1277,4-1,H,1,0,1,0.9688,,,
2025-11-22,F1,Lens,Strasbourg,0.503,0.261,0.236,H,0.5507,1-1,0.1228,1-0,H,1,0,0,0.6872,H,-0.0639,1.05
2025-11-22,I1,Fiorentina,Juventus,0.2138,0.2567,0.5295,A,0.5008,1-1,0.1224,1-1,D,0,1,0,1.3599,A,-0.0244,-1.0
2025-11-22,N1,Heracles,Go Ahead Eagles,0.2581,0.26,0.4819,A,0.5835,1-1,0.1203,4-2,H,0,0,1,1.3543,A,-0.0741,-1.0
2025-11-22,I1,Napoli,Atalanta,0.5792,0.2443,0.1765,H,0.4322,1-0,0.1535,3-1,H,1,0,0,0.5462,H,-0.0779,1.25
2025-11-22,SC0,Dundee United,Falkirk,0.4532,0.2867,0.26,H,0.5604,1-1,0.1335,0-3,A,0,0,1,1.3469,,,
2025-11-22,D1,Bayern Munich,Freiburg,0.8416,0.1016,0.0568,H,0.7285,2-0,0.1102,6-2,H,1,0,1,0.1725,,,
2025-11-22,E1,Oxford,Middlesbrough,0.3436,0.2616,0.3948,A,0.4636,1-1,0.1245,1-1,D,0,1,1,1.3411,H,-0.016,-1.0
2025-11-22,E1,Leicester,Stoke,0.4226,0.2907,0.2868,H,0.4427,1-1,0.138,2-1,H,1,0,0,0.8614,A,0.0054,-1.0
2025-11-22,E1,Ipswich,Wrexham,0.4534,0.2783,0.2684,H,0.5217,1-1,0.1319,0-0,D,0,0,0,1.2792,A,-0.1935,-1.0
2025-11-22,D1,FC Koln,Ein Frankfurt,0.2782,0.2493,0.4725,A,0.5862,1-1,0.1149,3-4,A,1,0,1,0.7498,A,-0.1165,1.2
2025-11-22,D1,Wolfsburg,Leverkusen,0.1463,0.2021,0.6516,A,0.6152,0-2,0.1016,1-3,A,1,0,1,0.4283,A,-0.0148,1.0
2025-11-22,D1,Heidenheim,M'gladbach,0.3455,0.2826,0.3718,A,0.5407,1-1,0.1327,0-3,A,1,0,1,0.9893,H,-0.0698,-1.0
2025-11-22,D1,Dortmund,Stuttgart,0.4958,0.2738,0.2304,H,0.5153,1-1,0.1302,3-3,D,0,0,1,1.2954,D,0.0178,3.0
2025-11-22,E1,Derby,Watford,0.3838,0.28,0.3361,H,0.4414,1-1,0.1329,2-3,A,0,0,0,1.0902,,,
2025-11-22,E1,Portsmouth,Millwall,0.3493,0.2741,0.3766,A,0.4507,1-1,0.1303,3-1,H,0,0,0,1.0518,A,-0.1793,-1.0
2025-11-22,D1,Augsburg,Hamburg,0.4261,0.2889,0.2851,H,0.5413,1-1,0.1356,1-0,H,1,0,0,0.8532,,,
2025-11-22,E0,Wolves,Crystal Palace,0.2257,0.2352,0.5391,A,0.4588,0-1,0.1335,0-2,A,1,0,1,0.6179,A,0.0714,0.95
2025-11-22,E0,Liverpool,Nott'm Forest,0.6656,0.2163,0.1181,H,0.5771,2-0,0.113,0-3,A,0,0,1,2.1365,,,
2025-11-22,E0,Fulham,Sunderland,0.5709,0.2483,0.1808,H,0.519,1-1,0.1184,1-0,H,1,0,0,0.5605,H,0.0145,1.1
2025-11-22,E0,Brighton,Brentford,0.4531,0.2773,0.2696,H,0.5163,1-1,0.1316,2-1,H,1,0,1,0.7917,A,0.1142,-1.0
2025-11-22,E0,Bournemouth,West Ham,0.6114,0.2309,0.1577,H,0.5679,1-1,0.1091,2-2,D,0,0,1,1.4656,H,-0.0357,-1.0
2025-11-22,E0,Burnley,Chelsea,0.1758,0.2175,0.6067,A,0.5551,0-2,0.1055,0-2,A,1,1,0,0.4998,,,
2025-11-22,E1,Bristol City,Swansea,0.4427,0.2951,0.2622,H,0.4292,1-1,0.1396,3-0,H,1,0,0,0.815,,,
2025-11-22,E1,Charlton,Southampton,0.4342,0.2755,0.2903,H,0.4686,1-1,0.1312,1-5,A,0,0,0,1.2368,H,-0.0669,-1.0
2025-11-22,E0,Newcastle,Man City,0.2306,0.2371,0.5323,A,0.5679,1-1,0.1114,2-1,H,0,0,1,1.4671,A,0.0104,-1.0
2025-11-22,E1,Coventry,West Brom,0.5915,0.234,0.1745,H,0.5187,1-0,0.1145,3-2,H,1,0,1,0.5251,H,-0.1276,0.71
2025-11-22,E1,QPR,Hull,0.4397,0.2867,0.2736,H,0.4359,1-1,0.1358,3-2,H,1,0,0,0.8216,,,
2025-11-22,SP1,Alaves,Celta,0.4196,0.297,0.2834,H,0.3892,1-1,0.1379,0-1,A,0,0,1,1.2609,H,-0.0614,-1.0
2025-11-22,SC0,Hibernian,Dundee,0.7281,0.1624,0.1095,H,0.5568,2-0,0.1375,2-0,H,1,1,0,0.3174,,,
2025-11-22,T1,Galatasaray,Genclerbirligi,0.8537,0.1002,0.0461,H,0.6449,2-0,0.1469,3-2,H,1,0,1,0.1582,,,
2025-11-22,T1,Eyupspor,Karagumruk,0.4956,0.2864,0.218,H,0.438,1-1,0.1353,1-1,D,0,1,1,1.2504,D,0.0482,2.7
2025-11-22,T1,Kayserispor,Gaziantep,0.3651,0.2838,0.3511,H,0.5077,1-1,0.1348,0-3,A,0,0,1,1.0467,,,
2025-11-22,SP1,Barcelona,Ath Bilbao,0.7364,0.1682,0.0954,H,0.5895,2-0,0.1295,4-0,H,1,0,1,0.306,H,-0.049,0.36
2025-11-22,SP1,Osasuna,Sociedad,0.3636,0.2998,0.3366,H,0.4583,1-1,0.1428,1-3,A,0,0,0,1.0887,,,
2025-11-22,E1,Birmingham,Norwich,0.5149,0.2591,0.226,H,0.4565,1-0,0.1253,4-1,H,1,0,0,0.6637,A,0.0142,-1.0
2025-11-22,SC0,Kilmarnock,Motherwell,0.3885,0.299,0.3124,H,0.4496,1-1,0.1423,1-3,A,0,0,0,1.1633,H,-0.1571,-1.0
2025-11-22,SC0,Rangers,Livingston,0.8247,0.1213,0.054,H,0.6007,2-0,0.1536,2-1,H,1,0,1,0.1927,,,
2025-11-22,B1,Club Brugge,Charleroi,0.67,0.2043,0.1257,H,0.5627,2-0,0.1184,1-0,H,1,0,0,0.4005,H,-0.0828,0.44
2025-11-22,B1,Westerlo,Gent,0.4232,0.272,0.3048,H,0.4893,1-1,0.1296,0-0,D,0,0,1,1.302,,,
2025-11-22,B1,St. Gilloise,Cercle Brugge,0.7984,0.131,0.0706,H,0.7282,2-0,0.0992,2-0,H,1,1,0,0.2252,H,-0.0417,0.38
2025-11-22,SC0,St Mirren,Celtic,0.1069,0.1816,0.7115,A,0.5387,0-2,0.1376,0-1,A,1,0,0,0.3403,A,-0.0211,0.39
2025-11-22,SP1,Villarreal,Mallorca,0.7085,0.198,0.0934,H,0.507,1-0,0.1428,2-1,H,1,0,1,0.3446,H,0.0213,0.44
2025-11-23,E1,Sheffield Weds,Sheffield United,0.3202,0.2655,0.4143,A,0.4507,1-1,0.1261,0-3,A,1,0,0,0.8811,H,-0.0404,-1.0
2025-11-23,N1,Heerenveen,AZ Alkmaar,0.2364,0.2445,0.5191,A,0.6229,1-1,0.1097,3-1,H,0,0,1,1.4423,A,-0.1304,-1.0
2025-11-23,N1,Feyenoord,Nijmegen,0.7746,0.1449,0.0804,H,0.7039,2-0,0.1024,2-4,A,0,0,1,2.5203,H,-0.0278,-1.0
2025-11-23,N1,Telstar,Utrecht,0.255,0.263,0.4819,A,0.5964,1-1,0.1203,1-1,D,0,1,0,1.3354,,,
2025-11-23,N1,Groningen,Zwolle,0.5466,0.2399,0.2134,H,0.4874,1-0,0.117,2-2,D,0,0,0,1.4273,A,-0.1848,-1.0
2025-11-23,SC0,Aberdeen,Hearts,0.1955,0.2539,0.5506,A,0.5127,1-1,0.121,1-0,H,0,0,0,1.6322,A,-0.0995,-1.0
2025-11-23,I1,Cremonese,Roma,0.1467,0.2215,0.6318,A,0.5307,0-2,0.1176,1-3,A,1,0,1,0.4592,A,-0.069,0.62
2025-11-23,D1,RB Leipzig,Werder Bremen,0.5842,0.2344,0.1814,H,0.6342,1-1,0.1057,2-0,H,1,0,0,0.5375,D,0.0373,-1.0
2025-11-23,I1,Verona,Parma,0.4445,0.282,0.2734,H,0.4133,1-1,0.1322,1-2,A,0,0,0,1.2967,,,
2025-11-23,I1,Inter,Milan,0.5252,0.255,0.2198,H,0.5368,1-1,0.1209,0-1,A,0,0,0,1.515,,,
2025-11-23,T1,Rizespor,Fenerbahce,0.1044,0.1689,0.7266,A,0.6381,0-2,0.1129,2-5,A,1,0,1,0.3193,A,-0.0563,0.51
2025-11-23,T1,Alanyaspor,Kasimpasa,0.4675,0.2955,0.237,H,0.4346,1-1,0.1399,1-2,A,0,0,0,1.4398,D,0.0198,-1.0
2025-11-23,T1,Goztep,Kocaelispor,0.4881,0.2951,0.2168,H,0.4217,1-1,0.1388,0-0,D,0,0,1,1.2204,A,0.25,-1.0
2025-11-23,F1,Toulouse,Angers,0.5579,0.261,0.1811,H,0.4386,1-0,0.1357,0-1,A,0,0,1,1.7087,,,
2025-11-23,I1,Lazio,Lecce,0.6029,0.25,0.1471,H,0.4303,1-0,0.1478,2-0,H,1,0,1,0.5061,,,
2025-11-23,F1,Lille,Paris FC,0.6906,0.181,0.1284,H,0.6389,2-0,0.1043,4-2,H,1,0,1,0.3702,H,-0.0471,0.62
2025-11-23,B1,Antwerp,Dender,0.5067,0.2715,0.2219,H,0.5192,1-1,0.1291,1-2,A,0,0,1,1.5057,,,
2025-11-23,B1,RAAL La Louviere,Anderlecht,0.2258,0.2693,0.5049,A,0.5009,1-1,0.1283,0-1,A,1,0,0,0.6834,A,0.0053,0.91
2025-11-23,B1,Oud-Heverlee Leuven,St Truiden,0.3916,0.2966,0.3118,H,0.4975,1-1,0.141,1-2,A,0,0,0,1.1655,,,
2025-11-23,F1,Nantes,Lorient,0.3915,0.304,0.3045,H,0.4402,1-1,0.1445,1-1,D,0,1,1,1.1907,H,-0.1516,-1.0
2025-11-23,F1,Brest,Metz,0.5744,0.2614,0.1642,H,0.55,1-1,0.1236,3-2,H,1,0,1,0.5545,H,-0.027,0.8
2025-11-23,F1,Auxerre,Lyon,0.236,0.2464,0.5177,A,0.4617,0-1,0.1267,0-0,D,0,0,1,1.401,A,0.0,-1.0
2025-11-23,D1,St Pauli,Union Berlin,0.3522,0.2686,0.3792,A,0.5143,1-1,0.1275,0-1,A,1,0,0,0.9698,A,-0.0236,1.9
2025-11-23,B1,Genk,Mechelen,0.602,0.2285,0.1695,H,0.5894,1-1,0.1073,0-1,A,0,0,0,1.7749,,,
2025-11-23,T1,Besiktas,Samsunspor,0.4698,0.2847,0.2455,H,0.4823,1-1,0.1357,1-1,D,0,1,1,1.2564,,,
2025-11-23,SP1,Getafe,Ath Madrid,0.1297,0.1875,0.6829,A,0.5334,0-2,0.1314,0-1,A,1,0,0,0.3815,A,-0.0798,0.73
2025-11-23,SP1,Oviedo,Vallecano,0.3016,0.3014,0.397,A,0.4456,1-1,0.1433,0-0,D,0,0,1,1.1994,H,-0.0278,-1.0
2025-11-23,SP1,Elche,Real Madrid,0.1188,0.172,0.7092,A,0.5416,0-2,0.1347,2-2,D,0,0,1,1.7601,,,
2025-11-23,G1,Panserraikos,Panathinaikos,0.1,0.1814,0.7187,A,0.4899,0-2,0.152,0-3,A,1,0,0,0.3303,,,
2025-11-23,G1,PAOK,Kifisia,0.7622,0.1498,0.088,H,0.6085,2-0,0.1318,3-0,H,1,0,1,0.2715,,,
2025-11-23,G1,AEK,Aris,0.5531,0.249,0.1979,H,0.4252,1-0,0.1503,1-0,H,1,1,1,0.5922,A,0.0,-1.0
2025-11-23,E0,Arsenal,Tottenham,0.7836,0.1359,0.0804,H,0.6052,2-0,0.1395,4-1,H,1,0,1,0.2438,H,-0.034,0.42
2025-11-23,E0,Leeds,Aston Villa,0.2652,0.2681,0.4667,A,0.4334,1-1,0.1265,1-2,A,1,0,0,0.7621,A,0.048,1.4
2025-11-23,SP1,Betis,Girona,0.6691,0.2008,0.1302,H,0.5753,2-0,0.1155,1-1,D,0,0,0,1.6055,H,0.0,-1.0
2025-11-24,SP1,Espanol,Sevilla,0.4654,0.2866,0.2481,H,0.4351,1-1,0.1355,2-1,H,1,0,0,0.7649,,,
2025-11-24,G1,Volos NFC,Levadeiakos,0.3228,0.286,0.3912,A,0.5171,1-1,0.1355,1-2,A,1,0,1,0.9386,,,
2025-11-24,G1,Larisa,OFI Crete,0.3855,0.2949,0.3196,H,0.4006,1-1,0.1379,1-2,A,0,0,0,1.1407,A,-0.0441,2.25
2025-11-24,I1,Sassuolo,Pisa,0.4056,0.3011,0.2933,H,0.3924,1-1,0.1402,2-2,D,0,0,0,1.2002,A,-0.1238,-1.0
2025-11-24,E0,Man United,Everton,0.4766,0.2747,0.2487,H,0.4592,1-1,0.1306,0-1,A,0,0,1,1.3915,D,0.0336,-1.0
2025-11-24,I1,Torino,Como,0.3593,0.297,0.3437,H,0.362,1-1,0.1353,1-5,A,0,0,0,1.068,H,-0.0642,-1.0
2025-11-24,T1,Konyaspor,Antalyaspor,0.4777,0.2802,0.2421,H,0.4787,1-1,0.1336,0-0,D,0,0,1,1.2722,A,-0.006,-1.0
2025-11-24,T1,Buyuksehyr,Trabzonspor,0.2888,0.283,0.4282,A,0.4755,1-1,0.1349,3-4,A,1,0,0,0.8483,A,-0.1347,1.57
2025-11-25,E1,Hull,Ipswich,0.3294,0.2799,0.3907,A,0.5327,1-1,0.1319,0-2,A,1,0,0,0.9398,H,-0.0854,-1.0
2025-11-25,E1,Middlesbrough,Coventry,0.316,0.2841,0.3999,A,0.4919,1-1,0.1353,2-4,A,1,0,0,0.9166,A,-0.0154,1.55
2025-11-25,E1,Norwich,Oxford,0.3977,0.2883,0.314,H,0.4296,1-1,0.1364,1-1,D,0,1,1,1.2437,A,-0.0745,-1.0
2025-11-25,E1,Stoke,Charlton,0.4908,0.2626,0.2465,H,0.4316,1-0,0.1302,3-0,H,1,0,0,0.7117,A,0.0795,-1.0
2025-11-25,E1,Swansea,Derby,0.3939,0.2948,0.3113,H,0.4324,1-1,0.1397,1-2,A,0,0,0,1.167,A,-0.0191,2.6
2025-11-25,E1,Watford,Preston,0.4886,0.2689,0.2425,H,0.5173,1-1,0.1279,1-1,D,0,1,0,1.3134,,,
2025-11-25,E1,Southampton,Leicester,0.474,0.2574,0.2686,H,0.4932,1-1,0.1227,3-0,H,1,0,0,0.7466,,,
2025-11-25,SC0,Motherwell,Hibernian,0.3036,0.2922,0.4042,A,0.5321,1-1,0.1376,2-0,H,0,0,0,1.192,,,
2025-11-26,E1,Blackburn,QPR,0.4195,0.2762,0.3043,H,0.4434,1-1,0.131,0-1,A,0,0,1,1.1897,,,
2025-11-26,E1,West Brom,Birmingham,0.4002,0.287,0.3128,H,0.523,1-1,0.1357,1-1,D,0,1,0,1.2482,H,-0.1047,-1.0
2025-11-26,E1,Millwall,Sheffield Weds,0.6007,0.2429,0.1564,H,0.4642,1-0,0.1367,1-0,H,1,1,1,0.5097,,,
2025-11-26,E1,Sheffield United,Portsmouth,0.4903,0.269,0.2406,H,0.4764,1-1,0.1281,3-0,H,1,0,0,0.7127,A,-0.1262,-1.0
2025-11-26,E1,Wrexham,Bristol City,0.4449,0.2921,0.263,H,0.4158,1-1,0.1373,2-0,H,1,0,1,0.81,H,-0.0354,1.45
2025-11-28,SP1,Getafe,Elche,0.3942,0.2997,0.3061,H,0.4074,1-1,0.1407,1-0,H,1,0,1,0.9309,A,-0.0281,-1.0
2025-11-28,D1,M'gladbach,RB Leipzig,0.1963,0.238,0.5658,A,0.6172,1-1,0.1079,0-0,D,0,0,0,1.4357,A,-0.0213,-1.0
2025-11-28,E1,Oxford,Ipswich,0.2865,0.2664,0.4471,A,0.4845,1-1,0.127,2-1,H,0,0,0,1.2501,H,-0.1129,4.5
2025-11-28,I1,Como,Sassuolo,0.6157,0.2276,0.1568,H,0.4897,1-0,0.1297,2-0,H,1,0,1,0.485,H,-0.0749,0.73
2025-11-28,B1,Mechelen,Standard,0.4836,0.2843,0.2321,H,0.4724,1-1,0.1354,0-1,A,0,0,1,1.4604,H,-0.0756,-1.0
2025-11-28,P1,Guimaraes,AVS,0.6248,0.2402,0.135,H,0.5106,1-0,0.1193,4-0,H,1,0,1,0.4703,H,-0.0718,0.68
2025-11-28,F1,Metz,Rennes,0.2045,0.2353,0.5603,A,0.5328,1-1,0.1119,0-1,A,1,0,0,0.5793,A,-0.0561,0.85
2025-11-28,N1,Zwolle,Heerenveen,0.2753,0.2891,0.4356,A,0.5295,1-1,0.1364,2-1,H,0,0,1,1.2899,D,0.0204,-1.0
2025-11-28,T1,Kocaelispor,Genclerbirligi,0.5439,0.2705,0.1857,H,0.484,1-1,0.1288,1-0,H,1,0,1,0.6091,H,0.0585,0.81
2025-11-29,I1,Parma,Udinese,0.3655,0.3012,0.3333,H,0.3972,1-1,0.1408,0-2,A,0,0,1,1.0987,,,
2025-11-29,I1,Genoa,Verona,0.4499,0.2834,0.2667,H,0.4525,1-1,0.1347,2-1,H,1,0,0,0.7987,A,-0.17,-1.0
2025-11-29,I1,Juventus,Cagliari,0.7612,0.1609,0.0779,H,0.5874,2-0,0.1363,2-1,H,1,0,1,0.2729,,,
2025-11-29,SP1,Mallorca,Osasuna,0.4321,0.299,0.2689,H,0.4331,1-1,0.1417,2-2,D,0,0,0,1.2074,,,
2025-11-29,I1,Milan,Lazio,0.5056,0.2836,0.2108,H,0.4118,1-0,0.1381,1-0,H,1,1,1,0.682,A,0.0195,-1.0
2025-11-29,SP1,Barcelona,Alaves,0.8228,0.1224,0.0548,H,0.6561,2-0,0.1308,3-1,H,1,0,1,0.1951,,,
2025-11-29,SP1,Ath Madrid,Oviedo,0.8287,0.1139,0.0574,H,0.6224,2-0,0.1467,2-0,H,1,1,0,0.1879,,,
2025-11-29,SP1,Levante,Ath Bilbao,0.2745,0.2636,0.4618,A,0.4782,1-1,0.1256,0-2,A,1,0,1,0.7725,,,
2025-11-29,E1,Portsmouth,Bristol City,0.4031,0.2799,0.317,H,0.4345,1-1,0.1325,0-1,A,0,0,1,1.149,H,0.0289,-1.0
2025-11-29,B1,Charleroi,RAAL La Louviere,0.5112,0.2849,0.2039,H,0.4524,1-1,0.135,0-0,D,0,0,1,1.2558,,,
2025-11-29,B1,Waregem,Cercle Brugge,0.4643,0.2729,0.2628,H,0.541,1-1,0.1286,1-1,D,0,1,0,1.2986,H,-0.1667,-1.0
2025-11-29,B1,Dender,Westerlo,0.3742,0.2869,0.3388,H,0.5003,1-1,0.1364,2-2,D,0,0,1,1.2485,,,
2025-11-29,G1,OFI Crete,Volos NFC,0.3461,0.2963,0.3576,A,0.4397,1-1,0.1407,0-1,A,1,0,1,1.0282,,,
2025-11-29,G1,Kifisia,Panserraikos,0.5871,0.2402,0.1726,H,0.3809,1-0,0.1714,3-0,H,1,0,0,0.5325,,,
2025-11-29,F1,Monaco,Paris SG,0.1766,0.2184,0.605,A,0.6365,1-1,0.0991,1-0,H,0,0,0,1.7337,,,
2025-11-29,F1,Paris FC,Auxerre,0.4789,0.2757,0.2454,H,0.4377,1-1,0.1303,1-1,D,0,1,1,1.2883,A,0.0227,-1.0
2025-11-29,F1,Marseille,Toulouse,0.7274,0.167,0.1056,H,0.5865,2-0,0.1276,2-2,D,0,0,1,1.7896,H,-0.0476,-1.0
2025-11-29,N1,Nijmegen,Sparta Rotterdam,0.5466,0.2646,0.1888,H,0.5339,1-1,0.1256,3-1,H,1,0,1,0.6041,D,-0.0023,-1.0
2025-11-29,N1,For Sittard,Heracles,0.4368,0.2908,0.2723,H,0.5619,1-1,0.1349,1-1,D,0,1,0,1.235,,,
2025-11-29,N1,Excelsior,NAC Breda,0.4121,0.2852,0.3026,H,0.5103,1-1,0.1354,1-0,H,1,0,0,0.8864,,,
2025-11-29,SC0,Kilmarnock,Dundee United,0.366,0.2875,0.3465,H,0.4897,1-1,0.1369,1-1,D,0,1,1,1.2464,,,
2025-11-29,SC0,Motherwell,Hearts,0.2472,0.2633,0.4895,A,0.4926,1-1,0.1255,0-0,D,0,0,1,1.3345,,,
2025-11-29,SC0,Dundee,St Mirren,0.3294,0.2785,0.3921,A,0.4243,1-1,0.1313,3-1,H,0,0,0,1.1104,H,0.0,2.5
2025-11-29,E1,Stoke,Hull,0.5288,0.2578,0.2134,H,0.4602,1-0,0.1248,1-2,A,0,0,0,1.5447,,,
2025-11-29,G1,Aris,Larisa,0.6519,0.2296,0.1185,H,0.4598,1-0,0.1467,2-1,H,1,0,0,0.4278,H,0.0753,0.57
2025-11-29,T1,Trabzonspor,Konyaspor,0.6372,0.2202,0.1426,H,0.5987,2-1,0.1049,3-1,H,1,0,1,0.4506,H,0.019,0.61
2025-11-29,E0,Tottenham,Fulham,0.3968,0.2833,0.3199,H,0.4757,1-1,0.135,1-2,A,0,0,0,1.1397,A,0.0577,2.3
2025-11-29,E0,Brentford,Burnley,0.6057,0.2315,0.1628,H,0.5582,1-1,0.1097,3-1,H,1,0,1,0.5013,,,
2025-11-29,E0,Man City,Leeds,0.7603,0.1567,0.0831,H,0.6046,2-0,0.131,3-2,H,1,0,1,0.2741,,,
2025-11-29,E0,Sunderland,Bournemouth,0.2256,0.244,0.5304,A,0.5146,1-1,0.1162,3-2,H,0,0,1,1.4888,A,-0.0043,-1.0
2025-11-29,E0,Everton,Newcastle,0.3597,0.2924,0.3479,H,0.4321,1-1,0.1386,1-4,A,0,0,0,1.0558,,,
2025-11-29,P1,Moreirense,Famalicao,0.3211,0.2953,0.3835,A,0.4219,1-1,0.1395,2-2,D,0,0,0,1.2197,H,0.0526,-1.0
2025-11-29,P1,Nacional,Benfica,0.1075,0.1583,0.7342,A,0.5791,0-2,0.1332,1-2,A,1,0,1,0.3089,A,-0.0146,0.35
2025-11-29,P1,Gil Vicente,Tondela,0.6302,0.2224,0.1474,H,0.4985,1-0,0.1273,0-1,A,0,0,1,1.9144,H,-0.0473,-1.0
2025-11-29,E1,Wrexham,Blackburn,0.4701,0.2879,0.242,H,0.4297,1-1,0.1359,1-1,D,0,1,1,1.245,H,-0.0529,-1.0
2025-11-29,E1,West Brom,Swansea,0.4682,0.2752,0.2567,H,0.4368,1-1,0.1301,3-2,H,1,0,0,0.759,A,-0.0807,-1.0
2025-11-29,D1,Bayern Munich,St Pauli,0.8977,0.0689,0.0334,H,0.8329,4-0,0.106,3-1,H,1,0,1,0.1079,,,
2025-11-29,P1,Casa Pia,Alverca,0.4033,0.2962,0.3005,H,0.4646,1-1,0.1411,0-2,A,0,0,1,1.2022,,,
2025-11-29,D1,Union Berlin,Heidenheim,0.5716,0.256,0.1724,H,0.5141,1-1,0.122,1-2,A,0,0,1,1.758,,,
2025-11-29,D1,Werder Bremen,FC Koln,0.5026,0.2696,0.2278,H,0.5814,1-1,0.1246,1-1,D,0,1,0,1.311,H,0.0,-1.0
2025-11-29,D1,Hoffenheim,Augsburg,0.5539,0.2572,0.1889,H,0.5735,1-1,0.1201,3-0,H,1,0,1,0.5907,D,0.0484,-1.0
2025-11-29,D1,Leverkusen,Dortmund,0.4931,0.266,0.2409,H,0.5862,1-1,0.1227,1-2,A,0,0,1,1.4234,H,-0.0794,-1.0
2025-11-29,E1,Leicester,Sheffield United,0.3886,0.2811,0.3303,H,0.4707,1-1,0.134,2-3,A,0,0,0,1.1077,,,
2025-11-29,E1,Coventry,Charlton,0.7151,0.1683,0.1165,H,0.6389,2-0,0.1102,3-1,H,1,0,1,0.3353,H,-0.0405,0.42
2025-11-29,E1,Middlesbrough,Derby,0.4571,0.293,0.25,H,0.4828,1-1,0.1396,2-1,H,1,0,0,0.7829,A,0.2346,-1.0
2025-11-29,E1,Millwall,Southampton,0.39,0.2923,0.3177,H,0.5036,1-1,0.1389,3-2,H,1,0,1,0.9416,H,-0.0317,2.05
2025-11-29,T1,Kasimpasa,Buyuksehyr,0.4132,0.2985,0.2883,H,0.4363,1-1,0.1416,1-3,A,0,0,0,1.2438,H,-0.0673,-1.0
2025-11-29,E1,Sheffield Weds,Preston,0.2996,0.2685,0.4319,A,0.4299,1-1,0.1268,2-3,A,1,0,0,0.8396,,,
2025-11-29,T1,Gaziantep,Eyupspor,0.5477,0.269,0.1833,H,0.5027,1-1,0.1282,1-2,A,0,0,1,1.6965,H,-0.095,-1.0
2025-11-29,T1,Rizespor,Kayserispor,0.4463,0.2921,0.2616,H,0.5193,1-1,0.1384,0-1,A,0,0,0,1.3409,D,0.0054,-1.0
2025-11-29,E1,Norwich,QPR,0.3544,0.2723,0.3734,A,0.4567,1-1,0.1295,3-1,H,0,0,0,1.0374,,,
2025-11-30,F1,Strasbourg,Brest,0.5157,0.2637,0.2206,H,0.5274,1-1,0.1252,1-2,A,0,0,1,1.5114,,,
2025-11-30,F1,Angers,Lens,0.1725,0.237,0.5905,A,0.5072,0-1,0.1183,1-2,A,1,0,1,0.5268,A,0.0294,0.75
2025-11-30,F1,Lyon,Nantes,0.6839,0.1984,0.1177,H,0.5421,2-0,0.1276,3-0,H,1,0,1,0.3799,,,
2025-11-30,G1,Panathinaikos,AEK,0.4948,0.2784,0.2269,H,0.3672,1-0,0.1596,2-3,A,0,0,0,1.4833,H,-0.0302,-1.0
2025-11-30,F1,Lorient,Nice,0.3318,0.2748,0.3934,A,0.4443,1-1,0.1304,3-1,H,0,0,0,1.1031,A,-0.0495,-1.0
2025-11-30,F1,Le Havre,Lille,0.1796,0.2303,0.5901,A,0.4895,0-1,0.126,0-1,A,1,1,1,0.5274,A,0.0221,0.85
2025-11-30,P1,Rio Ave,Santa Clara,0.3123,0.2967,0.391,A,0.44,1-1,0.1409,1-1,D,0,1,1,1.2152,,,
2025-11-30,G1,Levadeiakos,PAOK,0.2145,0.2404,0.5451,A,0.5865,1-1,0.1124,2-3,A,1,0,1,0.6067,,,
2025-11-30,SP1,Sociedad,Villarreal,0.2506,0.2608,0.4886,A,0.5316,1-1,0.1235,2-3,A,1,0,1,0.7162,A,-0.0467,1.45
2025-11-30,B1,Genk,Oud-Heverlee Leuven,0.5979,0.2318,0.1703,H,0.5963,1-1,0.1079,2-1,H,1,0,1,0.5143,,,
2025-11-30,B1,Anderlecht,St. Gilloise,0.2487,0.251,0.5004,A,0.4595,0-1,0.1238,1-0,H,0,0,1,1.3917,A,0.0465,-1.0
2025-11-30,B1,Gent,St Truiden,0.4233,0.293,0.2838,H,0.5328,1-1,0.138,1-2,A,0,0,1,1.2596,,,
2025-11-30,T1,Karagumruk,Besiktas,0.2183,0.2484,0.5333,A,0.5478,1-1,0.1175,0-2,A,1,0,0,0.6287,,,
2025-11-30,T1,Antalyaspor,Goztep,0.3383,0.3067,0.355,A,0.4452,1-1,0.1459,1-2,A,1,0,0,1.0355,H,-0.0951,-1.0
2025-11-30,P1,Sp Lisbon,Estrela,0.886,0.0765,0.0375,H,0.6118,2-0,0.1722,4-0,H,1,0,1,0.121,,,
2025-11-30,D1,Freiburg,Mainz,0.5437,0.2628,0.1935,H,0.5435,1-1,0.1243,4-0,H,1,0,1,0.6094,H,0.0914,0.91
2025-11-30,D1,Ein Frankfurt,Wolfsburg,0.6516,0.2079,0.1405,H,0.6268,2-1,0.0996,1-1,D,0,0,0,1.5708,H,-0.1218,-1.0
2025-11-30,D1,Hamburg,Stuttgart,0.2211,0.2223,0.5567,A,0.6173,1-1,0.1016,2-1,H,0,0,1,1.5092,A,-0.1304,-1.0
2025-11-30,B1,Club Brugge,Antwerp,0.6897,0.2024,0.1079,H,0.54,2-0,0.128,0-1,A,0,0,0,2.2264,,,
2025-11-30,SP1,Sevilla,Betis,0.2306,0.2647,0.5046,A,0.5137,1-1,0.126,0-2,A,1,0,0,0.684,A,-0.125,1.38
2025-11-30,SP1,Celta,Espanol,0.4294,0.3068,0.2638,H,0.4682,1-1,0.1462,0-1,A,0,0,1,1.3324,D,-0.0196,-1.0
2025-11-30,SP1,Girona,Real Madrid,0.1018,0.1662,0.732,A,0.6854,0-2,0.0992,1-1,D,0,0,0,1.7943,A,0.0145,-1.0
2025-11-30,E0,Chelsea,Arsenal,0.3008,0.2769,0.4223,A,0.4672,1-1,0.1319,1-1,D,0,1,1,1.2841,,,
2025-11-30,E0,West Ham,Liverpool,0.2245,0.2495,0.5259,A,0.5623,1-1,0.1173,0-2,A,1,0,0,0.6426,D,-0.0884,-1.0
2025-11-30,E0,Nott'm Forest,Brighton,0.3277,0.2634,0.4088,A,0.5272,1-1,0.1247,0-2,A,1,0,0,0.8945,A,0.0233,1.63
2025-11-30,E0,Aston Villa,Wolves,0.7401,0.1746,0.0853,H,0.5297,2-0,0.1458,1-0,H,1,0,0,0.3009,H,0.0204,0.5
2025-11-30,E0,Crystal Palace,Man United,0.4833,0.273,0.2438,H,0.5069,1-1,0.1299,1-2,A,0,0,1,1.4114,H,0.0952,-1.0
2025-11-30,G1,Atromitos,Asteras Tripolis,0.3759,0.2996,0.3245,H,0.4416,1-1,0.1424,0-1,A,0,0,1,1.1254,A,0.1864,2.5
2025-11-30,P1,Porto,Estoril,0.8334,0.1123,0.0543,H,0.6416,2-0,0.141,1-0,H,1,0,0,0.1822,,,
2025-11-30,G1,Panetolikos,Olympiakos,0.0906,0.1519,0.7575,A,0.5925,0-2,0.1359,0-1,A,1,0,0,0.2777,,,
2025-11-30,I1,Roma,Napoli,0.4075,0.2847,0.3078,H,0.4516,1-1,0.1354,0-1,A,0,0,1,1.1783,H,-0.0909,-1.0
2025-11-30,N1,Twente,AZ Alkmaar,0.461,0.2606,0.2783,H,0.6006,1-1,0.1187,1-0,H,1,0,0,0.7743,H,-0.009,1.2
2025-11-30,I1,Atalanta,Fiorentina,0.558,0.2621,0.1799,H,0.455,1-0,0.1329,2-0,H,1,0,1,0.5834,,,
2025-11-30,N1,Telstar,Feyenoord,0.1314,0.1926,0.676,A,0.6544,1-2,0.1085,1-2,A,1,1,1,0.3915,,,
2025-11-30,I1,Pisa,Inter,0.1227,0.201,0.6763,A,0.5619,0-2,0.12,0-2,A,1,1,0,0.3912,D,-0.1221,-1.0
2025-11-30,I1,Lecce,Torino,0.3322,0.2759,0.3919,A,0.4694,1-1,0.1315,2-1,H,0,0,0,1.1021,A,-0.0037,-1.0
2025-11-30,N1,Go Ahead Eagles,Utrecht,0.3526,0.2893,0.3581,A,0.555,1-1,0.1346,2-2,D,0,0,1,1.2404,,,
2025-11-30,N1,PSV Eindhoven,Volendam,0.8794,0.0817,0.0389,H,0.806,3-0,0.1025,3-0,H,1,1,1,0.1285,,,
2025-11-30,SC0,Livingston,Aberdeen,0.3179,0.2882,0.394,A,0.3984,1-1,0.1343,0-1,A,1,0,1,0.9315,,,
2025-11-30,SC0,Rangers,Falkirk,0.7431,0.1698,0.0871,H,0.571,2-0,0.1365,0-0,D,0,0,0,1.773,H,-0.0753,-1.0
2025-11-30,SC0,Hibernian,Celtic,0.1784,0.2245,0.5971,A,0.576,1-1,0.1057,1-2,A,1,0,1,0.5157,A,-0.0455,0.68
2025-12-01,SP1,Vallecano,Valencia,0.5197,0.281,0.1993,H,0.4189,1-0,0.1371,1-1,D,0,0,1,1.2696,H,-0.0758,-1.0
2025-12-01,I1,Bologna,Cremonese,0.7708,0.1517,0.0774,H,0.5298,2-0,0.1575,1-3,A,0,0,1,2.5583,H,-0.039,-1.0
2025-12-01,T1,Samsunspor,Alanyaspor,0.5826,0.2485,0.1689,H,0.4766,1-0,0.1322,1-1,D,0,0,1,1.3923,H,-0.033,-1.0
2025-12-01,E1,Birmingham,Watford,0.4071,0.2799,0.313,H,0.5016,1-1,0.1332,2-1,H,1,0,1,0.8988,A,-0.0648,-1.0
2025-12-01,T1,Fenerbahce,Galatasaray,0.5125,0.2549,0.2326,H,0.5736,1-1,0.1189,1-1,D,0,1,0,1.3668,H,-0.0789,-1.0
2025-12-01,P1,Arouca,Sp Braga,0.1318,0.1873,0.6809,A,0.5732,0-2,0.1199,0-4,A,1,0,1,0.3843,A,0.0,0.49
2025-12-02,E0,Bournemouth,Everton,0.5126,0.2694,0.218,H,0.4499,1-1,0.1276,0-1,A,0,0,1,1.5233,H,-0.0135,-1.0
2025-12-02,N1,Ajax,Groningen,0.6065,0.2248,0.1687,H,0.6358,1-1,0.1031,2-0,H,1,0,0,0.5,H,-0.1692,0.67
2025-12-02,E0,Fulham,Man City,0.2064,0.2135,0.58,A,0.5709,1-2,0.1038,4-5,A,1,0,1,0.5446,A,0.0422,0.73
2025-12-02,E0,Newcastle,Tottenham,0.5908,0.2404,0.1688,H,0.5422,1-1,0.1143,2-2,D,0,0,1,1.4256,H,-0.0108,-1.0
2025-12-02,SP1,Barcelona,Ath Madrid,0.5149,0.2761,0.209,H,0.5481,1-1,0.1299,3-1,H,1,0,1,0.6638,D,-0.0646,-1.0
2025-12-02,E1,Blackburn,Ipswich,0.3395,0.2879,0.3726,A,0.4782,1-1,0.1372,1-1,D,0,1,1,1.245,H,-0.0051,-1.0
2025-12-03,E0,Wolves,Nott'm Forest,0.2808,0.2835,0.4357,A,0.4376,1-1,0.134,0-1,A,1,0,1,0.8307,,,
2025-12-03,E0,Burnley,Crystal Palace,0.2474,0.2608,0.4918,A,0.5052,1-1,0.1243,0-1,A,1,0,0,0.7098,H,-0.1089,-1.0
2025-12-03,E0,Liverpool,Sunderland,0.7334,0.1804,0.0862,H,0.6173,2-0,0.1196,1-1,D,0,0,0,1.7123,H,0.0,-1.0
2025-12-03,SC0,Aberdeen,St Mirren,0.503,0.2852,0.2118,H,0.3879,1-0,0.1451,3-3,D,0,0,0,1.2546,H,-0.0227,-1.0
2025-12-03,SC0,Celtic,Dundee,0.8803,0.0804,0.0394,H,0.6667,2-0,0.1476,1-0,H,1,0,0,0.1275,,,
2025-12-03,SC0,Dundee United,Rangers,0.1934,0.2463,0.5603,A,0.5197,1-1,0.1173,2-2,D,0,0,1,1.4014,,,
2025-12-03,SP1,Ath Bilbao,Real Madrid,0.1878,0.2244,0.5878,A,0.5665,1-1,0.1059,0-3,A,1,0,1,0.5314,A,-0.0476,0.8
2025-12-03,E0,Brighton,Aston Villa,0.4131,0.2987,0.2883,H,0.462,1-1,0.1423,3-4,A,0,0,0,1.2439,,,
2025-12-03,E0,Arsenal,Brentford,0.7507,0.1545,0.0948,H,0.7028,2-1,0.098,2-0,H,1,0,0,0.2867,H,-0.0556,0.36
2025-12-03,SC0,Falkirk,Motherwell,0.3887,0.2982,0.3131,H,0.4927,1-1,0.1419,0-0,D,0,0,1,1.2099,,,
2025-12-03,SC0,Hearts,Kilmarnock,0.7357,0.1616,0.1028,H,0.5612,2-0,0.1385,1-1,D,0,0,0,1.8227,H,0.0887,-1.0
2025-12-03,E0,Leeds,Chelsea,0.2105,0.2242,0.5653,A,0.5733,1-2,0.1055,3-1,H,0,0,1,1.5582,A,-0.0955,-1.0
2025-12-04,E0,Man United,West Ham,0.6292,0.2201,0.1508,H,0.5842,1-1,0.1039,1-1,D,0,1,0,1.5138,D,-0.0385,4.0
2025-12-05,D1,Mainz,M'gladbach,0.3731,0.2954,0.3314,H,0.5341,1-1,0.1388,0-1,A,0,0,0,1.1043,,,
2025-12-05,P1,Benfica,Sp Lisbon,0.3603,0.2947,0.3451,H,0.5179,1-1,0.1394,1-1,D,0,1,0,1.2219,,,
2025-12-05,E1,Hull,Middlesbrough,0.3559,0.2816,0.3625,A,0.4712,1-1,0.1342,1-4,A,1,0,0,1.0148,H,0.0424,-1.0
2025-12-05,F1,Lille,Marseille,0.3726,0.2744,0.353,H,0.5552,1-1,0.1281,1-0,H,1,0,0,0.9873,,,
2025-12-05,B1,RAAL La Louviere,Dender,0.4337,0.2941,0.2722,H,0.4901,1-1,0.1401,1-2,A,0,0,0,1.3011,,,
2025-12-05,N1,Excelsior,Groningen,0.2984,0.2891,0.4125,A,0.5344,1-1,0.136,0-2,A,1,0,0,0.8856,,,
2025-12-05,SP1,Oviedo,Mallorca,0.3899,0.3041,0.306,H,0.4191,1-1,0.1436,0-0,D,0,0,1,1.1904,,,
2025-12-05,F1,Brest,Monaco,0.3426,0.2835,0.3739,A,0.4798,1-1,0.1351,1-0,H,0,0,1,1.0712,H,-0.0704,2.3
2025-12-05,T1,Galatasaray,Samsunspor,0.7067,0.1878,0.1055,H,0.6228,2-0,0.1113,3-2,H,1,0,1,0.3471,H,-0.0068,0.45
2025-12-06,I1,Inter,Como,0.6391,0.2151,0.1458,H,0.54,2-0,0.117,4-0,H,1,0,1,0.4477,,,
2025-12-06,E0,Aston Villa,Arsenal,0.2592,0.2666,0.4741,A,0.4865,1-1,0.1271,2-1,H,0,0,0,1.3501,H,-0.0667,3.2
2025-12-06,E0,Bournemouth,Chelsea,0.2943,0.26,0.4457,A,0.5043,1-1,0.1237,0-0,D,0,0,0,1.3472,,,
2025-12-06,I1,Sassuolo,Fiorentina,0.369,0.2824,0.3486,H,0.4563,1-1,0.1344,3-1,H,1,0,0,0.9969,H,-0.0103,1.88
2025-12-06,E1,QPR,West Brom,0.4136,0.2911,0.2953,H,0.4462,1-1,0.1383,3-1,H,1,0,0,0.8829,,,
2025-12-06,E1,Southampton,Birmingham,0.4865,0.2654,0.2481,H,0.562,1-1,0.124,3-1,H,1,0,1,0.7204,H,-0.0175,1.25
2025-12-06,E1,Sheffield United,Stoke,0.4395,0.2785,0.282,H,0.4968,1-1,0.1326,4-0,H,1,0,0,0.8221,,,
2025-12-06,E1,Swansea,Oxford,0.3849,0.2856,0.3295,H,0.4697,1-1,0.1361,2-0,H,1,0,1,0.9547,A,-0.0374,-1.0
2025-12-06,B1,St. Gilloise,Gent,0.7748,0.1475,0.0777,H,0.6211,2-0,0.1296,1-1,D,0,0,0,1.9139,H,0.0376,-1.0
2025-12-06,E0,Everton,Nott'm Forest,0.4078,0.2993,0.2929,H,0.4687,1-1,0.1427,3-0,H,1,0,0,0.897,,,
2025-12-06,E0,Man City,Sunderland,0.804,0.1295,0.0665,H,0.6648,2-0,0.1236,3-0,H,1,0,1,0.2182,,,
2025-12-06,E0,Newcastle,Burnley,0.6712,0.1996,0.1292,H,0.5696,2-0,0.1169,2-1,H,1,0,1,0.3987,D,0.0435,-1.0
2025-12-06,B1,Cercle Brugge,Standard,0.3902,0.2979,0.3119,H,0.4673,1-1,0.142,1-2,A,0,0,0,1.1652,A,0.0513,3.1
2025-12-06,E0,Tottenham,Brentford,0.3304,0.2683,0.4014,A,0.4858,1-1,0.1279,2-0,H,0,0,1,1.1075,A,0.0,-1.0
2025-12-06,E0,Leeds,Liverpool,0.2868,0.2547,0.4585,A,0.542,1-1,0.1202,3-3,D,0,0,1,1.3676,H,-0.1703,-1.0
2025-12-06,B1,St Truiden,Club Brugge,0.2265,0.252,0.5215,A,0.5549,1-1,0.1185,3-2,H,0,0,1,1.4849,,,
2025-12-06,E1,Bristol City,Millwall,0.3857,0.2863,0.328,H,0.4843,1-1,0.1364,0-1,A,0,0,1,1.1148,A,-0.1153,2.3
2025-12-06,SC0,Kilmarnock,Rangers,0.1705,0.2226,0.6069,A,0.5221,0-1,0.1183,0-3,A,1,0,1,0.4994,,,
2025-12-06,E1,Preston,Wrexham,0.3853,0.2955,0.3192,H,0.422,1-1,0.1396,1-1,D,0,1,1,1.2191,,,
2025-12-06,I1,Verona,Atalanta,0.2629,0.2531,0.484,A,0.4662,1-1,0.1204,3-1,H,0,0,0,1.3359,H,-0.1667,4.0
2025-12-06,E1,Watford,Norwich,0.5261,0.2637,0.2103,H,0.4992,1-1,0.1257,3-2,H,1,0,0,0.6423,,,
2025-12-06,E1,Ipswich,Coventry,0.3124,0.2645,0.4231,A,0.5123,1-1,0.1257,3-0,H,0,0,1,1.1635,A,-0.1713,-1.0
2025-12-06,SP1,Villarreal,Getafe,0.7643,0.1598,0.0759,H,0.5481,2-0,0.1501,2-0,H,1,1,0,0.2688,H,-0.0122,0.62
2025-12-06,P1,AVS,Rio Ave,0.3781,0.2798,0.3421,H,0.4622,1-1,0.1333,1-2,A,0,0,0,1.0727,H,-0.0723,-1.0
2025-12-06,P1,Santa Clara,Casa Pia,0.5118,0.2795,0.2087,H,0.4632,1-1,0.1329,1-0,H,1,0,1,0.6699,,,
2025-12-06,D1,Heidenheim,Freiburg,0.2703,0.2398,0.4899,A,0.5493,1-1,0.1131,2-1,H,0,0,1,1.3082,,,
2025-12-06,D1,Stuttgart,Bayern Munich,0.1629,0.1951,0.642,A,0.7135,1-2,0.0912,0-5,A,1,0,1,0.4431,,,
2025-12-06,D1,Wolfsburg,Union Berlin,0.3941,0.297,0.3089,H,0.5216,1-1,0.1403,3-1,H,1,0,1,0.9311,A,-0.1139,-1.0
2025-12-06,D1,RB Leipzig,Ein Frankfurt,0.56,0.2421,0.1979,H,0.5888,1-1,0.1126,6-0,H,1,0,1,0.5799,,,
2025-12-06,D1,Augsburg,Leverkusen,0.1535,0.2014,0.6451,A,0.6123,1-2,0.1035,2-0,H,0,0,0,1.8741,A,-0.1244,-1.0
2025-12-06,SC0,Dundee,Aberdeen,0.2728,0.2801,0.4471,A,0.4473,1-1,0.133,1-3,A,1,0,0,0.8049,,,
2025-12-06,SP1,Ath Bilbao,Ath Madrid,0.2302,0.2648,0.505,A,0.5115,1-1,0.126,1-0,H,0,0,0,1.4687,A,-0.1445,-1.0
2025-12-06,SP1,Betis,Barcelona,0.2413,0.2427,0.516,A,0.6031,1-1,0.1113,3-5,A,1,0,1,0.6617,D,0.0949,-1.0
2025-12-06,E1,Derby,Leicester,0.4179,0.2825,0.2996,H,0.4557,1-1,0.1344,1-3,A,0,0,0,1.2053,H,-0.0323,-1.0
2025-12-06,SC0,Hibernian,Falkirk,0.5385,0.2745,0.187,H,0.4545,1-1,0.13,3-0,H,1,0,0,0.619,D,0.0811,-1.0
2025-12-06,SP1,Alaves,Sociedad,0.3569,0.3062,0.3368,H,0.4447,1-1,0.1457,1-0,H,1,0,1,1.0302,,,
2025-12-06,P1,Famalicao,Sp Braga,0.2332,0.2587,0.508,A,0.473,1-1,0.1232,1-2,A,1,0,0,0.6772,A,-0.0807,1.05
2025-12-06,D1,FC Koln,St Pauli,0.5318,0.2577,0.2105,H,0.5523,1-1,0.1216,1-1,D,0,1,0,1.3558,H,-0.0488,-1.0
2025-12-06,F1,Toulouse,Strasbourg,0.3985,0.2845,0.317,H,0.5055,1-1,0.1352,1-0,H,1,0,0,0.9201,,,
2025-12-06,F1,Nantes,Lens,0.166,0.219,0.615,A,0.5157,0-1,0.1201,1-2,A,1,0,1,0.4861,A,-0.0058,0.7
2025-12-06,T1,Eyupspor,Kayserispor,0.4753,0.2877,0.2371,H,0.4765,1-1,0.1371,1-1,D,0,1,1,1.246,D,0.0746,2.6
2025-12-06,T1,Konyaspor,Rizespor,0.5118,0.2803,0.208,H,0.4735,1-1,0.1334,1-1,D,0,1,1,1.272,H,-0.3423,-1.0
2025-12-06,T1,Buyuksehyr,Fenerbahce,0.1162,0.1853,0.6985,A,0.6809,1-2,0.0983,1-1,D,0,0,0,1.686,A,-0.1789,-1.0
2025-12-06,G1,Volos NFC,Kifisia,0.4684,0.2876,0.244,H,0.4798,1-1,0.1371,1-1,D,0,1,1,1.2461,,,
2025-12-06,G1,Olympiakos,OFI Crete,0.8833,0.0782,0.0385,H,0.6423,2-0,0.1597,3-0,H,1,0,1,0.1241,,,
2025-12-06,N1,Heerenveen,PSV Eindhoven,0.1419,0.1895,0.6687,A,0.5898,0-2,0.1128,0-2,A,1,1,0,0.4025,A,-0.1649,0.57
2025-12-06,N1,For Sittard,Ajax,0.1984,0.2187,0.583,A,0.6548,1-1,0.097,1-3,A,1,0,1,0.5396,A,-0.1505,0.75
2025-12-06,N1,Heracles,Telstar,0.4439,0.2811,0.275,H,0.5885,1-1,0.1283,1-1,D,0,1,0,1.269,D,0.0163,2.75
2025-12-06,N1,Feyenoord,Zwolle,0.8473,0.1025,0.0502,H,0.7026,3-0,0.1246,6-1,H,1,0,1,0.1657,,,
2025-12-06,SC0,Motherwell,Livingston,0.6104,0.2388,0.1508,H,0.4684,1-0,0.1403,3-0,H,1,0,0,0.4937,H,-0.0119,0.66
2025-12-06,SC0,St Mirren,Dundee United,0.3911,0.2913,0.3176,H,0.4605,1-1,0.1388,2-0,H,1,0,1,0.9387,,,
2025-12-06,F1,Paris SG,Rennes,0.7375,0.1723,0.0902,H,0.6125,2-0,0.1225,5-0,H,1,0,1,0.3045,,,
2025-12-07,B1,Oud-Heverlee Leuven,Waregem,0.4472,0.2727,0.2801,H,0.5392,1-1,0.1285,1-1,D,0,1,0,1.2993,,,
2025-12-07,B1,Mechelen,Charleroi,0.3788,0.2978,0.3234,H,0.4592,1-1,0.1419,1-0,H,1,0,1,0.9708,H,-0.0938,1.9
2025-12-07,D1,Dortmund,Hoffenheim,0.6044,0.2323,0.1633,H,0.6127,1-1,0.1071,2-0,H,1,0,0,0.5036,,,
2025-12-07,B1,Antwerp,Genk,0.297,0.2815,0.4215,A,0.5164,1-1,0.1335,3-0,H,0,0,1,1.2141,,,
2025-12-07,T1,Kocaelispor,Kasimpasa,0.4893,0.2854,0.2253,H,0.4087,1-0,0.1373,0-0,D,0,0,1,1.254,,,
2025-12-07,T1,Goztep,Trabzonspor,0.2665,0.2761,0.4574,A,0.5075,1-1,0.1313,1-2,A,1,0,1,0.7822,A,-0.2608,1.75
2025-12-07,D1,Hamburg,Werder Bremen,0.3861,0.2667,0.3473,H,0.5382,1-1,0.1256,3-2,H,1,0,1,0.9518,A,0.0033,-1.0
2025-12-07,T1,Genclerbirligi,Karagumruk,0.4663,0.2947,0.239,H,0.4246,1-1,0.1389,3-0,H,1,0,0,0.7629,H,0.0337,1.15
2025-12-07,B1,Westerlo,Anderlecht,0.2332,0.2536,0.5132,A,0.4432,0-1,0.1298,4-0,H,0,0,0,1.4558,A,-0.0426,-1.0
2025-12-07,I1,Cagliari,Roma,0.1526,0.2173,0.6301,A,0.4937,0-1,0.1321,1-0,H,0,0,1,1.88,A,-0.0176,-1.0
2025-12-07,G1,Asteras Tripolis,Levadeiakos,0.3353,0.2838,0.3809,A,0.5008,1-1,0.135,1-1,D,0,1,0,1.2594,,,
2025-12-07,G1,Larisa,Panathinaikos,0.1237,0.197,0.6794,A,0.4926,0-1,0.1452,2-2,D,0,0,0,1.6246,,,
2025-12-07,G1,PAOK,Aris,0.6701,0.1906,0.1393,H,0.5148,1-0,0.1338,3-1,H,1,0,1,0.4004,H,0.0657,0.46
2025-12-07,G1,AEK,Atromitos,0.7587,0.1632,0.0781,H,0.4734,2-0,0.1691,4-1,H,1,0,0,0.2762,,,
2025-12-07,F1,Nice,Angers,0.5667,0.263,0.1703,H,0.516,1-1,0.1253,0-1,A,0,0,0,1.7704,H,0.0833,-1.0
2025-12-07,F1,Auxerre,Metz,0.4656,0.3014,0.2331,H,0.4444,1-1,0.1431,3-1,H,1,0,0,0.7645,,,
2025-12-07,I1,Cremonese,Lecce,0.4128,0.3029,0.2842,H,0.407,1-1,0.1423,2-0,H,1,0,1,0.8847,,,
2025-12-07,F1,Le Havre,Paris FC,0.4246,0.2968,0.2786,H,0.4365,1-1,0.1408,0-0,D,0,0,1,1.2148,H,-0.0909,-1.0
2025-12-07,F1,Lorient,Lyon,0.2532,0.2521,0.4947,A,0.5082,1-1,0.1201,1-0,H,0,0,0,1.3734,A,0.0526,-1.0
2025-12-07,SP1,Elche,Girona,0.4734,0.2925,0.2341,H,0.4433,1-1,0.1387,3-0,H,1,0,0,0.7479,H,0.0,1.15
2025-12-07,SP1,Valencia,Sevilla,0.4623,0.2958,0.2419,H,0.4212,1-1,0.1394,1-1,D,0,1,1,1.2182,,,
2025-12-07,SP1,Espanol,Vallecano,0.4582,0.2893,0.2524,H,0.4356,1-1,0.137,1-0,H,1,0,1,0.7804,H,-0.0854,1.25
2025-12-07,SP1,Real Madrid,Celta,0.8376,0.1079,0.0545,H,0.6649,2-0,0.1339,0-2,A,0,0,0,2.9097,H,0.0156,-1.0
2025-12-07,P1,Estoril,Moreirense,0.4884,0.2744,0.2372,H,0.4801,1-1,0.1308,3-3,D,0,0,0,1.2931,H,-0.0969,-1.0
2025-12-07,P1,Alverca,Nacional,0.4836,0.2885,0.2279,H,0.4559,1-1,0.1371,1-0,H,1,0,1,0.7265,H,-0.0596,1.05
2025-12-07,P1,Estrela,Arouca,0.466,0.2642,0.2698,H,0.4241,1-0,0.1256,3-1,H,1,0,0,0.7635,,,
2025-12-07,P1,Tondela,Porto,0.08,0.149,0.7711,A,0.5919,0-2,0.14,0-2,A,1,1,0,0.26,,,
2025-12-07,N1,Utrecht,Twente,0.3724,0.2825,0.3451,H,0.5265,1-1,0.1334,1-1,D,0,1,0,1.2642,,,
2025-12-07,N1,AZ Alkmaar,Go Ahead Eagles,0.6141,0.2248,0.1611,H,0.6316,1-1,0.1023,2-2,D,0,0,1,1.4927,D,-0.1349,4.0
2025-12-07,SC0,Celtic,Hearts,0.6693,0.2023,0.1283,H,0.5201,1-0,0.1295,1-2,A,0,0,1,2.0531,H,0.0,-1.0
2025-12-07,E0,Brighton,West Ham,0.6766,0.2,0.1234,H,0.5873,2-0,0.1138,1-1,D,0,0,0,1.6093,H,-0.0491,-1.0
2025-12-07,N1,Volendam,Nijmegen,0.2389,0.2316,0.5295,A,0.5433,1-1,0.1097,2-3,A,1,0,1,0.6357,,,
2025-12-07,I1,Napoli,Juventus,0.4432,0.2906,0.2662,H,0.4225,1-1,0.1371,2-1,H,1,0,0,0.8138,H,-0.1455,1.35
2025-12-07,I1,Lazio,Bologna,0.3649,0.2899,0.3452,H,0.4269,1-1,0.1371,1-1,D,0,1,1,1.2381,,,
2025-12-07,N1,Sparta Rotterdam,NAC Breda,0.5142,0.2746,0.2112,H,0.5555,1-1,0.129,1-0,H,1,0,0,0.6651,H,-0.1429,1.1
2025-12-07,E0,Fulham,Crystal Palace,0.3676,0.2862,0.3462,H,0.4504,1-1,0.1361,1-2,A,0,0,0,1.0608,,,
2025-12-08,T1,Besiktas,Gaziantep,0.6422,0.2181,0.1396,H,0.6268,1-1,0.1005,2-2,D,0,0,1,1.5226,,,
2025-12-08,T1,Alanyaspor,Antalyaspor,0.5637,0.2667,0.1696,H,0.5135,1-1,0.1271,0-0,D,0,0,0,1.3218,,,
2025-12-08,I1,Torino,Milan,0.2544,0.2546,0.491,A,0.4838,1-1,0.1213,2-3,A,1,0,0,0.7113,H,-0.2386,-1.0
2025-12-08,E0,Wolves,Man United,0.2109,0.2331,0.556,A,0.5139,1-1,0.1111,1-4,A,1,0,1,0.587,,,
2025-12-08,P1,Guimaraes,Gil Vicente,0.4779,0.2835,0.2386,H,0.4794,1-1,0.1351,0-0,D,0,0,1,1.2606,H,-0.055,-1.0
2025-12-08,G1,Panserraikos,Panetolikos,0.3117,0.284,0.4043,A,0.4094,1-1,0.1332,0-1,A,1,0,1,0.9055,A,-0.0185,1.65
2025-12-08,I1,Pisa,Parma,0.4349,0.2966,0.2685,H,0.4249,1-1,0.1401,0-1,A,0,0,1,1.3147,H,-0.0625,-1.0
2025-12-08,SP1,Osasuna,Levante,0.461,0.2936,0.2454,H,0.4608,1-1,0.1398,2-0,H,1,0,1,0.7743,D,-0.05,-1.0
2025-12-08,I1,Udinese,Genoa,0.4227,0.3018,0.2756,H,0.4611,1-1,0.1438,1-2,A,0,0,0,1.2889,,,
2025-12-09,E1,Preston,Coventry,0.3187,0.2604,0.4209,A,0.5409,1-1,0.1227,1-1,D,0,1,0,1.3457,H,0.0081,-1.0
2025-12-09,E1,Charlton,Middlesbrough,0.3211,0.2631,0.4157,A,0.4701,1-1,0.1254,1-2,A,1,0,0,0.8778,H,0.1037,-1.0
2025-12-09,E1,Sheffield United,Norwich,0.614,0.2311,0.1549,H,0.4856,1-0,0.1325,1-1,D,0,0,1,1.465,,,
2025-12-09,E1,Southampton,West Brom,0.5393,0.247,0.2137,H,0.5793,1-1,0.1153,3-2,H,1,0,1,0.6175,,,
2025-12-09,E1,Swansea,Portsmouth,0.4163,0.2699,0.3138,H,0.4069,1-0,0.1284,1-0,H,1,1,1,0.8764,A,-0.2553,-1.0
2025-12-09,E1,Watford,Sheffield Weds,0.6101,0.2158,0.1741,H,0.5516,2-0,0.1076,1-1,D,0,0,0,1.5335,,,
2025-12-09,E1,QPR,Birmingham,0.419,0.2714,0.3096,H,0.5006,1-1,0.1292,2-1,H,1,0,1,0.8699,H,0.0,1.85
2025-12-09,E1,Blackburn,Oxford,0.4675,0.2762,0.2563,H,0.4624,1-1,0.1315,1-1,D,0,1,1,1.2866,A,-0.0462,-1.0
2025-12-10,E1,Ipswich,Stoke,0.5414,0.2565,0.2021,H,0.5062,1-1,0.1222,1-0,H,1,0,0,0.6136,A,-0.1214,-1.0
2025-12-10,E1,Hull,Wrexham,0.3518,0.2873,0.3609,A,0.4707,1-1,0.1369,2-0,H,0,0,1,1.0447,A,0.0424,-1.0
2025-12-10,E1,Derby,Millwall,0.3478,0.2835,0.3687,A,0.477,1-1,0.1351,1-1,D,0,1,1,1.2606,A,0.0727,-1.0
2025-12-10,E1,Bristol City,Leicester,0.4152,0.2962,0.2885,H,0.4285,1-1,0.1402,2-2,D,0,0,0,1.2166,,,
2025-12-12,SP1,Sociedad,Girona,0.5256,0.2766,0.1978,H,0.4522,1-1,0.1311,1-2,A,0,0,0,1.6203,D,0.0627,-1.0
2025-12-12,D1,Union Berlin,RB Leipzig,0.1845,0.2233,0.5922,A,0.5564,1-1,0.1059,3-1,H,0,0,1,1.69,A,-0.0678,-1.0
2025-12-12,T1,Kasimpasa,Genclerbirligi,0.4906,0.281,0.2285,H,0.5279,1-1,0.1331,0-0,D,0,0,0,1.2695,H,-0.0385,-1.0
2025-12-12,B1,Standard,Oud-Heverlee Leuven,0.4154,0.2985,0.2862,H,0.4608,1-1,0.1422,0-1,A,0,0,1,1.2512,,,
2025-12-12,F1,Angers,Nantes,0.459,0.2864,0.2545,H,0.4089,1-1,0.1339,4-1,H,1,0,0,0.7786,,,
2025-12-12,I1,Lecce,Pisa,0.4364,0.3007,0.2629,H,0.3745,1-1,0.1379,1-0,H,1,0,1,0.8291,H,-0.0421,1.5
2025-12-12,E1,West Brom,Sheffield United,0.3631,0.2863,0.3506,H,0.5177,1-1,0.1355,2-0,H,1,0,0,1.013,,,
2025-12-13,E1,Portsmouth,Blackburn,0.3702,0.2832,0.3466,H,0.4566,1-1,0.1348,2-1,H,1,0,0,0.9937,,,
2025-12-13,SP1,Getafe,Espanol,0.2884,0.3095,0.4022,A,0.4247,1-1,0.1465,0-1,A,1,0,1,0.9109,A,-0.0181,2.25
2025-12-13,SP1,Barcelona,Osasuna,0.8458,0.103,0.0513,H,0.6961,2-0,0.1239,2-0,H,1,1,0,0.1675,,,
2025-12-13,E1,Norwich,Southampton,0.3278,0.273,0.3992,A,0.4907,1-1,0.1301,2-1,H,0,0,0,1.1152,H,-0.0756,2.3
2025-12-13,SP1,Mallorca,Elche,0.4118,0.2943,0.2939,H,0.4584,1-1,0.1402,3-1,H,1,0,0,0.8873,,,
2025-12-13,SP1,Ath Madrid,Valencia,0.7732,0.1521,0.0747,H,0.5834,2-0,0.1416,2-1,H,1,0,1,0.2572,H,-0.0226,0.3
2025-12-13,E1,Oxford,Preston,0.3667,0.2834,0.3499,H,0.4717,1-1,0.1351,1-2,A,0,0,0,1.0502,,,
2025-12-13,E1,Birmingham,Charlton,0.5031,0.2534,0.2436,H,0.5146,1-1,0.1206,1-1,D,0,1,0,1.3729,A,-0.1481,-1.0
2025-12-13,E1,Coventry,Bristol City,0.5998,0.2335,0.1667,H,0.5842,1-1,0.1095,1-0,H,1,0,0,0.5112,H,0.071,0.66
2025-12-13,E1,Leicester,Ipswich,0.288,0.2899,0.4221,A,0.4849,1-1,0.1381,3-1,H,0,0,0,1.2447,,,
2025-12-13,E1,Middlesbrough,QPR,0.4883,0.2786,0.2331,H,0.4748,1-1,0.1328,3-1,H,1,0,0,0.7169,,,
2025-12-13,SC0,Dundee United,Motherwell,0.3425,0.3029,0.3546,A,0.4329,1-1,0.1437,0-0,D,0,0,1,1.1945,D,-0.0286,2.4
2025-12-13,SC0,Livingston,Dundee,0.4604,0.2798,0.2597,H,0.4315,1-1,0.1321,2-2,D,0,0,0,1.2736,A,-0.0531,-1.0
2025-12-13,E1,Wrexham,Watford,0.4027,0.2907,0.3066,H,0.4655,1-1,0.1385,2-2,D,0,0,0,1.2353,H,-0.1039,-1.0
2025-12-13,E1,Millwall,Hull,0.4944,0.2744,0.2312,H,0.5121,1-1,0.1305,1-3,A,0,0,1,1.4643,,,
2025-12-13,E1,Stoke,Swansea,0.4596,0.2729,0.2675,H,0.4685,1-1,0.1299,2-1,H,1,0,0,0.7775,A,0.126,-1.0
2025-12-13,P1,Sp Lisbon,AVS,0.8913,0.0718,0.0369,H,0.6897,3-0,0.1433,6-0,H,1,0,1,0.115,,,
2025-12-13,D1,Hoffenheim,Hamburg,0.4913,0.2674,0.2413,H,0.5493,1-1,0.1259,4-1,H,1,0,1,0.7107,D,0.0409,-1.0
2025-12-13,N1,PSV Eindhoven,Heracles,0.8513,0.1009,0.0478,H,0.8008,3-0,0.0942,4-3,H,1,0,1,0.161,,,
2025-12-13,N1,Groningen,Volendam,0.6106,0.2331,0.1563,H,0.5981,1-1,0.1092,3-0,H,1,0,1,0.4934,,,
2025-12-13,N1,Telstar,Nijmegen,0.2483,0.2707,0.4811,A,0.6125,1-1,0.122,2-2,D,0,0,1,1.3069,D,0.0204,3.0
2025-12-13,D1,Ein Frankfurt,Augsburg,0.5859,0.2418,0.1724,H,0.6034,1-1,0.1116,1-0,H,1,0,0,0.5346,,,
2025-12-13,E0,Burnley,Fulham,0.3066,0.2817,0.4117,A,0.5012,1-1,0.134,2-3,A,1,0,1,0.8874,H,-0.0148,-1.0
2025-12-13,E0,Liverpool,Brighton,0.4671,0.2635,0.2694,H,0.5949,1-1,0.1209,2-0,H,1,0,0,0.7613,A,0.1098,-1.0
2025-12-13,E0,Chelsea,Everton,0.6057,0.2314,0.1629,H,0.5229,1-0,0.1155,2-0,H,1,0,0,0.5013,H,-0.0457,0.67
2025-12-13,I1,Torino,Cremonese,0.489,0.2912,0.2198,H,0.4692,1-1,0.1387,1-0,H,1,0,1,0.7155,,,
2025-12-13,N1,Zwolle,For Sittard,0.3368,0.292,0.3712,A,0.5059,1-1,0.1387,1-0,H,0,0,0,1.0884,A,0.0746,-1.0
2025-12-13,I1,Parma,Lazio,0.2339,0.2634,0.5027,A,0.4703,1-1,0.1253,0-1,A,1,0,1,0.6879,A,-0.0187,1.1
2025-12-13,F1,Rennes,Brest,0.4592,0.2886,0.2521,H,0.4592,1-1,0.1374,3-1,H,1,0,0,0.7782,D,-0.0335,-1.0
2025-12-13,F1,Metz,Paris SG,0.087,0.1464,0.7666,A,0.6843,0-2,0.1076,2-3,A,1,0,1,0.2658,,,
2025-12-13,F1,Paris FC,Toulouse,0.3169,0.2913,0.3918,A,0.421,1-1,0.1375,0-3,A,1,0,0,0.9371,A,0.0177,1.88
2025-12-13,G1,Levadeiakos,Larisa,0.6829,0.1928,0.1243,H,0.5795,2-0,0.1181,3-0,H,1,0,1,0.3814,,,
2025-12-13,G1,OFI Crete,Panserraikos,0.4929,0.2777,0.2294,H,0.415,1-1,0.1293,3-0,H,1,0,0,0.7075,,,
2025-12-13,G1,Kifisia,Asteras Tripolis,0.4353,0.2935,0.2712,H,0.4969,1-1,0.1397,0-0,D,0,0,1,1.226,,,
2025-12-13,P1,Casa Pia,Gil Vicente,0.3406,0.3074,0.352,A,0.4266,1-1,0.1456,1-1,D,0,1,1,1.1797,H,-0.1566,-1.0
2025-12-13,P1,Rio Ave,Guimaraes,0.2915,0.2901,0.4184,A,0.4679,1-1,0.1383,0-1,A,1,0,1,0.8714,A,0.0669,1.55
2025-12-13,I1,Atalanta,Cagliari,0.611,0.2429,0.1461,H,0.4737,1-0,0.1322,2-1,H,1,0,0,0.4926,D,-0.053,-1.0
2025-12-13,B1,Cercle Brugge,Mechelen,0.4038,0.2813,0.3148,H,0.4894,1-1,0.134,2-3,A,0,0,0,1.1557,A,-0.1789,2.9
2025-12-13,E0,Arsenal,Wolves,0.8804,0.0803,0.0393,H,0.6784,2-0,0.1424,2-1,H,1,0,1,0.1273,,,
2025-12-13,B1,Anderlecht,St Truiden,0.5611,0.257,0.1819,H,0.505,1-1,0.1225,2-1,H,1,0,1,0.5778,H,0.0109,0.85
2025-12-13,T1,Antalyaspor,Galatasaray,0.1142,0.1775,0.7084,A,0.6186,0-2,0.1133,1-4,A,1,0,1,0.3448,,,
2025-12-13,T1,Kayserispor,Alanyaspor,0.3494,0.3058,0.3447,H,0.4786,1-1,0.1457,0-0,D,0,0,1,1.1847,D,0.0204,2.5
2025-12-13,T1,Rizespor,Eyupspor,0.337,0.3151,0.3478,A,0.4475,1-1,0.1501,3-0,H,0,0,0,1.0876,A,-0.2326,-1.0
2025-12-13,B1,Waregem,RAAL La Louviere,0.4269,0.2929,0.2801,H,0.4281,1-1,0.1385,2-2,D,0,0,0,1.2278,,,
2025-12-13,D1,M'gladbach,Wolfsburg,0.467,0.2851,0.248,H,0.4903,1-1,0.1358,1-3,A,0,0,0,1.3945,D,0.0,-1.0
2025-12-13,D1,St Pauli,Heidenheim,0.3846,0.2832,0.3322,H,0.501,1-1,0.1347,2-1,H,1,0,1,0.9555,A,-0.1398,-1.0
2025-12-13,D1,Leverkusen,FC Koln,0.6991,0.1911,0.1098,H,0.641,2-0,0.1042,2-0,H,1,1,0,0.358,H,-0.1436,0.55
2025-12-13,SC0,Falkirk,Hearts,0.2602,0.2667,0.4731,A,0.4517,1-1,0.1265,0-2,A,1,0,1,0.7484,H,-0.0378,-1.0
2025-12-14,P1,Famalicao,Estoril,0.4664,0.2892,0.2444,H,0.4665,1-1,0.1378,4-0,H,1,0,0,0.7627,D,-0.0977,-1.0
2025-12-14,D1,Bayern Munich,Mainz,0.8921,0.0731,0.0348,H,0.8233,3-0,0.1002,2-2,D,0,0,1,2.6162,,,
2025-12-14,D1,Freiburg,Dortmund,0.2687,0.2615,0.4698,A,0.5175,1-1,0.1242,1-1,D,0,1,0,1.3411,A,0.0697,-1.0
2025-12-14,G1,Panetolikos,AEK,0.1432,0.2323,0.6245,A,0.4915,0-1,0.1287,0-5,A,1,0,0,0.4708,,,
2025-12-14,G1,Aris,Olympiakos,0.1663,0.215,0.6187,A,0.4708,0-1,0.1413,0-0,D,0,0,1,1.5372,H,0.3636,-1.0
2025-12-14,P1,Arouca,Alverca,0.322,0.2902,0.3878,A,0.4701,1-1,0.1383,1-0,H,0,0,1,1.1333,,,
2025-12-14,F1,Marseille,Monaco,0.606,0.2222,0.1718,H,0.5434,1-0,0.1087,1-0,H,1,1,0,0.5009,H,-0.0909,0.9
2025-12-14,P1,Moreirense,Benfica,0.1107,0.1797,0.7096,A,0.6132,0-2,0.1157,0-4,A,1,0,1,0.343,,,
2025-12-14,SP1,Sevilla,Oviedo,0.4863,0.2878,0.2258,H,0.4166,1-1,0.1351,4-0,H,1,0,0,0.7209,,,
2025-12-14,G1,Atromitos,PAOK,0.1103,0.1808,0.709,A,0.5273,0-2,0.1396,2-0,H,0,0,0,2.2049,A,0.0144,-1.0
2025-12-14,F1,Strasbourg,Lorient,0.5079,0.2689,0.2231,H,0.5394,1-1,0.1271,0-0,D,0,0,0,1.3133,,,
2025-12-14,F1,Lyon,Le Havre,0.6145,0.2376,0.1479,H,0.4875,1-0,0.1289,1-0,H,1,1,1,0.487,,,
2025-12-14,F1,Auxerre,Lille,0.1943,0.2318,0.5739,A,0.4948,0-1,0.1216,3-4,A,1,0,0,0.5553,A,-0.0769,0.8
2025-12-14,D1,Werder Bremen,Stuttgart,0.3038,0.2762,0.42,A,0.5907,1-1,0.1259,0-4,A,1,0,1,0.8675,,,
2025-12-14,B1,Genk,Westerlo,0.596,0.2394,0.1646,H,0.6368,1-1,0.1084,1-1,D,0,1,0,1.4295,H,-0.1707,-1.0
2025-12-14,B1,Charleroi,St. Gilloise,0.1864,0.2215,0.5921,A,0.4928,0-1,0.1262,1-1,D,0,0,1,1.5074,A,-0.0419,-1.0
2025-12-14,SP1,Celta,Ath Bilbao,0.3311,0.304,0.3649,A,0.4666,1-1,0.1449,2-0,H,0,0,1,1.1053,,,
2025-12-14,B1,Dender,Club Brugge,0.1931,0.2262,0.5806,A,0.5838,1-1,0.106,1-5,A,1,0,1,0.5436,,,
2025-12-14,B1,Gent,Antwerp,0.3772,0.2949,0.3279,H,0.5004,1-1,0.1402,0-2,A,0,0,0,1.1152,A,-0.0154,2.2
2025-12-14,N1,NAC Breda,Utrecht,0.2489,0.2564,0.4946,A,0.5576,1-1,0.1205,1-1,D,0,1,0,1.361,A,-0.0545,-1.0
2025-12-14,N1,Twente,Go Ahead Eagles,0.621,0.2224,0.1566,H,0.584,1-1,0.1046,2-0,H,1,0,0,0.4764,A,-0.0494,-1.0
2025-12-14,N1,Ajax,Feyenoord,0.2699,0.2719,0.4582,A,0.6696,1-1,0.1135,2-0,H,0,0,0,1.3098,,,
2025-12-14,N1,Sparta Rotterdam,Heerenveen,0.375,0.3073,0.3177,H,0.555,1-1,0.1425,0-3,A,0,0,1,1.1467,H,-0.0068,-1.0
2025-12-14,G1,Panathinaikos,Volos NFC,0.7334,0.1724,0.0942,H,0.5582,2-0,0.138,2-1,H,1,0,1,0.3101,,,
2025-12-14,F1,Lens,Nice,0.653,0.2064,0.1406,H,0.5308,2-0,0.1238,2-0,H,1,1,0,0.4261,,,
2025-12-14,SP1,Alaves,Real Madrid,0.1483,0.2198,0.6319,A,0.517,0-1,0.1225,1-2,A,1,0,1,0.459,A,-0.0062,0.6
2025-12-14,SC0,Aberdeen,Kilmarnock,0.5686,0.2537,0.1776,H,0.4782,1-0,0.1249,2-1,H,1,0,0,0.5645,,,
2025-12-14,I1,Genoa,Inter,0.1459,0.209,0.6451,A,0.5412,0-2,0.1187,1-2,A,1,0,1,0.4384,,,
2025-12-14,E0,Brentford,Leeds,0.5052,0.266,0.2288,H,0.5637,1-1,0.1242,1-1,D,0,1,0,1.3243,,,
2025-12-14,I1,Milan,Sassuolo,0.7228,0.1834,0.0938,H,0.496,1-0,0.1545,2-2,D,0,0,0,1.6959,H,-0.0405,-1.0
2025-12-14,I1,Fiorentina,Verona,0.4921,0.2775,0.2304,H,0.475,1-1,0.1322,1-2,A,0,0,0,1.468,A,0.0626,3.75
2025-12-14,I1,Udinese,Napoli,0.1798,0.2293,0.591,A,0.4819,0-1,0.1268,1-0,H,0,0,1,1.716,A,-0.0263,-1.0
2025-12-14,E0,Nott'm Forest,Tottenham,0.447,0.2813,0.2716,H,0.4558,1-1,0.1339,3-0,H,1,0,0,0.8051,H,-0.0727,1.55
2025-12-14,I1,Bologna,Juventus,0.4044,0.2922,0.3035,H,0.47,1-1,0.1393,0-1,A,0,0,1,1.1924,H,-0.1724,-1.0
2025-12-14,E0,Sunderland,Newcastle,0.2069,0.2302,0.5628,A,0.5614,1-1,0.1088,1-0,H,0,0,0,1.5754,A,0.0321,-1.0
2025-12-14,E0,Crystal Palace,Man City,0.2426,0.2421,0.5152,A,0.5134,1-1,0.1153,0-3,A,1,0,1,0.6631,,,
2025-12-14,T1,Gaziantep,Goztep,0.4235,0.2969,0.2796,H,0.4751,1-1,0.1415,0-1,A,0,0,1,1.2743,H,-0.1261,-1.0
2025-12-14,E0,West Ham,Aston Villa,0.1763,0.2186,0.605,A,0.6052,1-1,0.1016,2-3,A,1,0,1,0.5025,A,-0.1031,1.0
2025-12-14,T1,Samsunspor,Buyuksehyr,0.5377,0.2673,0.195,H,0.5085,1-1,0.1273,0-2,A,0,0,0,1.6345,H,-0.0144,-1.0
2025-12-14,T1,Trabzonspor,Besiktas,0.511,0.2646,0.2244,H,0.5487,1-1,0.1245,3-3,D,0,0,1,1.3296,H,-0.1007,-1.0
2025-12-14,T1,Karagumruk,Kocaelispor,0.2603,0.2976,0.4421,A,0.4314,1-1,0.1409,1-1,D,0,1,1,1.2121,A,0.0502,-1.0
2025-12-15,E0,Man United,Bournemouth,0.5359,0.2488,0.2153,H,0.5712,1-1,0.1163,4-4,D,0,0,1,1.3911,,,
2025-12-15,E1,Sheffield Weds,Derby,0.3156,0.2594,0.425,A,0.4331,0-1,0.1256,0-3,A,1,0,0,0.8558,,,
2025-12-15,SP1,Vallecano,Betis,0.2939,0.2868,0.4193,A,0.4904,1-1,0.1366,0-0,D,0,0,1,1.2489,A,-0.0517,-1.0
2025-12-15,P1,Porto,Estrela,0.8635,0.0931,0.0434,H,0.6499,2-0,0.1484,3-1,H,1,0,1,0.1468,,,
2025-12-15,P1,Sp Braga,Santa Clara,0.7234,0.1772,0.0993,H,0.5426,2-0,0.1393,1-0,H,1,0,0,0.3237,H,0.0136,0.49
2025-12-15,SC0,Rangers,Hibernian,0.6213,0.2217,0.157,H,0.5751,1-1,0.1048,1-0,H,1,0,0,0.476,H,-0.0995,0.81
2025-12-15,I1,Roma,Como,0.5104,0.2662,0.2234,H,0.471,1-1,0.1267,1-0,H,1,0,1,0.6726,H,-0.0708,1.1
2025-12-15,P1,Nacional,Tondela,0.4638,0.282,0.2541,H,0.4231,1-1,0.1327,3-1,H,1,0,0,0.7682,H,-0.0612,1.3
2025-12-15,T1,Fenerbahce,Konyaspor,0.8248,0.1193,0.0559,H,0.6822,2-0,0.1225,4-0,H,1,0,1,0.1927,,,
2025-12-17,SC0,Dundee United,Celtic,0.1249,0.1857,0.6895,A,0.5727,0-2,0.1223,2-1,H,0,0,1,2.0806,A,0.0,-1.0
2025-12-19,T1,Kocaelispor,Antalyaspor,0.5628,0.2529,0.1842,H,0.4568,1-0,0.1269,2-1,H,1,0,0,0.5748,,,
2025-12-19,D1,Dortmund,M'gladbach,0.6478,0.2229,0.1293,H,0.5571,2-0,0.1136,2-0,H,1,1,0,0.4342,H,0.0197,0.55
2025-12-19,E1,Swansea,Wrexham,0.3947,0.2745,0.3308,H,0.4665,1-1,0.1308,2-1,H,1,0,0,0.9297,A,-0.0909,-1.0
2025-12-19,P1,Estoril,Sp Braga,0.1965,0.2293,0.5742,A,0.5282,1-1,0.1093,1-0,H,0,0,0,1.6271,,,
2025-12-19,SP1,Valencia,Mallorca,0.4043,0.3067,0.289,H,0.4428,1-1,0.1459,1-1,D,0,1,1,1.1818,A,-0.0196,-1.0
2025-12-19,B1,Charleroi,Genk,0.3105,0.2772,0.4123,A,0.4808,1-1,0.1321,2-2,D,0,0,0,1.2831,,,
2025-12-20,N1,NAC Breda,Telstar,0.446,0.2723,0.2816,H,0.4824,1-1,0.1298,0-1,A,0,0,1,1.2671,A,-0.1116,2.9
2025-12-20,E1,QPR,Leicester,0.4542,0.2709,0.2749,H,0.4723,1-1,0.1291,4-1,H,1,0,0,0.7893,H,-0.0726,1.3
2025-12-20,P1,Gil Vicente,Rio Ave,0.4861,0.2886,0.2253,H,0.3999,1-0,0.1378,2-2,D,0,0,0,1.2429,A,0.0142,-1.0
2025-12-20,D1,Augsburg,Werder Bremen,0.4396,0.2815,0.2789,H,0.4438,1-1,0.1335,0-0,D,0,0,1,1.2675,,,
2025-12-20,SC0,Dundee United,Hibernian,0.3119,0.294,0.3942,A,0.4622,1-1,0.1401,1-1,D,0,1,1,1.2243,H,0.1475,-1.0
2025-12-20,SC0,Kilmarnock,Falkirk,0.3649,0.2914,0.3437,H,0.437,1-1,0.1383,0-1,A,0,0,1,1.0681,,,
2025-12-20,E1,Ipswich,Sheffield Weds,0.727,0.1626,0.1104,H,0.5418,2-0,0.1406,3-1,H,1,0,1,0.3188,A,-0.1781,-1.0
2025-12-20,P1,Estrela,Moreirense,0.4333,0.2567,0.3099,H,0.4632,1-1,0.1222,0-0,D,0,0,1,1.3597,H,-0.198,-1.0
2025-12-20,D1,FC Koln,Union Berlin,0.367,0.2922,0.3408,H,0.4924,1-1,0.1391,0-1,A,0,0,1,1.0765,A,0.0839,2.1
2025-12-20,G1,Volos NFC,Panetolikos,0.5295,0.2722,0.1983,H,0.4208,1-0,0.1417,1-0,H,1,1,1,0.6359,,,
2025-12-20,D1,Stuttgart,Hoffenheim,0.5322,0.2589,0.2089,H,0.6228,1-1,0.1166,0-0,D,0,0,0,1.3513,H,0.0,-1.0
2025-12-20,E0,Newcastle,Chelsea,0.349,0.2844,0.3666,A,0.5178,1-1,0.1347,2-2,D,0,0,1,1.2573,,,
2025-12-20,E1,Sheffield United,Birmingham,0.4784,0.2639,0.2576,H,0.5453,1-1,0.1243,3-0,H,1,0,1,0.7372,H,-0.0426,1.25
2025-12-20,E1,Watford,Stoke,0.4929,0.2638,0.2433,H,0.5079,1-1,0.1256,1-0,H,1,0,0,0.7075,H,-0.0337,1.01
2025-12-20,B1,Dender,Standard,0.3663,0.3061,0.3276,H,0.4307,1-1,0.1452,0-1,A,0,0,1,1.1159,,,
2025-12-20,B1,Westerlo,RAAL La Louviere,0.5017,0.2746,0.2237,H,0.4866,1-1,0.1309,2-1,H,1,0,0,0.6898,,,
2025-12-20,B1,St. Gilloise,Waregem,0.8185,0.125,0.0565,H,0.686,2-0,0.1194,2-0,H,1,1,0,0.2003,,,
2025-12-20,I1,Juventus,Roma,0.4568,0.2944,0.2488,H,0.4076,1-1,0.1379,2-1,H,1,0,0,0.7836,A,-0.0248,-1.0
2025-12-20,I1,Lazio,Cremonese,0.6465,0.2153,0.1382,H,0.5165,2-0,0.1243,0-0,D,0,0,0,1.5358,H,0.0385,-1.0
2025-12-20,T1,Besiktas,Rizespor,0.6782,0.2023,0.1195,H,0.6379,2-0,0.1006,1-0,H,1,0,0,0.3883,H,-0.1148,0.62
2025-12-20,N1,Heracles,Heerenveen,0.3465,0.2759,0.3775,A,0.5807,1-1,0.1266,0-3,A,1,0,1,0.9741,H,-0.0808,-1.0
2025-12-20,N1,Excelsior,Zwolle,0.4407,0.2881,0.2712,H,0.5034,1-1,0.137,2-1,H,1,0,1,0.8195,,,
2025-12-20,N1,Nijmegen,Ajax,0.3931,0.2756,0.3313,H,0.543,1-1,0.1294,2-2,D,0,0,1,1.289,D,-0.0196,3.0
2025-12-20,G1,Asteras Tripolis,Aris,0.3354,0.2954,0.3693,A,0.3803,1-1,0.1364,0-1,A,1,0,1,0.9962,,,
2025-12-20,SC0,Motherwell,Dundee,0.6608,0.2156,0.1236,H,0.5111,2-0,0.1286,1-0,H,1,0,0,0.4143,,,
2025-12-20,G1,Olympiakos,Kifisia,0.8219,0.1194,0.0587,H,0.6345,2-0,0.1403,1-1,D,0,0,0,2.1257,,,
2025-12-20,E0,Bournemouth,Burnley,0.6132,0.2249,0.1619,H,0.582,1-1,0.1062,1-1,D,0,1,0,1.492,,,
2025-12-20,D1,Wolfsburg,Freiburg,0.3444,0.2813,0.3743,A,0.5248,1-1,0.133,3-4,A,1,0,1,0.9827,,,
2025-12-20,D1,Hamburg,Ein Frankfurt,0.3222,0.2541,0.4237,A,0.553,1-1,0.1192,1-1,D,0,1,0,1.3701,A,-0.1356,-1.0
2025-12-20,SC0,St Mirren,Livingston,0.5274,0.2784,0.1942,H,0.4864,1-1,0.1327,1-0,H,1,0,1,0.6398,,,
2025-12-20,D1,RB Leipzig,Leverkusen,0.4578,0.2572,0.285,H,0.5918,1-1,0.1179,1-3,A,0,0,1,1.2553,,,
2025-12-20,E0,Brighton,Sunderland,0.6487,0.2172,0.1341,H,0.558,2-0,0.1149,0-0,D,0,0,0,1.5268,H,-0.1117,-1.0
2025-12-20,SP1,Osasuna,Alaves,0.4135,0.3024,0.2841,H,0.4179,1-1,0.1427,3-0,H,1,0,0,0.883,,,
2025-12-20,E0,Man City,West Ham,0.8206,0.1139,0.0655,H,0.6916,2-0,0.1189,3-0,H,1,0,1,0.1977,,,
2025-12-20,E0,Wolves,Brentford,0.2312,0.2514,0.5174,A,0.4999,1-1,0.1198,0-2,A,1,0,1,0.659,A,-0.0724,1.05
2025-12-20,E0,Tottenham,Liverpool,0.2603,0.2484,0.4913,A,0.55,1-1,0.1172,1-2,A,1,0,1,0.7107,,,
2025-12-20,E0,Everton,Arsenal,0.1538,0.2073,0.6389,A,0.5542,0-2,0.1145,0-1,A,1,0,0,0.4479,A,0.0064,0.57
2025-12-20,SP1,Levante,Sociedad,0.3237,0.2905,0.3857,A,0.4759,1-1,0.1385,1-1,D,0,1,1,1.236,H,0.0692,-1.0
2025-12-20,SP1,Oviedo,Celta,0.3048,0.2827,0.4125,A,0.4829,1-1,0.1348,0-0,D,0,0,1,1.2633,H,0.0,-1.0
2025-12-20,E1,Blackburn,Millwall,0.4339,0.2706,0.2955,H,0.4775,1-1,0.129,2-0,H,1,0,1,0.8349,,,
2025-12-20,E1,Preston,Norwich,0.4825,0.2678,0.2498,H,0.5348,1-1,0.1268,1-1,D,0,1,0,1.3177,H,-0.0402,-1.0
2025-12-20,E1,Southampton,Coventry,0.3364,0.2556,0.408,A,0.5772,1-1,0.1182,1-1,D,0,1,0,1.3642,A,-0.0982,-1.0
2025-12-20,SP1,Real Madrid,Sevilla,0.8391,0.1078,0.0531,H,0.6839,2-0,0.1266,2-0,H,1,1,0,0.1755,,,
2025-12-20,E1,Charlton,Oxford,0.3964,0.2791,0.3246,H,0.4692,1-1,0.133,1-0,H,1,0,1,0.9254,A,-0.1139,-1.0
2025-12-20,E1,Derby,Portsmouth,0.4923,0.2599,0.2477,H,0.4748,1-1,0.1237,1-1,D,0,1,1,1.3474,,,
2025-12-20,E1,Hull,West Brom,0.3992,0.2815,0.3193,H,0.5092,1-1,0.1337,1-0,H,1,0,0,0.9183,H,-0.055,1.75
2025-12-20,T1,Konyaspor,Kayserispor,0.4565,0.2985,0.245,H,0.4763,1-1,0.1423,1-1,D,0,1,1,1.209,D,-0.0223,2.5
2025-12-20,T1,Eyupspor,Fenerbahce,0.1235,0.1842,0.6923,A,0.5913,0-2,0.116,0-3,A,1,0,1,0.3677,,,
2025-12-20,E0,Leeds,Crystal Palace,0.3357,0.2723,0.392,A,0.4857,1-1,0.1298,4-1,H,0,0,0,1.0915,A,0.0036,-1.0
2025-12-20,E1,Bristol City,Middlesbrough,0.3379,0.2824,0.3796,A,0.5248,1-1,0.1335,2-0,H,0,0,0,1.0849,,,
2025-12-21,SP1,Villarreal,Barcelona,0.2893,0.2736,0.4371,A,0.499,1-1,0.1303,0-2,A,1,0,1,0.8276,D,0.0603,-1.0
2025-12-21,SP1,Elche,Vallecano,0.3442,0.2965,0.3593,A,0.4413,1-1,0.1409,4-0,H,0,0,0,1.0664,A,-0.0332,-1.0
2025-12-21,SP1,Betis,Getafe,0.6675,0.2113,0.1213,H,0.5247,2-0,0.1275,4-0,H,1,0,1,0.4042,H,-0.0395,0.7
2025-12-21,B1,Club Brugge,Gent,0.7231,0.1709,0.106,H,0.651,2-0,0.1074,2-1,H,1,0,1,0.3242,H,0.0,0.42
2025-12-21,D1,Heidenheim,Bayern Munich,0.0782,0.1296,0.7922,A,0.6569,0-2,0.1236,0-4,A,1,0,1,0.233,D,0.0326,-1.0
2025-12-21,B1,St Truiden,Mechelen,0.4359,0.294,0.2701,H,0.5267,1-1,0.1389,1-0,H,1,0,0,0.8303,A,0.0,-1.0
2025-12-21,T1,Goztep,Samsunspor,0.3656,0.3072,0.3273,H,0.4389,1-1,0.146,2-0,H,1,0,1,1.0063,A,-0.1731,-1.0
2025-12-21,B1,Antwerp,Anderlecht,0.3218,0.2943,0.3839,A,0.4632,1-1,0.1402,2-2,D,0,0,0,1.2233,,,
2025-12-21,G1,Larisa,Atromitos,0.3884,0.2824,0.3293,H,0.4382,1-1,0.1339,0-0,D,0,0,1,1.2645,H,-0.0526,-1.0
2025-12-21,G1,AEK,OFI Crete,0.8362,0.1075,0.0563,H,0.6152,2-0,0.1523,2-1,H,1,0,1,0.1789,,,
2025-12-21,G1,PAOK,Panathinaikos,0.442,0.2731,0.2849,H,0.4883,1-1,0.1302,2-0,H,1,0,1,0.8164,A,-0.0732,-1.0
2025-12-21,T1,Galatasaray,Kasimpasa,0.8283,0.1191,0.0527,H,0.6765,2-0,0.1254,3-0,H,1,0,1,0.1884,,,
2025-12-21,T1,Alanyaspor,Karagumruk,0.6234,0.2325,0.144,H,0.492,1-0,0.1241,2-0,H,1,0,1,0.4725,H,-0.095,0.62
2025-12-21,E0,Aston Villa,Man United,0.5178,0.2449,0.2372,H,0.6223,1-1,0.1104,2-1,H,1,0,1,0.6581,H,0.0294,1.1
2025-12-21,I1,Fiorentina,Udinese,0.4081,0.2972,0.2948,H,0.4463,1-1,0.1413,5-1,H,1,0,0,0.8964,,,
2025-12-21,I1,Sassuolo,Torino,0.3752,0.2889,0.3358,H,0.4655,1-1,0.1377,0-1,A,0,0,1,1.0911,A,-0.0149,2.3
2025-12-21,SP1,Girona,Ath Madrid,0.1536,0.2121,0.6343,A,0.5641,0-2,0.1104,0-3,A,1,0,1,0.4552,A,-0.0511,0.67
2025-12-21,B1,Oud-Heverlee Leuven,Cercle Brugge,0.5126,0.2636,0.2238,H,0.5782,1-1,0.1221,0-2,A,0,0,0,1.497,H,0.0,-1.0
2025-12-21,I1,Cagliari,Pisa,0.4315,0.3025,0.2661,H,0.3915,1-1,0.1406,2-2,D,0,0,0,1.1957,,,
2025-12-21,D1,Mainz,St Pauli,0.4428,0.2909,0.2663,H,0.5062,1-1,0.1382,0-0,D,0,0,0,1.2348,A,-0.0049,-1.0
2025-12-21,P1,Tondela,Casa Pia,0.3926,0.2788,0.3285,H,0.4425,1-1,0.1323,1-2,A,0,0,0,1.1132,A,-0.023,2.4
2025-12-21,N1,Volendam,Sparta Rotterdam,0.3375,0.2683,0.3942,A,0.4444,1-1,0.1273,0-1,A,1,0,1,0.9309,,,
2025-12-21,N1,For Sittard,AZ Alkmaar,0.2597,0.2431,0.4972,A,0.5717,1-1,0.1134,4-3,H,0,0,1,1.3481,H,-0.1532,3.2
2025-12-21,N1,Go Ahead Eagles,Groningen,0.359,0.3044,0.3367,H,0.5441,1-1,0.1421,1-1,D,0,1,0,1.1895,H,-0.0782,-1.0
2025-12-21,I1,Genoa,Atalanta,0.2721,0.2692,0.4586,A,0.4736,1-1,0.1283,0-1,A,1,0,1,0.7795,H,0.0,-1.0
2025-12-21,SC0,Celtic,Aberdeen,0.6815,0.1954,0.123,H,0.5984,2-0,0.1129,3-1,H,1,0,1,0.3834,D,0.0909,-1.0
2025-12-21,SC0,Hearts,Rangers,0.312,0.2836,0.4045,A,0.4777,1-1,0.1352,2-1,H,0,0,0,1.1648,A,0.0,-1.0
2025-12-21,N1,Utrecht,PSV Eindhoven,0.1509,0.209,0.6401,A,0.647,1-2,0.0971,1-2,A,1,1,1,0.4461,A,-0.0659,0.7
2025-12-21,N1,Feyenoord,Twente,0.6163,0.2115,0.1722,H,0.6356,2-1,0.0992,1-1,D,0,0,0,1.5533,H,-0.15,-1.0
2025-12-21,P1,AVS,Nacional,0.3452,0.2892,0.3656,A,0.4714,1-1,0.1379,2-2,D,0,0,0,1.2405,H,0.1636,-1.0
2025-12-21,P1,Santa Clara,Arouca,0.536,0.2672,0.1968,H,0.435,1-0,0.1329,0-0,D,0,0,1,1.3199,,,
2025-12-22,G1,Panserraikos,Levadeiakos,0.1887,0.2174,0.5939,A,0.5633,1-2,0.1034,0-2,A,1,0,0,0.521,,,
2025-12-22,P1,Alverca,Porto,0.0973,0.1854,0.7173,A,0.541,0-2,0.1383,0-3,A,1,0,1,0.3323,,,
2025-12-22,P1,Benfica,Famalicao,0.7739,0.1471,0.079,H,0.6246,2-0,0.1291,1-0,H,1,0,0,0.2563,H,-0.0292,0.33
2025-12-22,E0,Fulham,Nott'm Forest,0.4504,0.283,0.2666,H,0.4923,1-1,0.1348,1-0,H,1,0,1,0.7977,H,-0.0977,1.4
2025-12-22,SP1,Ath Bilbao,Espanol,0.4574,0.2974,0.2451,H,0.4342,1-1,0.1407,1-2,A,0,0,0,1.406,A,0.0267,4.0
2025-12-22,T1,Buyuksehyr,Gaziantep,0.481,0.2835,0.2355,H,0.5304,1-1,0.1341,5-1,H,1,0,1,0.7318,D,-0.0291,-1.0
2025-12-22,T1,Genclerbirligi,Trabzonspor,0.1614,0.199,0.6396,A,0.5925,0-2,0.1049,4-3,H,0,0,1,1.8236,A,-0.1624,-1.0
2025-12-23,P1,Guimaraes,Sp Lisbon,0.1124,0.1937,0.6939,A,0.5235,0-2,0.1345,1-4,A,1,0,1,0.3655,A,-0.0479,0.39
2025-12-26,E1,Wrexham,Sheffield United,0.3125,0.2947,0.3928,A,0.4675,1-1,0.1405,5-3,H,0,0,0,1.1632,,,
2025-12-26,E1,West Brom,Bristol City,0.4217,0.2894,0.2888,H,0.4856,1-1,0.1379,1-2,A,0,0,0,1.242,,,
2025-12-26,E1,Stoke,Preston,0.4204,0.2852,0.2944,H,0.4512,1-1,0.1356,0-0,D,0,0,1,1.2547,,,
2025-12-26,E1,Sheffield Weds,Hull,0.3073,0.2663,0.4264,A,0.3625,0-1,0.1554,2-2,D,0,0,0,1.3232,H,-0.1435,-1.0
2025-12-26,E1,Birmingham,Derby,0.3984,0.2724,0.3292,H,0.4984,1-1,0.1297,1-1,D,0,1,1,1.3006,A,0.0024,-1.0
2025-12-26,E1,Portsmouth,QPR,0.3582,0.2714,0.3703,A,0.4571,1-1,0.1291,1-1,D,0,1,1,1.3041,H,-0.1242,-1.0
2025-12-26,E1,Leicester,Watford,0.3639,0.2868,0.3493,H,0.4905,1-1,0.1366,1-2,A,0,0,0,1.0518,A,-0.0256,2.05
2025-12-26,B1,Cercle Brugge,St. Gilloise,0.1423,0.207,0.6507,A,0.5531,0-2,0.1164,1-1,D,0,0,0,1.5749,A,-0.0052,-1.0
2025-12-26,E1,Oxford,Southampton,0.3498,0.2626,0.3876,A,0.4716,1-1,0.1251,2-1,H,0,0,0,1.0503,H,0.0,2.9
2025-12-26,E1,Norwich,Charlton,0.446,0.2783,0.2757,H,0.4601,1-1,0.1325,1-0,H,1,0,1,0.8074,,,
2025-12-26,E1,Coventry,Swansea,0.6367,0.2146,0.1487,H,0.6304,1-1,0.0992,1-0,H,1,0,0,0.4515,,,
2025-12-26,E1,Millwall,Ipswich,0.3391,0.2828,0.3781,A,0.4981,1-1,0.1346,0-0,D,0,0,1,1.263,H,-0.1155,-1.0
2025-12-26,B1,Anderlecht,Charleroi,0.5483,0.2511,0.2007,H,0.5165,1-1,0.1196,1-2,A,0,0,1,1.6061,,,
2025-12-26,B1,Standard,St Truiden,0.313,0.295,0.3919,A,0.4581,1-1,0.1405,1-2,A,1,0,0,0.9366,,,
2025-12-26,E0,Man United,Newcastle,0.4736,0.2531,0.2733,H,0.5709,1-1,0.118,1-0,H,1,0,0,0.7475,H,0.0241,1.55
2025-12-26,E1,Middlesbrough,Blackburn,0.4786,0.2757,0.2457,H,0.4976,1-1,0.1314,0-0,D,0,0,1,1.2884,A,-0.1163,-1.0
2025-12-26,B1,Genk,Club Brugge,0.3235,0.2683,0.4083,A,0.527,1-1,0.1269,3-5,A,1,0,1,0.8958,,,
2025-12-27,E0,Brentford,Bournemouth,0.4539,0.2753,0.2708,H,0.532,1-1,0.13,4-1,H,1,0,1,0.7898,H,-0.0302,1.25
2025-12-27,E0,Burnley,Everton,0.349,0.2916,0.3594,A,0.4267,1-1,0.1379,0-0,D,0,0,1,1.2324,H,0.0963,-1.0
2025-12-27,I1,Parma,Fiorentina,0.3685,0.2778,0.3536,H,0.4333,1-1,0.1315,1-0,H,1,0,1,0.9982,H,-0.0933,2.5
2025-12-27,I1,Lecce,Como,0.274,0.2799,0.4461,A,0.4375,1-1,0.1324,0-3,A,1,0,0,0.8072,H,-0.0668,-1.0
2025-12-27,I1,Torino,Cagliari,0.5377,0.2762,0.1862,H,0.4666,1-1,0.1312,1-2,A,0,0,0,1.6812,H,0.0437,-1.0
2025-12-27,I1,Udinese,Lazio,0.2426,0.2911,0.4663,A,0.459,1-1,0.1386,1-1,D,0,1,1,1.234,A,-0.0392,-1.0
2025-12-27,E0,Liverpool,Wolves,0.7921,0.1413,0.0666,H,0.5954,2-0,0.1424,2-1,H,1,0,1,0.2331,,,
2025-12-27,E0,West Ham,Fulham,0.3044,0.2776,0.418,A,0.5214,1-1,0.1315,0-1,A,1,0,0,0.8724,A,0.0526,1.6
2025-12-27,E0,Chelsea,Aston Villa,0.4534,0.2835,0.2631,H,0.5216,1-1,0.1342,1-2,A,0,0,1,1.335,D,-0.058,-1.0
2025-12-27,B1,Antwerp,Waregem,0.6426,0.2221,0.1353,H,0.5583,2-0,0.1124,2-1,H,1,0,1,0.4422,H,0.1272,0.95
2025-12-27,B1,RAAL La Louviere,Oud-Heverlee Leuven,0.3545,0.289,0.3565,A,0.4922,1-1,0.1376,0-0,D,0,0,1,1.2412,A,-0.0312,-1.0
2025-12-27,B1,Mechelen,Dender,0.5445,0.2657,0.1898,H,0.5005,1-1,0.1266,1-1,D,0,1,0,1.3255,H,0.075,-1.0
2025-12-27,B1,Gent,Westerlo,0.41,0.2942,0.2958,H,0.4891,1-1,0.1401,2-0,H,1,0,1,0.8916,D,0.0286,-1.0
2025-12-27,I1,Pisa,Juventus,0.1558,0.2206,0.6236,A,0.5359,0-2,0.1133,0-2,A,1,1,0,0.4722,H,-0.031,-1.0
2025-12-27,E0,Arsenal,Brighton,0.7137,0.168,0.1182,H,0.638,2-0,0.1097,2-1,H,1,0,1,0.3372,H,0.0677,0.42
2025-12-27,SC0,Dundee,Falkirk,0.3103,0.2786,0.4111,A,0.4582,1-1,0.1326,1-0,H,0,0,1,1.1702,,,
2025-12-27,E0,Nott'm Forest,Man City,0.2087,0.2181,0.5732,A,0.6181,1-1,0.1005,1-2,A,1,0,1,0.5565,,,
2025-12-27,SC0,Hibernian,Hearts,0.3102,0.2907,0.3991,A,0.4697,1-1,0.1386,3-2,H,0,0,0,1.1706,,,
2025-12-27,SC0,Rangers,Motherwell,0.6248,0.2174,0.1578,H,0.5076,1-0,0.1276,1-0,H,1,1,0,0.4703,H,0.0,0.71
2025-12-27,SC0,Livingston,Celtic,0.1364,0.1933,0.6704,A,0.5406,0-2,0.1248,2-4,A,1,0,1,0.3999,,,
2025-12-27,SC0,St Mirren,Kilmarnock,0.4854,0.2883,0.2263,H,0.4426,1-1,0.1366,0-0,D,0,0,1,1.2437,,,
2025-12-27,P1,Famalicao,Estrela,0.6272,0.2286,0.1443,H,0.572,1-1,0.1082,2-3,A,0,0,1,1.9361,,,
2025-12-27,P1,Estoril,Alverca,0.4593,0.2976,0.2431,H,0.4445,1-1,0.1413,4-1,H,1,0,0,0.778,,,
2025-12-27,SC0,Aberdeen,Dundee United,0.4899,0.2745,0.2356,H,0.4694,1-1,0.1307,1-1,D,0,1,1,1.2928,,,
2025-12-28,I1,Cremonese,Napoli,0.1861,0.2353,0.5785,A,0.4639,0-1,0.1294,0-2,A,1,0,1,0.5473,H,-0.1246,-1.0
2025-12-28,E0,Sunderland,Leeds,0.3084,0.2807,0.4108,A,0.5398,1-1,0.132,1-1,D,0,1,0,1.2703,A,0.0868,-1.0
2025-12-28,E0,Crystal Palace,Tottenham,0.524,0.2658,0.2102,H,0.5144,1-1,0.1265,0-1,A,0,0,0,1.5597,H,-0.0175,-1.0
2025-12-28,I1,Bologna,Sassuolo,0.7031,0.1824,0.1145,H,0.5822,2-0,0.123,1-1,D,0,0,0,1.7014,H,-0.1294,-1.0
2025-12-28,P1,Casa Pia,Guimaraes,0.2883,0.303,0.4088,A,0.4576,1-1,0.1443,0-0,D,0,0,1,1.1941,,,
2025-12-28,P1,Sp Braga,Benfica,0.2588,0.2535,0.4878,A,0.4891,1-1,0.1208,2-2,D,0,0,0,1.3726,A,-0.0278,-1.0
2025-12-28,P1,Sp Lisbon,Rio Ave,0.891,0.0737,0.0353,H,0.7289,3-0,0.1284,4-0,H,1,0,1,0.1155,,,
2025-12-28,P1,Arouca,Gil Vicente,0.302,0.2987,0.3993,A,0.4568,1-1,0.1423,2-2,D,0,0,0,1.2082,H,-0.1333,-1.0
2025-12-28,I1,Milan,Verona,0.698,0.195,0.1069,H,0.5253,1-0,0.1346,3-0,H,1,0,1,0.3595,,,
2025-12-28,I1,Atalanta,Inter,0.2533,0.2455,0.5011,A,0.4731,0-1,0.1195,0-1,A,1,1,1,0.6909,A,-0.0741,1.0
2025-12-29,I1,Roma,Genoa,0.6237,0.2294,0.147,H,0.5145,1-0,0.1194,3-1,H,1,0,1,0.4722,H,-0.0062,0.6
2025-12-29,E1,Oxford,Swansea,0.3982,0.2927,0.3091,H,0.4699,1-1,0.1395,0-1,A,0,0,1,1.174,H,0.0223,-1.0
2025-12-29,P1,Porto,AVS,0.8943,0.071,0.0347,H,0.7772,3-0,0.1268,2-0,H,1,0,0,0.1118,,,
2025-12-29,E1,Middlesbrough,Hull,0.4922,0.2788,0.229,H,0.5257,1-1,0.1322,0-1,A,0,0,0,1.4739,D,-0.067,-1.0
2025-12-29,E1,Portsmouth,Charlton,0.4661,0.2807,0.2532,H,0.4123,1-1,0.1314,2-1,H,1,0,0,0.7633,H,-0.127,1.2
2025-12-29,E1,Sheffield Weds,Blackburn,0.2715,0.2732,0.4553,A,0.4725,1-1,0.1302,0-0,D,0,0,1,1.2975,H,-0.1036,-1.0
2025-12-29,E1,Stoke,Sheffield United,0.3557,0.2727,0.3717,A,0.4845,1-1,0.13,1-2,A,1,0,0,0.9897,,,
2025-12-29,E1,Wrexham,Preston,0.4139,0.29,0.2961,H,0.4606,1-1,0.1381,2-1,H,1,0,0,0.8822,A,-0.0169,-1.0
2025-12-29,E1,Birmingham,Southampton,0.3868,0.2722,0.341,H,0.506,1-1,0.1294,1-1,D,0,1,0,1.3012,,,
2025-12-29,E1,Norwich,Watford,0.3501,0.2798,0.3701,A,0.4752,1-1,0.1334,0-1,A,1,0,1,0.9939,,,
2025-12-29,E1,Millwall,Bristol City,0.3874,0.2954,0.3171,H,0.4698,1-1,0.1408,2-1,H,1,0,0,0.9482,,,
2025-12-29,E1,Leicester,Derby,0.4148,0.284,0.3012,H,0.4721,1-1,0.1354,2-1,H,1,0,0,0.8799,A,-0.0385,-1.0
2025-12-29,E1,Coventry,Ipswich,0.4946,0.2868,0.2186,H,0.477,1-1,0.1367,0-2,A,0,0,1,1.5204,H,-0.0129,-1.0
2025-12-29,E1,West Brom,QPR,0.3958,0.2773,0.3269,H,0.516,1-1,0.1315,2-1,H,1,0,1,0.9269,A,-0.2358,-1.0
2025-12-30,SC0,Rangers,St Mirren,0.7715,0.1559,0.0726,H,0.5583,2-0,0.149,2-1,H,1,0,1,0.2594,H,0.0261,0.57
2025-12-30,SC0,Dundee,Kilmarnock,0.3875,0.2914,0.3211,H,0.435,1-1,0.1382,2-1,H,1,0,0,0.948,H,-0.0526,1.7
2025-12-30,E0,Man United,Wolves,0.7896,0.1302,0.0802,H,0.6081,2-0,0.1391,1-1,D,0,0,0,2.0388,H,-0.0145,-1.0
2025-12-30,E0,Arsenal,Aston Villa,0.5735,0.2432,0.1834,H,0.6117,1-1,0.1117,4-1,H,1,0,1,0.5561,A,-0.1515,-1.0
2025-12-30,E0,West Ham,Brighton,0.2663,0.2597,0.474,A,0.5279,1-1,0.1231,2-2,D,0,0,1,1.3484,,,
2025-12-30,E0,Nott'm Forest,Everton,0.4153,0.3008,0.2839,H,0.3981,1-1,0.1405,0-2,A,0,0,1,1.2593,,,
2025-12-30,SC0,Livingston,Dundee United,0.3159,0.277,0.4071,A,0.4154,1-1,0.13,1-3,A,1,0,0,0.8987,A,-0.1719,1.65
2025-12-30,SC0,Hibernian,Aberdeen,0.4855,0.2861,0.2284,H,0.458,1-1,0.136,2-0,H,1,0,1,0.7225,D,-0.0263,-1.0
2025-12-30,E0,Chelsea,Bournemouth,0.5772,0.232,0.1909,H,0.5817,1-1,0.1088,2-2,D,0,0,1,1.4612,D,0.0556,3.75
2025-12-30,E0,Burnley,Newcastle,0.2626,0.2584,0.479,A,0.5028,1-1,0.1231,1-3,A,1,0,1,0.736,H,-0.125,-1.0
2025-12-30,SC0,Motherwell,Celtic,0.1995,0.2373,0.5632,A,0.4424,0-1,0.15,2-0,H,0,0,1,1.6121,,,
2026-01-01,E1,Ipswich,Oxford,0.6006,0.2456,0.1538,H,0.4538,1-0,0.1385,2-1,H,1,0,0,0.5099,A,0.1983,-1.0
2026-01-01,E0,Sunderland,Man City,0.1239,0.1829,0.6932,A,0.6278,0-2,0.1081,0-0,D,0,0,0,1.699,,,
2026-01-01,E0,Brentford,Tottenham,0.5145,0.2683,0.2172,H,0.514,1-1,0.1277,0-0,D,0,0,0,1.3155,H,-0.1667,-1.0
2026-01-01,E0,Liverpool,Leeds,0.5954,0.2325,0.1721,H,0.5827,1-1,0.1092,0-0,D,0,0,0,1.4587,,,
2026-01-01,E0,Crystal Palace,Fulham,0.4036,0.282,0.3144,H,0.4677,1-1,0.1344,1-1,D,0,1,1,1.2658,A,-0.0202,-1.0
2026-01-01,E1,Charlton,Coventry,0.2387,0.2356,0.5256,A,0.4918,0-1,0.1162,1-1,D,0,0,1,1.4455,,,
2026-01-01,E1,Preston,Sheffield Weds,0.6189,0.2306,0.1506,H,0.4422,1-0,0.1508,3-0,H,1,0,0,0.4799,,,
2026-01-01,E1,Southampton,Millwall,0.49,0.2573,0.2527,H,0.5488,1-1,0.1213,0-0,D,0,0,0,1.3577,A,0.1057,-1.0
2026-01-01,E1,Swansea,West Brom,0.3882,0.2765,0.3354,H,0.4962,1-1,0.1316,1-0,H,1,0,1,0.9463,H,-0.1793,1.7
2026-01-01,E1,Blackburn,Wrexham,0.4407,0.2727,0.2866,H,0.3851,1-0,0.1395,0-2,A,0,0,1,1.2496,,,
2026-01-01,E1,Watford,Birmingham,0.5496,0.2482,0.2022,H,0.4858,1-0,0.1185,3-0,H,1,0,0,0.5986,H,0.0132,1.3
2026-01-01,E1,Hull,Stoke,0.4723,0.2864,0.2412,H,0.4267,1-1,0.1349,0-1,A,0,0,1,1.422,H,0.0,-1.0
2026-01-01,E1,Bristol City,Portsmouth,0.5013,0.2734,0.2253,H,0.4869,1-1,0.1303,5-0,H,1,0,0,0.6906,A,-0.1533,-1.0
2026-01-01,E1,QPR,Norwich,0.4876,0.2684,0.244,H,0.4907,1-1,0.128,1-2,A,0,0,0,1.4107,H,0.0194,-1.0
2026-01-01,E1,Derby,Middlesbrough,0.3635,0.2769,0.3595,H,0.4753,1-1,0.132,1-0,H,1,0,1,1.0119,H,0.0133,2.05
2026-01-01,E1,Sheffield United,Leicester,0.5424,0.247,0.2106,H,0.5528,1-1,0.1168,3-1,H,1,0,1,0.6117,,,
2026-01-02,SP1,Vallecano,Getafe,0.5361,0.268,0.1958,H,0.4271,1-0,0.1374,1-1,D,0,0,1,1.3167,H,-0.0465,-1.0
2026-01-02,P1,Guimaraes,Nacional,0.5867,0.2386,0.1747,H,0.4716,1-0,0.1274,2-1,H,1,0,0,0.5332,H,-0.0573,0.81
2026-01-02,P1,Gil Vicente,Sp Lisbon,0.0916,0.1625,0.7459,A,0.5377,0-2,0.147,1-1,D,0,0,0,1.8174,A,-0.0405,-1.0
2026-01-02,I1,Cagliari,Milan,0.1626,0.2172,0.6202,A,0.5666,0-2,0.1058,0-1,A,1,0,0,0.4777,,,
2026-01-02,F1,Toulouse,Lens,0.2437,0.2589,0.4974,A,0.4897,1-1,0.1234,0-3,A,1,0,0,0.6984,A,-0.15,1.55
2026-01-03,P1,Benfica,Estoril,0.8389,0.1108,0.0503,H,0.7171,3-0,0.1154,3-1,H,1,0,1,0.1757,,,
2026-01-03,P1,Tondela,Arouca,0.4284,0.2709,0.3007,H,0.437,1-1,0.1281,3-1,H,1,0,0,0.8478,A,0.1254,-1.0
2026-01-03,SP1,Celta,Valencia,0.4942,0.2912,0.2146,H,0.3983,1-0,0.139,4-1,H,1,0,0,0.7048,,,
2026-01-03,E0,Wolves,West Ham,0.3282,0.2749,0.3969,A,0.5058,1-1,0.1307,3-0,H,0,0,1,1.1141,A,0.0588,-1.0
2026-01-03,E0,Brighton,Burnley,0.6323,0.2273,0.1404,H,0.5197,1-0,0.1193,2-0,H,1,0,0,0.4584,,,
2026-01-03,E0,Aston Villa,Nott'm Forest,0.632,0.2052,0.1628,H,0.6079,2-1,0.1091,3-1,H,1,0,1,0.4589,H,-0.1071,0.75
2026-01-03,I1,Como,Udinese,0.5411,0.2651,0.1938,H,0.5095,1-1,0.1263,1-0,H,1,0,0,0.6141,,,
2026-01-03,I1,Genoa,Pisa,0.4809,0.2797,0.2394,H,0.4374,1-1,0.1322,1-1,D,0,1,1,1.2741,A,-0.0759,-1.0
2026-01-03,I1,Sassuolo,Parma,0.4453,0.3022,0.2525,H,0.4202,1-1,0.1425,1-1,D,0,1,1,1.1967,A,0.0046,-1.0
2026-01-03,I1,Juventus,Lecce,0.7912,0.1413,0.0675,H,0.5734,2-0,0.1513,1-1,D,0,0,0,1.957,,,
2026-01-03,I1,Atalanta,Roma,0.348,0.2944,0.3576,A,0.4383,1-1,0.1398,1-0,H,0,0,1,1.0555,A,-0.0833,-1.0
2026-01-03,SC0,Motherwell,St Mirren,0.5473,0.2654,0.1873,H,0.4446,1-0,0.1348,2-0,H,1,0,1,0.6028,H,0.0538,0.96
2026-01-03,SC0,Kilmarnock,Hibernian,0.2699,0.2623,0.4677,A,0.4855,1-1,0.125,1-3,A,1,0,0,0.7599,H,0.0976,-1.0
2026-01-03,F1,Monaco,Lyon,0.3749,0.2712,0.3539,H,0.493,1-1,0.1292,1-3,A,0,0,0,1.0386,A,0.0057,2.5
2026-01-03,F1,Nice,Strasbourg,0.3163,0.2776,0.4061,A,0.4922,1-1,0.1323,1-1,D,0,1,1,1.2815,A,0.1765,-1.0
2026-01-03,F1,Lille,Rennes,0.5547,0.2406,0.2048,H,0.5968,1-1,0.111,0-2,A,0,0,0,1.5859,H,0.0795,-1.0
2026-01-03,SC0,Hearts,Livingston,0.7642,0.1567,0.0791,H,0.56,2-0,0.1453,1-0,H,1,0,0,0.2689,,,
2026-01-03,SC0,Falkirk,Aberdeen,0.3724,0.2981,0.3295,H,0.4449,1-1,0.1418,1-0,H,1,0,1,0.9877,,,
2026-01-03,SC0,Dundee United,Dundee,0.563,0.259,0.178,H,0.4559,1-0,0.1322,0-1,A,0,0,1,1.7259,H,0.1049,-1.0
2026-01-03,SC0,Celtic,Rangers,0.4754,0.2751,0.2495,H,0.5335,1-1,0.1301,1-3,A,0,0,1,1.3883,,,
2026-01-03,SP1,Espanol,Barcelona,0.1643,0.2219,0.6138,A,0.6129,1-2,0.1057,0-2,A,1,0,0,0.488,,,
2026-01-03,SP1,Elche,Villarreal,0.2044,0.2383,0.5573,A,0.5754,1-1,0.1117,1-3,A,1,0,1,0.5847,A,-0.0435,1.2
2026-01-03,SP1,Osasuna,Ath Bilbao,0.3346,0.2912,0.3742,A,0.4706,1-1,0.1388,1-1,D,0,1,1,1.2338,,,
2026-01-03,P1,Estrela,Sp Braga,0.1999,0.2282,0.5719,A,0.53,0-1,0.1126,3-3,D,0,0,1,1.4775,H,0.2671,-1.0
2026-01-03,P1,AVS,Moreirense,0.3119,0.2442,0.444,A,0.4607,0-1,0.1202,0-2,A,1,0,1,0.812,H,-0.0836,-1.0
2026-01-03,E0,Bournemouth,Arsenal,0.2022,0.2206,0.5772,A,0.5717,1-1,0.1041,2-3,A,1,0,1,0.5496,H,0.0317,-1.0
2026-01-04,I1,Inter,Bologna,0.6404,0.1969,0.1626,H,0.5536,2-0,0.1146,3-1,H,1,0,1,0.4456,A,-0.0786,-1.0
2026-01-04,SP1,Real Madrid,Betis,0.7036,0.1736,0.1228,H,0.5869,2-0,0.1219,5-1,H,1,0,1,0.3516,H,-0.0397,0.45
2026-01-04,E1,Middlesbrough,Southampton,0.4344,0.2801,0.2855,H,0.5233,1-1,0.1326,4-0,H,1,0,1,0.8338,,,
2026-01-04,E1,Derby,Wrexham,0.4269,0.2796,0.2935,H,0.4332,1-1,0.1323,1-2,A,0,0,0,1.226,,,
2026-01-04,E1,Bristol City,Preston,0.5163,0.2678,0.2159,H,0.4747,1-1,0.1275,0-2,A,0,0,1,1.5328,,,
2026-01-04,E1,Blackburn,Charlton,0.5255,0.259,0.2155,H,0.3676,1-0,0.1606,2-2,D,0,0,0,1.3508,H,-0.0465,-1.0
2026-01-04,E1,QPR,Sheffield Weds,0.6464,0.2139,0.1397,H,0.4928,1-0,0.1324,3-0,H,1,0,0,0.4364,,,
2026-01-04,E1,Birmingham,Coventry,0.2894,0.2449,0.4657,A,0.4973,1-1,0.1167,3-2,H,0,0,0,1.2399,A,0.0076,-1.0
2026-01-04,E0,Man City,Chelsea,0.6192,0.2213,0.1596,H,0.5746,1-1,0.1045,1-1,D,0,1,0,1.5084,,,
2026-01-04,SP1,Alaves,Oviedo,0.4643,0.2852,0.2505,H,0.4085,1-1,0.1334,1-1,D,0,1,1,1.2546,A,-0.042,-1.0
2026-01-04,P1,Alverca,Famalicao,0.32,0.2862,0.3938,A,0.4953,1-1,0.1362,1-0,H,0,0,1,1.1396,H,-0.0526,2.6
2026-01-04,E0,Leeds,Man United,0.3847,0.2709,0.3444,H,0.5226,1-1,0.1283,1-1,D,0,1,0,1.306,H,-0.0253,-1.0
2026-01-04,P1,Rio Ave,Casa Pia,0.4213,0.3008,0.2779,H,0.4431,1-1,0.1429,3-1,H,1,0,0,0.8644,,,
2026-01-04,I1,Verona,Torino,0.3355,0.2728,0.3917,A,0.4812,1-1,0.1301,0-3,A,1,0,0,0.9373,A,-0.0645,1.9
2026-01-04,I1,Fiorentina,Cremonese,0.4747,0.303,0.2223,H,0.4643,1-1,0.1444,1-0,H,1,0,1,0.745,A,-0.0138,-1.0
2026-01-04,I1,Lazio,Napoli,0.3064,0.287,0.4066,A,0.3744,1-1,0.1315,0-2,A,1,0,1,0.9,,,
2026-01-04,P1,Santa Clara,Porto,0.1199,0.204,0.6761,A,0.5099,0-2,0.134,0-1,A,1,0,0,0.3914,,,
2026-01-04,E1,Norwich,Stoke,0.459,0.2811,0.2599,H,0.4238,1-1,0.1324,0-2,A,0,0,1,1.3474,,,
2026-01-04,E0,Everton,Brentford,0.4155,0.2892,0.2953,H,0.4267,1-1,0.1367,2-4,A,0,0,0,1.2196,,,
2026-01-04,E0,Newcastle,Crystal Palace,0.5398,0.2665,0.1937,H,0.4598,1-0,0.1267,2-0,H,1,0,1,0.6165,,,
2026-01-04,E0,Tottenham,Sunderland,0.4658,0.2942,0.24,H,0.4173,1-1,0.1382,1-1,D,0,1,1,1.2236,D,0.0405,2.6
2026-01-04,E0,Fulham,Liverpool,0.3249,0.2888,0.3863,A,0.4563,1-1,0.1375,2-2,D,0,0,0,1.2419,H,-0.1344,-1.0
2026-01-04,SP1,Sociedad,Ath Madrid,0.2048,0.2257,0.5695,A,0.5322,1-1,0.1075,1-1,D,0,1,0,1.4886,A,0.016,-1.0
2026-01-04,SP1,Sevilla,Levante,0.4559,0.2934,0.2507,H,0.4506,1-1,0.1394,0-3,A,0,0,0,1.3833,A,-0.0631,3.75
2026-01-04,SP1,Mallorca,Girona,0.4693,0.2949,0.2358,H,0.426,1-1,0.1391,1-2,A,0,0,0,1.4449,H,0.0,-1.0
2026-01-04,E1,Millwall,Swansea,0.4816,0.2854,0.233,H,0.4641,1-1,0.1358,2-1,H,1,0,0,0.7306,,,
2026-01-04,F1,Paris SG,Paris FC,0.8658,0.0884,0.0458,H,0.7006,2-0,0.1284,2-1,H,1,0,1,0.1441,,,
2026-01-04,F1,Lorient,Metz,0.5249,0.2665,0.2086,H,0.4903,1-1,0.127,1-1,D,0,1,1,1.3225,,,
2026-01-04,F1,Le Havre,Angers,0.3874,0.2942,0.3185,H,0.3736,1-1,0.1351,2-1,H,1,0,0,0.9483,A,0.1783,-1.0
2026-01-04,F1,Brest,Auxerre,0.4984,0.2779,0.2237,H,0.4659,1-1,0.1322,2-0,H,1,0,1,0.6963,,,
2026-01-04,F1,Marseille,Nantes,0.8088,0.1213,0.0699,H,0.6155,2-0,0.1429,0-2,A,0,0,0,2.6606,,,
2026-01-05,E1,Leicester,West Brom,0.3444,0.2887,0.3669,A,0.505,1-1,0.1371,2-1,H,0,0,1,1.066,,,
2026-01-06,I1,Lecce,Roma,0.204,0.2539,0.542,A,0.4404,0-1,0.131,0-2,A,1,0,1,0.6124,,,
2026-01-06,I1,Pisa,Como,0.264,0.2882,0.4478,A,0.419,1-1,0.1355,0-3,A,1,0,0,0.8034,H,0.0148,-1.0
2026-01-06,E0,West Ham,Nott'm Forest,0.2688,0.2767,0.4545,A,0.5169,1-1,0.1314,1-2,A,1,0,1,0.7886,A,-0.0871,1.2
2026-01-06,SC0,Rangers,Aberdeen,0.7633,0.1591,0.0775,H,0.5769,2-0,0.1408,2-0,H,1,1,0,0.2701,H,0.1462,0.49
2026-01-06,I1,Sassuolo,Juventus,0.1549,0.2112,0.6339,A,0.5661,0-2,0.1097,0-3,A,1,0,1,0.4558,A,-0.006,0.67
2026-01-07,I1,Bologna,Atalanta,0.4458,0.2953,0.2589,H,0.4202,1-1,0.1392,0-2,A,0,0,1,1.3514,H,-0.1512,-1.0
2026-01-07,I1,Napoli,Verona,0.7887,0.1459,0.0654,H,0.5053,2-0,0.1704,2-2,D,0,0,1,1.9249,H,0.0303,-1.0
2026-01-07,E0,Bournemouth,Tottenham,0.4947,0.2633,0.242,H,0.4963,1-1,0.1255,3-2,H,1,0,0,0.7037,H,-0.0667,1.1
2026-01-07,E0,Brentford,Sunderland,0.5634,0.2544,0.1822,H,0.4644,1-0,0.1246,3-0,H,1,0,0,0.5738,H,-0.1106,0.85
2026-01-07,E0,Crystal Palace,Aston Villa,0.2834,0.246,0.4707,A,0.4658,0-1,0.1178,0-0,D,0,0,1,1.4025,A,-0.0612,-1.0
2026-01-07,I1,Parma,Inter,0.11,0.1887,0.7013,A,0.4914,0-1,0.146,0-2,A,1,0,1,0.3548,,,
2026-01-07,I1,Lazio,Fiorentina,0.5824,0.2511,0.1665,H,0.4459,1-0,0.1406,2-2,D,0,0,0,1.3818,H,0.0042,-1.0
2026-01-07,I1,Torino,Udinese,0.5143,0.2734,0.2123,H,0.4406,1-0,0.1298,1-2,A,0,0,0,1.5498,H,0.0222,-1.0
2026-01-07,E0,Fulham,Chelsea,0.3766,0.2781,0.3453,H,0.4493,1-1,0.1322,2-1,H,1,0,0,0.9765,H,-0.0811,2.4
2026-01-07,E0,Man City,Brighton,0.7012,0.1735,0.1253,H,0.5785,2-0,0.1237,1-1,D,0,0,0,1.7516,,,
2026-01-07,E0,Newcastle,Leeds,0.5799,0.2444,0.1757,H,0.618,1-1,0.1115,4-3,H,1,0,1,0.5449,,,
2026-01-07,E0,Burnley,Man United,0.249,0.2495,0.5015,A,0.5331,1-1,0.1184,2-2,D,0,0,1,1.3883,H,-0.0462,-1.0
2026-01-07,E0,Everton,Wolves,0.6287,0.2275,0.1439,H,0.5088,1-0,0.1221,1-1,D,0,0,0,1.4808,H,-0.0741,-1.0
2026-01-08,I1,Cremonese,Cagliari,0.4312,0.2992,0.2696,H,0.3969,1-1,0.1396,2-2,D,0,0,0,1.2067,H,-0.0514,-1.0
2026-01-08,I1,Milan,Genoa,0.7565,0.1606,0.0829,H,0.5227,2-0,0.1523,1-1,D,0,0,0,1.8288,H,-0.0336,-1.0
2026-01-08,E0,Arsenal,Liverpool,0.6076,0.2276,0.1648,H,0.5908,1-1,0.1067,0-0,D,0,0,0,1.4802,,,
2026-01-09,D1,Ein Frankfurt,Dortmund,0.3386,0.2726,0.3888,A,0.4452,1-1,0.1294,3-3,D,0,0,0,1.2997,H,0.0256,-1.0
2026-01-09,SP1,Getafe,Sociedad,0.2971,0.2856,0.4174,A,0.4428,1-1,0.1356,1-2,A,1,0,0,0.8738,A,0.0251,1.45
2026-01-10,SP1,Valencia,Elche,0.435,0.3027,0.2623,H,0.427,1-1,0.1432,1-1,D,0,1,1,1.195,,,
2026-01-10,SP1,Girona,Osasuna,0.3915,0.3073,0.3013,H,0.4542,1-1,0.1464,1-0,H,1,0,1,0.9378,,,
2026-01-10,SP1,Villarreal,Alaves,0.7347,0.1783,0.0869,H,0.5304,2-0,0.1438,3-1,H,1,0,1,0.3082,H,-0.0268,0.45
2026-01-10,N1,AZ Alkmaar,Volendam,0.7425,0.1636,0.0939,H,0.6722,2-0,0.105,1-0,H,1,0,0,0.2977,,,
2026-01-10,N1,Twente,Zwolle,0.721,0.1687,0.1103,H,0.571,2-0,0.131,1-1,D,0,0,0,1.7797,,,
2026-01-10,N1,PSV Eindhoven,Excelsior,0.8718,0.0876,0.0405,H,0.6601,2-0,0.1464,5-1,H,1,0,1,0.1372,,,
2026-01-10,N1,Groningen,NAC Breda,0.5869,0.2309,0.1823,H,0.5288,1-1,0.11,0-0,D,0,0,0,1.4658,,,
2026-01-10,SC0,Celtic,Dundee United,0.7623,0.1586,0.0792,H,0.6323,2-0,0.1227,4-0,H,1,0,1,0.2715,,,
2026-01-10,SC0,Hibernian,Motherwell,0.4447,0.2872,0.2682,H,0.4377,1-1,0.1361,1-1,D,0,1,1,1.2477,,,
2026-01-10,SP1,Oviedo,Betis,0.2196,0.2495,0.5309,A,0.5481,1-1,0.1181,1-1,D,0,1,0,1.3884,A,-0.0683,-1.0
2026-01-10,D1,Freiburg,Hamburg,0.5665,0.239,0.1944,H,0.6115,1-1,0.1094,2-1,H,1,0,1,0.5682,H,-0.0055,0.8
2026-01-10,I1,Como,Bologna,0.4653,0.2719,0.2628,H,0.467,1-1,0.1295,1-1,D,0,1,1,1.3022,A,-0.0433,-1.0
2026-01-10,I1,Udinese,Pisa,0.5319,0.2742,0.194,H,0.4036,1-0,0.1468,2-2,D,0,0,0,1.294,,,
2026-01-10,SC0,Livingston,Kilmarnock,0.4118,0.2824,0.3058,H,0.4597,1-1,0.1344,1-1,D,0,1,1,1.2646,,,
2026-01-10,G1,Panetolikos,PAOK,0.0982,0.1661,0.7357,A,0.5239,0-2,0.15,0-3,A,1,0,1,0.307,A,0.0787,0.37
2026-01-10,D1,Union Berlin,Mainz,0.5175,0.2679,0.2146,H,0.461,1-0,0.1278,2-2,D,0,0,0,1.3172,H,0.0142,-1.0
2026-01-10,G1,Kifisia,Larisa,0.5093,0.2696,0.2211,H,0.4408,1-0,0.1276,1-1,D,0,0,1,1.311,A,0.1905,-1.0
2026-01-10,G1,Atromitos,Olympiakos,0.0776,0.1487,0.7737,A,0.4945,0-2,0.1726,0-2,A,1,1,1,0.2566,,,
2026-01-10,SC0,St Mirren,Falkirk,0.3877,0.308,0.3043,H,0.4062,1-1,0.1447,0-2,A,0,0,1,1.1897,A,-0.0278,2.5
2026-01-10,D1,Leverkusen,Stuttgart,0.5434,0.2406,0.2161,H,0.6075,1-1,0.1103,1-4,A,0,0,1,1.5322,H,-0.1256,-1.0
2026-01-10,I1,Roma,Sassuolo,0.6959,0.204,0.1001,H,0.498,1-0,0.1455,2-0,H,1,0,1,0.3625,H,-0.1156,0.53
2026-01-10,D1,Heidenheim,FC Koln,0.3282,0.277,0.3948,A,0.5179,1-1,0.1313,2-2,D,0,0,1,1.2838,,,
2026-01-10,I1,Atalanta,Torino,0.5329,0.2686,0.1985,H,0.4908,1-1,0.1281,2-0,H,1,0,1,0.6295,A,-0.1163,-1.0
2026-01-11,N1,Go Ahead Eagles,For Sittard,0.423,0.2985,0.2785,H,0.5173,1-1,0.1412,2-2,D,0,0,1,1.209,D,-0.036,2.75
2026-01-11,I1,Verona,Lazio,0.2362,0.2587,0.5051,A,0.4929,1-1,0.1233,0-1,A,1,0,1,0.6829,A,-0.0249,1.35
2026-01-11,I1,Fiorentina,Milan,0.2369,0.25,0.5131,A,0.5154,1-1,0.119,1-1,D,0,1,0,1.3864,A,-0.1111,-1.0
2026-01-11,SC0,Aberdeen,Rangers,0.1718,0.2188,0.6094,A,0.5504,0-2,0.1074,0-2,A,1,1,0,0.4952,A,-0.0455,0.68
2026-01-11,SC0,Dundee,Hearts,0.1984,0.2474,0.5542,A,0.5064,1-1,0.1179,0-1,A,1,0,0,0.5903,H,0.28,-1.0
2026-01-11,N1,Heerenveen,Feyenoord,0.2215,0.2238,0.5546,A,0.6273,1-1,0.1015,2-2,D,0,0,1,1.4969,A,-0.0928,-1.0
2026-01-11,I1,Inter,Napoli,0.6011,0.2373,0.1615,H,0.5003,1-0,0.1274,2-2,D,0,0,1,1.4383,H,-0.023,-1.0
2026-01-11,N1,Sparta Rotterdam,Heracles,0.4802,0.2734,0.2465,H,0.5552,1-1,0.1279,2-0,H,1,0,0,0.7336,,,
2026-01-11,N1,Telstar,Ajax,0.1588,0.2039,0.6373,A,0.616,0-2,0.0989,2-3,A,1,0,1,0.4506,A,-0.0107,0.85
2026-01-11,I1,Lecce,Parma,0.3942,0.2997,0.3062,H,0.3768,1-1,0.1382,1-2,A,0,0,0,1.1837,H,-0.0517,-1.0
2026-01-11,SP1,Vallecano,Mallorca,0.461,0.2903,0.2487,H,0.4377,1-1,0.1375,2-1,H,1,0,0,0.7743,A,-0.1217,-1.0
2026-01-11,SP1,Levante,Espanol,0.3067,0.2868,0.4065,A,0.473,1-1,0.1367,1-1,D,0,1,1,1.2488,,,
2026-01-11,D1,M'gladbach,Augsburg,0.3871,0.2912,0.3217,H,0.4745,1-1,0.1388,4-0,H,1,0,0,0.9491,A,0.0025,-1.0
2026-01-11,P1,Moreirense,Tondela,0.5977,0.2458,0.1565,H,0.5542,1-1,0.1165,1-0,H,1,0,0,0.5146,H,-0.1483,1.01
2026-01-11,P1,Nacional,Santa Clara,0.3779,0.2826,0.3396,H,0.4446,1-1,0.1342,3-3,D,0,0,0,1.2638,H,-0.0391,-1.0
2026-01-11,G1,Panathinaikos,Panserraikos,0.8492,0.1021,0.0487,H,0.6201,2-0,0.1551,3-0,H,1,0,1,0.1634,,,
2026-01-11,G1,Aris,AEK,0.1899,0.2467,0.5634,A,0.4733,0-1,0.1222,1-1,D,0,0,1,1.3996,,,
2026-01-11,G1,OFI Crete,Asteras Tripolis,0.3052,0.2934,0.4015,A,0.4177,1-1,0.1383,4-0,H,0,0,0,1.1869,A,-0.1406,-1.0
2026-01-11,G1,Levadeiakos,Volos NFC,0.5156,0.2588,0.2256,H,0.5206,1-1,0.1231,3-1,H,1,0,1,0.6624,A,-0.16,-1.0
2026-01-11,D1,Bayern Munich,Wolfsburg,0.8764,0.0806,0.043,H,0.825,3-0,0.0915,8-1,H,1,0,1,0.132,,,
2026-01-12,I1,Juventus,Cremonese,0.8083,0.1262,0.0655,H,0.5268,2-0,0.1723,5-0,H,1,0,1,0.2129,,,
2026-01-12,I1,Genoa,Cagliari,0.4509,0.2928,0.2562,H,0.4604,1-1,0.1395,3-0,H,1,0,0,0.7964,,,
2026-01-12,SP1,Sevilla,Celta,0.3605,0.2951,0.3444,H,0.4557,1-1,0.1405,0-1,A,0,0,1,1.066,,,
2026-01-13,D1,Mainz,Heidenheim,0.4409,0.2946,0.2646,H,0.5166,1-1,0.1395,2-1,H,1,0,1,0.819,A,-0.224,-1.0
2026-01-13,D1,Dortmund,Werder Bremen,0.6957,0.1799,0.1244,H,0.625,2-1,0.1092,3-0,H,1,0,1,0.3629,,,
2026-01-13,D1,Stuttgart,Ein Frankfurt,0.4994,0.2586,0.242,H,0.537,1-1,0.1226,3-2,H,1,0,1,0.6943,D,0.0474,-1.0
2026-01-14,SC0,Falkirk,Celtic,0.1618,0.2253,0.6129,A,0.4622,0-1,0.1421,0-1,A,1,1,1,0.4896,,,
2026-01-14,D1,Wolfsburg,St Pauli,0.5015,0.2599,0.2386,H,0.4996,1-1,0.1239,2-1,H,1,0,0,0.6901,,,
2026-01-14,D1,FC Koln,Bayern Munich,0.0783,0.1273,0.7945,A,0.7126,0-2,0.1047,1-3,A,1,0,1,0.2301,,,
2026-01-14,SC0,Hearts,St Mirren,0.6196,0.2368,0.1436,H,0.4319,1-0,0.1575,2-0,H,1,0,1,0.4787,,,
2026-01-14,I1,Napoli,Parma,0.7504,0.1723,0.0773,H,0.51,2-0,0.1551,0-0,D,0,0,0,1.7586,,,
2026-01-14,I1,Inter,Lecce,0.8744,0.084,0.0416,H,0.6346,2-0,0.1583,1-0,H,1,0,0,0.1343,,,
2026-01-14,D1,Hoffenheim,M'gladbach,0.4894,0.2794,0.2312,H,0.564,1-1,0.1302,5-1,H,1,0,1,0.7146,D,-0.037,-1.0
2026-01-14,D1,RB Leipzig,Freiburg,0.5425,0.2537,0.2038,H,0.6119,1-1,0.1156,2-0,H,1,0,0,0.6116,,,
2026-01-15,I1,Verona,Bologna,0.2482,0.2467,0.5051,A,0.5079,1-1,0.1176,2-3,A,1,0,1,0.6831,A,-0.0233,1.1
2026-01-15,I1,Como,Milan,0.3158,0.2858,0.3983,A,0.4531,1-1,0.136,1-3,A,1,0,0,0.9204,,,
2026-01-15,D1,Augsburg,Union Berlin,0.3457,0.2853,0.3689,A,0.4508,1-1,0.1357,1-1,D,0,1,1,1.2542,A,-0.0278,-1.0
2026-01-16,B1,Club Brugge,RAAL La Louviere,0.7724,0.1489,0.0787,H,0.6203,2-0,0.1299,2-3,A,0,0,1,2.5422,H,-0.0226,-1.0
2026-01-16,P1,Sp Lisbon,Casa Pia,0.8849,0.0777,0.0374,H,0.6847,3-0,0.1444,3-0,H,1,1,1,0.1223,,,
2026-01-16,E1,West Brom,Middlesbrough,0.4449,0.2591,0.296,H,0.5242,1-1,0.1229,2-3,A,0,0,1,1.2174,H,0.0417,-1.0
2026-01-16,I1,Pisa,Atalanta,0.2096,0.2559,0.5345,A,0.4332,0-1,0.1356,1-1,D,0,0,1,1.3631,H,0.04,-1.0
2026-01-16,SP1,Espanol,Girona,0.4954,0.2963,0.2083,H,0.4276,1-1,0.1397,0-2,A,0,0,1,1.569,,,
2026-01-16,F1,Paris SG,Lille,0.6882,0.1748,0.137,H,0.6527,2-1,0.1032,3-0,H,1,0,1,0.3737,,,
2026-01-16,F1,Monaco,Lorient,0.5123,0.2742,0.2135,H,0.5513,1-1,0.1292,1-3,A,0,0,1,1.5443,D,0.0,-1.0
2026-01-16,D1,Werder Bremen,Ein Frankfurt,0.286,0.2722,0.4418,A,0.5553,1-1,0.1276,3-3,D,0,0,1,1.3011,A,0.0,-1.0
2026-01-17,P1,Rio Ave,Benfica,0.1042,0.1642,0.7317,A,0.6275,0-2,0.1176,0-2,A,1,1,0,0.3124,,,
2026-01-17,F1,Angers,Marseille,0.2047,0.2271,0.5682,A,0.5971,1-1,0.1055,2-5,A,1,0,1,0.5652,H,0.0455,-1.0
2026-01-17,F1,Toulouse,Nice,0.4357,0.2933,0.2709,H,0.4384,1-1,0.1391,5-1,H,1,0,0,0.8307,,,
2026-01-17,F1,Lens,Auxerre,0.7502,0.1666,0.0832,H,0.577,2-0,0.1365,1-0,H,1,0,0,0.2874,H,-0.0405,0.42
2026-01-17,D1,RB Leipzig,Bayern Munich,0.2127,0.2134,0.5739,A,0.6575,1-2,0.1079,1-5,A,1,0,1,0.5554,,,
2026-01-17,D1,Wolfsburg,Heidenheim,0.5354,0.2646,0.1999,H,0.5487,1-1,0.1248,1-1,D,0,1,0,1.3295,,,
2026-01-17,I1,Cagliari,Juventus,0.1126,0.1803,0.7071,A,0.5758,0-2,0.1264,1-0,H,0,0,0,2.1836,A,-0.0196,-1.0
2026-01-17,D1,Hamburg,M'gladbach,0.4033,0.2752,0.3214,H,0.5249,1-1,0.1302,0-0,D,0,0,0,1.2901,,,
2026-01-17,D1,FC Koln,Mainz,0.4567,0.2873,0.2559,H,0.4566,1-1,0.1366,2-1,H,1,0,0,0.7836,,,
2026-01-17,E0,Nott'm Forest,Arsenal,0.1839,0.2305,0.5855,A,0.4825,0-1,0.1303,0-0,D,0,0,1,1.4674,,,
2026-01-17,D1,Dortmund,St Pauli,0.7924,0.1382,0.0694,H,0.5392,2-0,0.1594,3-2,H,1,0,1,0.2327,H,0.0,0.33
2026-01-17,G1,Panserraikos,Kifisia,0.251,0.2706,0.4784,A,0.4655,1-1,0.1288,2-1,H,0,0,0,1.3824,,,
2026-01-17,I1,Udinese,Inter,0.1175,0.1958,0.6868,A,0.5306,0-2,0.1316,0-1,A,1,0,0,0.3758,,,
2026-01-17,I1,Napoli,Sassuolo,0.7767,0.1491,0.0742,H,0.5516,2-0,0.1513,1-0,H,1,0,0,0.2528,H,0.0423,0.48
2026-01-17,D1,Hoffenheim,Leverkusen,0.3297,0.2502,0.4201,A,0.564,1-1,0.1167,1-0,H,0,0,0,1.1095,A,-0.0357,-1.0
2026-01-17,P1,AVS,Arouca,0.3626,0.2868,0.3507,H,0.4356,1-1,0.1359,0-1,A,0,0,1,1.0479,H,0.1673,-1.0
2026-01-17,E0,Man United,Man City,0.3399,0.239,0.4212,A,0.5655,1-1,0.1117,2-0,H,0,0,0,1.0792,H,0.2759,2.7
2026-01-17,E1,Preston,Derby,0.4505,0.2768,0.2727,H,0.465,1-1,0.1318,0-1,A,0,0,1,1.2994,,,
2026-01-17,E1,Swansea,Birmingham,0.4415,0.2758,0.2827,H,0.4661,1-1,0.1314,1-1,D,0,1,1,1.288,H,0.0,-1.0
2026-01-17,SP1,Betis,Villarreal,0.326,0.2673,0.4066,A,0.5098,1-1,0.1271,2-0,H,0,0,0,1.1207,A,-0.0259,-1.0
2026-01-17,E1,Ipswich,Blackburn,0.551,0.2559,0.1931,H,0.4398,1-0,0.1371,3-0,H,1,0,0,0.5961,A,0.0,-1.0
2026-01-17,E1,Watford,Millwall,0.4424,0.2811,0.2765,H,0.5137,1-1,0.1334,0-2,A,0,0,0,1.2854,,,
2026-01-17,E1,Charlton,Sheffield United,0.2368,0.2251,0.5381,A,0.5067,0-1,0.113,1-0,H,0,0,0,1.4405,A,0.129,-1.0
2026-01-17,E1,Oxford,Bristol City,0.3097,0.2698,0.4205,A,0.4951,1-1,0.1285,0-0,D,0,0,1,1.3101,,,
2026-01-17,P1,Alverca,Moreirense,0.3846,0.2968,0.3186,H,0.4397,1-1,0.141,2-1,H,1,0,0,0.9557,H,0.1638,1.7
2026-01-17,E1,Sheffield Weds,Portsmouth,0.2802,0.2644,0.4554,A,0.3976,0-1,0.1468,0-1,A,1,1,1,0.7866,,,
2026-01-17,E1,Southampton,Hull,0.4809,0.2596,0.2595,H,0.478,1-1,0.1237,1-2,A,0,0,0,1.3489,A,-0.1739,3.75
2026-01-17,B1,Waregem,Genk,0.2286,0.2319,0.5395,A,0.553,1-1,0.1098,2-1,H,0,0,1,1.4758,A,-0.0205,-1.0
2026-01-17,B1,Westerlo,Cercle Brugge,0.4209,0.2877,0.2914,H,0.4861,1-1,0.1371,0-2,A,0,0,1,1.233,,,
2026-01-17,B1,St. Gilloise,Mechelen,0.7624,0.1542,0.0834,H,0.6501,2-0,0.1176,1-0,H,1,0,0,0.2713,H,-0.0441,0.3
2026-01-17,E1,Stoke,QPR,0.394,0.2809,0.3251,H,0.4422,1-1,0.1333,0-0,D,0,0,1,1.2697,A,-0.0541,-1.0
2026-01-17,E1,Wrexham,Norwich,0.4968,0.2754,0.2278,H,0.4698,1-1,0.1311,1-2,A,0,0,0,1.4791,H,0.0476,-1.0
2026-01-17,SP1,Osasuna,Oviedo,0.5199,0.2786,0.2016,H,0.4362,1-1,0.1312,3-2,H,1,0,0,0.6542,,,
2026-01-17,SP1,Mallorca,Ath Bilbao,0.3105,0.2774,0.4121,A,0.4562,1-1,0.132,3-2,H,0,0,0,1.1697,H,0.0,2.8
2026-01-17,SP1,Real Madrid,Levante,0.8675,0.0908,0.0417,H,0.62,2-0,0.1603,2-0,H,1,1,0,0.1421,,,
2026-01-17,E0,Tottenham,West Ham,0.5852,0.243,0.1718,H,0.4767,1-0,0.1306,1-2,A,0,0,0,1.7612,H,-0.0649,-1.0
2026-01-17,E0,Sunderland,Crystal Palace,0.3423,0.2861,0.3716,A,0.4257,1-1,0.1351,2-1,H,0,0,0,1.0721,,,
2026-01-17,E1,Coventry,Leicester,0.5789,0.2499,0.1712,H,0.5811,1-1,0.1168,2-1,H,1,0,1,0.5466,,,
2026-01-17,N1,Ajax,Go Ahead Eagles,0.7143,0.1753,0.1104,H,0.6186,2-0,0.1151,2-2,D,0,0,1,1.741,H,-0.1138,-1.0
2026-01-17,P1,Gil Vicente,Nacional,0.5757,0.2527,0.1717,H,0.5179,1-1,0.1204,2-1,H,1,0,1,0.5522,,,
2026-01-17,T1,Buyuksehyr,Karagumruk,0.6729,0.1994,0.1277,H,0.6093,2-0,0.1078,2-1,H,1,0,1,0.3961,H,0.0,0.45
2026-01-17,T1,Galatasaray,Gaziantep,0.8334,0.1116,0.055,H,0.6979,2-0,0.119,1-1,D,0,0,0,2.1929,,,
2026-01-17,E0,Leeds,Fulham,0.4005,0.2783,0.3212,H,0.5337,1-1,0.1312,1-0,H,1,0,0,0.9151,A,0.1667,-1.0
2026-01-17,N1,NAC Breda,Nijmegen,0.2273,0.2114,0.5612,A,0.5214,0-1,0.1204,3-4,A,1,0,1,0.5776,A,-0.1964,1.25
2026-01-17,E0,Liverpool,Burnley,0.7463,0.1693,0.0844,H,0.5789,2-0,0.1341,1-1,D,0,0,0,1.7761,,,
2026-01-17,N1,For Sittard,PSV Eindhoven,0.1063,0.1666,0.7271,A,0.6293,0-2,0.1158,1-2,A,1,0,1,0.3186,,,
2026-01-17,E0,Chelsea,Brentford,0.4651,0.2881,0.2467,H,0.5186,1-1,0.1367,2-0,H,1,0,0,0.7655,D,0.0667,-1.0
2026-01-17,N1,Zwolle,AZ Alkmaar,0.1936,0.2445,0.5619,A,0.629,1-1,0.1111,3-1,H,0,0,1,1.6418,,,
2026-01-17,N1,Excelsior,Telstar,0.451,0.2886,0.2604,H,0.5004,1-1,0.1373,2-2,D,0,0,1,1.2426,,,
2026-01-18,F1,Rennes,Le Havre,0.5726,0.2543,0.1731,H,0.5085,1-1,0.1212,1-1,D,0,1,0,1.369,,,
2026-01-18,F1,Lyon,Brest,0.5587,0.264,0.1773,H,0.4883,1-1,0.1258,2-1,H,1,0,0,0.5822,,,
2026-01-18,D1,Stuttgart,Union Berlin,0.6049,0.2356,0.1595,H,0.6043,1-1,0.1095,1-1,D,0,1,0,1.4457,,,
2026-01-18,SP1,Getafe,Valencia,0.393,0.3014,0.3055,H,0.4101,1-1,0.1418,0-1,A,0,0,1,1.1857,,,
2026-01-18,SP1,Ath Madrid,Alaves,0.7616,0.1619,0.0765,H,0.6154,2-0,0.1279,1-0,H,1,0,0,0.2723,H,-0.058,0.3
2026-01-18,B1,Gent,Anderlecht,0.2876,0.2699,0.4425,A,0.4985,1-1,0.1286,4-2,H,0,0,0,1.2461,,,
2026-01-18,D1,Augsburg,Freiburg,0.3083,0.2717,0.42,A,0.5327,1-1,0.1283,2-2,D,0,0,1,1.3029,A,-0.125,-1.0
2026-01-18,P1,Santa Clara,Famalicao,0.3686,0.2896,0.3419,H,0.4706,1-1,0.138,0-1,A,0,0,1,1.0734,H,-0.06,-1.0
2026-01-18,SP1,Celta,Vallecano,0.4988,0.286,0.2152,H,0.4102,1-0,0.1381,3-0,H,1,0,0,0.6955,H,0.0789,1.05
2026-01-18,F1,Strasbourg,Metz,0.6101,0.2391,0.1508,H,0.5516,1-1,0.1135,2-1,H,1,0,1,0.4941,,,
2026-01-18,F1,Nantes,Paris FC,0.4051,0.288,0.3068,H,0.4826,1-1,0.1373,1-2,A,0,0,0,1.1814,H,0.2,-1.0
2026-01-18,P1,Tondela,Sp Braga,0.1352,0.1857,0.6791,A,0.5511,0-1,0.1237,0-1,A,1,1,0,0.387,A,0.0685,0.56
2026-01-18,P1,Guimaraes,Porto,0.1321,0.217,0.6509,A,0.4769,0-1,0.1369,0-1,A,1,1,1,0.4294,,,
2026-01-18,SP1,Sociedad,Barcelona,0.1638,0.2023,0.6339,A,0.5584,0-2,0.1112,2-1,H,0,0,1,1.809,,,
2026-01-18,G1,AEK,Panathinaikos,0.5176,0.259,0.2234,H,0.4836,1-1,0.1234,4-0,H,1,0,0,0.6586,H,0.095,0.96
2026-01-18,N1,Volendam,Utrecht,0.2057,0.2209,0.5735,A,0.5572,1-1,0.1046,2-1,H,0,0,1,1.5815,A,-0.0164,-1.0
2026-01-18,G1,PAOK,OFI Crete,0.84,0.105,0.0549,H,0.6524,2-0,0.1392,3-0,H,1,0,1,0.1743,,,
2026-01-18,G1,Larisa,Aris,0.2563,0.2698,0.4739,A,0.4334,0-1,0.1275,1-0,H,0,0,1,1.3614,A,0.0697,-1.0
2026-01-18,T1,Kocaelispor,Trabzonspor,0.2425,0.2602,0.4973,A,0.4478,1-1,0.123,1-2,A,1,0,0,0.6985,A,-0.0364,1.65
2026-01-18,B1,Charleroi,Standard,0.4606,0.2947,0.2447,H,0.458,1-1,0.1402,2-0,H,1,0,1,0.7753,A,0.0976,-1.0
2026-01-18,T1,Alanyaspor,Fenerbahce,0.1237,0.1881,0.6882,A,0.5914,0-2,0.1164,2-3,A,1,0,1,0.3737,A,-0.0132,0.49
2026-01-18,N1,Heerenveen,Groningen,0.4679,0.2869,0.2451,H,0.5412,1-1,0.1351,0-2,A,0,0,0,1.4059,H,0.1282,-1.0
2026-01-18,N1,Heracles,Twente,0.2006,0.2225,0.5769,A,0.5629,1-2,0.1069,0-2,A,1,0,0,0.5501,,,
2026-01-18,B1,St Truiden,Oud-Heverlee Leuven,0.4892,0.2679,0.2428,H,0.5093,1-1,0.1275,1-0,H,1,0,0,0.7149,A,-0.0378,-1.0
2026-01-18,B1,Dender,Antwerp,0.2642,0.2602,0.4756,A,0.5541,1-1,0.1222,1-0,H,0,0,0,1.3312,A,0.0217,-1.0
2026-01-18,T1,Genclerbirligi,Samsunspor,0.2517,0.2578,0.4905,A,0.4736,1-1,0.1228,1-1,D,0,1,1,1.3555,A,-0.2879,-1.0
2026-01-18,T1,Kasimpasa,Antalyaspor,0.4396,0.3003,0.2601,H,0.3803,1-1,0.1381,0-0,D,0,0,1,1.203,,,
2026-01-18,I1,Milan,Lecce,0.8016,0.1327,0.0657,H,0.566,2-0,0.1567,1-0,H,1,0,0,0.2211,,,
2026-01-18,I1,Torino,Roma,0.2768,0.2789,0.4443,A,0.4529,1-1,0.1326,0-2,A,1,0,1,0.8112,,,
2026-01-18,I1,Bologna,Fiorentina,0.5085,0.2668,0.2247,H,0.5107,1-1,0.127,1-2,A,0,0,1,1.493,H,-0.0756,-1.0
2026-01-18,I1,Parma,Genoa,0.39,0.2943,0.3157,H,0.4177,1-1,0.1388,0-0,D,0,0,1,1.2231,H,0.0,-1.0
2026-01-18,E0,Wolves,Newcastle,0.1551,0.1984,0.6465,A,0.5757,0-2,0.1106,0-0,D,0,0,0,1.6175,A,0.0,-1.0
2026-01-18,E0,Aston Villa,Everton,0.6179,0.2162,0.1659,H,0.5611,2-0,0.1072,0-1,A,0,0,0,1.7965,H,0.0309,-1.0
2026-01-18,N1,Feyenoord,Sparta Rotterdam,0.7262,0.1778,0.0961,H,0.63,2-0,0.114,3-4,A,0,0,1,2.3428,H,-0.098,-1.0
2026-01-19,SP1,Elche,Sevilla,0.4061,0.2995,0.2944,H,0.4573,1-1,0.1427,2-2,D,0,0,0,1.2057,,,
2026-01-19,E0,Brighton,Bournemouth,0.4573,0.2708,0.2719,H,0.5537,1-1,0.1268,1-1,D,0,1,0,1.3065,,,
2026-01-19,P1,Estrela,Estoril,0.3398,0.2854,0.3748,A,0.499,1-1,0.1358,0-5,A,1,0,0,0.9813,,,
2026-01-19,T1,Konyaspor,Eyupspor,0.3871,0.2912,0.3216,H,0.4349,1-1,0.1381,1-1,D,0,1,1,1.2336,A,-0.2143,-1.0
2026-01-19,T1,Goztep,Rizespor,0.5255,0.2798,0.1947,H,0.4449,1-1,0.1323,3-1,H,1,0,0,0.6434,H,-0.0498,0.91
2026-01-19,G1,Volos NFC,Atromitos,0.4916,0.2922,0.2162,H,0.4044,1-0,0.1362,0-3,A,0,0,0,1.5316,,,
2026-01-19,G1,Panetolikos,Levadeiakos,0.2444,0.2543,0.5013,A,0.4963,1-1,0.1212,1-3,A,1,0,0,0.6905,,,
2026-01-19,I1,Cremonese,Verona,0.4189,0.2953,0.2858,H,0.4473,1-1,0.1405,0-0,D,0,0,1,1.2196,H,0.0958,-1.0
2026-01-19,I1,Lazio,Como,0.4243,0.2919,0.2838,H,0.457,1-1,0.139,0-3,A,0,0,0,1.2595,H,-0.129,-1.0
2026-01-19,T1,Besiktas,Kayserispor,0.6506,0.2185,0.1308,H,0.5498,2-0,0.117,1-0,H,1,0,0,0.4298,D,0.0,-1.0
2026-01-20,E1,Charlton,Derby,0.3578,0.2923,0.3499,H,0.4369,1-1,0.1387,1-2,A,0,0,0,1.0502,,,
2026-01-20,E1,Coventry,Millwall,0.4659,0.2898,0.2443,H,0.4783,1-1,0.1382,2-1,H,1,0,0,0.7639,A,0.0825,-1.0
2026-01-20,E1,Ipswich,Bristol City,0.4864,0.2785,0.235,H,0.4318,1-1,0.1314,2-0,H,1,0,1,0.7206,A,-0.0909,-1.0
2026-01-20,SC0,Livingston,St Mirren,0.3426,0.2712,0.3861,A,0.4558,1-1,0.129,1-1,D,0,1,1,1.3047,,,
2026-01-20,E1,Oxford,QPR,0.3574,0.2798,0.3628,A,0.4468,1-1,0.133,0-0,D,0,0,1,1.2736,,,
2026-01-20,E1,Sheffield Weds,Birmingham,0.3132,0.2616,0.4251,A,0.4541,1-1,0.1243,0-2,A,1,0,1,0.8553,H,-0.1333,-1.0
2026-01-20,E1,Preston,Hull,0.4697,0.2824,0.248,H,0.4231,1-1,0.1328,0-3,A,0,0,0,1.3944,H,0.0,-1.0
2026-01-20,E1,West Brom,Norwich,0.4972,0.267,0.2358,H,0.4672,1-1,0.1269,0-5,A,0,0,0,1.4446,,,
2026-01-20,E1,Wrexham,Leicester,0.4762,0.279,0.2448,H,0.4752,1-1,0.133,1-1,D,0,1,1,1.2765,H,0.0233,-1.0
2026-01-20,E1,Swansea,Blackburn,0.4248,0.2742,0.301,H,0.4422,1-1,0.13,3-1,H,1,0,0,0.8562,A,-0.2211,-1.0
2026-01-21,E1,Southampton,Sheffield United,0.3543,0.2726,0.3731,A,0.4879,1-1,0.1299,1-0,H,0,0,1,1.0376,D,-0.0256,-1.0
2026-01-21,N1,AZ Alkmaar,Excelsior,0.7103,0.1821,0.1076,H,0.6094,2-0,0.1171,1-1,D,0,0,0,1.7031,,,
2026-01-21,E1,Watford,Portsmouth,0.5544,0.244,0.2017,H,0.4553,1-0,0.1342,1-1,D,0,0,1,1.4107,,,
2026-01-21,E1,Stoke,Middlesbrough,0.3311,0.2876,0.3813,A,0.43,1-1,0.1361,1-2,A,1,0,0,0.964,,,
2026-01-23,T1,Trabzonspor,Kasimpasa,0.7123,0.1773,0.1104,H,0.609,2-0,0.1175,2-1,H,1,0,1,0.3392,H,-0.0321,0.51
2026-01-23,B1,Standard,Gent,0.3286,0.2867,0.3847,A,0.4859,1-1,0.1366,0-4,A,1,0,0,0.9552,A,0.0266,1.7
2026-01-23,SP1,Levante,Elche,0.4026,0.2922,0.3052,H,0.4812,1-1,0.1392,3-2,H,1,0,0,0.9098,,,
2026-01-23,E1,Derby,West Brom,0.4636,0.2694,0.267,H,0.4667,1-1,0.1283,1-1,D,0,1,1,1.3115,H,-0.0377,-1.0
2026-01-23,F1,Auxerre,Paris SG,0.0971,0.1566,0.7463,A,0.6048,0-2,0.1277,0-1,A,1,0,0,0.2926,,,
2026-01-23,I1,Inter,Pisa,0.8771,0.0826,0.0403,H,0.6833,2-0,0.1394,6-2,H,1,0,1,0.1311,,,
2026-01-23,D1,St Pauli,Hamburg,0.3129,0.2908,0.3963,A,0.4838,1-1,0.1386,0-0,D,0,0,1,1.235,A,-0.0179,-1.0
2026-01-23,P1,Casa Pia,AVS,0.5132,0.282,0.2047,H,0.4749,1-1,0.1344,3-3,D,0,0,0,1.2658,H,0.0,-1.0
2026-01-24,SP1,Villarreal,Real Madrid,0.2723,0.2707,0.4569,A,0.5535,1-1,0.1268,0-2,A,1,0,0,0.7832,,,
2026-01-24,SP1,Vallecano,Osasuna,0.4536,0.2963,0.2501,H,0.4322,1-1,0.1402,1-3,A,0,0,0,1.3858,,,
2026-01-24,G1,Olympiakos,Volos NFC,0.8748,0.0849,0.0402,H,0.6159,2-0,0.1656,1-0,H,1,0,0,0.1337,,,
2026-01-24,G1,Asteras Tripolis,AEK,0.1229,0.1978,0.6794,A,0.5021,0-2,0.1371,0-1,A,1,0,0,0.3866,A,0.0719,0.49
2026-01-24,E0,Man City,Wolves,0.794,0.1414,0.0646,H,0.6715,2-0,0.1178,2-0,H,1,1,0,0.2307,,,
2026-01-24,D1,Bayern Munich,Augsburg,0.8857,0.0766,0.0377,H,0.8229,3-0,0.0943,1-2,A,0,0,1,3.2775,,,
2026-01-24,D1,Ein Frankfurt,Hoffenheim,0.4344,0.2765,0.289,H,0.5313,1-1,0.1306,1-3,A,0,0,1,1.2412,H,-0.0667,-1.0
2026-01-24,D1,Heidenheim,RB Leipzig,0.1644,0.1964,0.6393,A,0.6275,1-2,0.0985,0-3,A,1,0,1,0.4474,A,-0.0485,0.57
2026-01-24,D1,Leverkusen,Werder Bremen,0.6637,0.2034,0.1329,H,0.6053,2-0,0.1065,1-0,H,1,0,0,0.4099,H,0.0318,0.62
2026-01-24,D1,Mainz,Wolfsburg,0.3938,0.2856,0.3205,H,0.5331,1-1,0.1345,3-1,H,1,0,1,0.9318,,,
2026-01-24,D1,Union Berlin,Dortmund,0.2456,0.246,0.5085,A,0.5485,1-1,0.116,0-3,A,1,0,1,0.6764,A,-0.1087,1.05
2026-01-24,B1,Oud-Heverlee Leuven,St. Gilloise,0.1379,0.2068,0.6554,A,0.5375,0-2,0.122,0-0,D,0,0,0,1.5761,A,-0.1436,-1.0
2026-01-24,B1,Club Brugge,Waregem,0.7779,0.1471,0.075,H,0.6787,2-0,0.1115,4-3,H,1,0,1,0.2512,H,-0.0282,0.38
2026-01-24,B1,RAAL La Louviere,St Truiden,0.2863,0.2877,0.4259,A,0.4965,1-1,0.137,1-2,A,1,0,0,0.8535,,,
2026-01-24,E0,Fulham,Brighton,0.4333,0.2868,0.2799,H,0.4709,1-1,0.1367,2-1,H,1,0,0,0.8363,H,0.0196,1.6
2026-01-24,G1,Larisa,Panserraikos,0.549,0.2504,0.2005,H,0.4525,1-0,0.1266,1-0,H,1,1,1,0.5996,,,
2026-01-24,SP1,Sevilla,Ath Bilbao,0.3373,0.2811,0.3816,A,0.5008,1-1,0.1337,2-1,H,0,0,1,1.0868,,,
2026-01-24,E1,Millwall,Charlton,0.5661,0.2489,0.185,H,0.4257,1-0,0.1459,4-0,H,1,0,0,0.5691,,,
2026-01-24,P1,Estoril,Guimaraes,0.4085,0.2905,0.301,H,0.459,1-1,0.1383,4-2,H,1,0,0,0.8953,,,
2026-01-24,SC0,Motherwell,Kilmarnock,0.6591,0.21,0.131,H,0.4726,1-0,0.1498,4-0,H,1,0,0,0.4169,,,
2026-01-24,SC0,Falkirk,Hibernian,0.2975,0.2902,0.4123,A,0.4485,1-1,0.1379,4-1,H,0,0,0,1.2125,,,
2026-01-24,N1,Twente,Excelsior,0.7557,0.1561,0.0881,H,0.5658,2-0,0.1426,0-0,D,0,0,0,1.8571,H,0.0472,-1.0
2026-01-24,F1,Marseille,Lens,0.3848,0.2851,0.3301,H,0.5156,1-1,0.1351,3-1,H,1,0,1,0.9551,A,0.0462,-1.0
2026-01-24,F1,Le Havre,Monaco,0.3719,0.2834,0.3447,H,0.467,1-1,0.135,0-0,D,0,0,1,1.261,H,-0.15,-1.0
2026-01-24,F1,Rennes,Lorient,0.542,0.2634,0.1946,H,0.5059,1-1,0.1255,0-2,A,0,0,0,1.6366,,,
2026-01-24,I1,Como,Torino,0.5905,0.233,0.1766,H,0.573,1-1,0.1097,6-0,H,1,0,1,0.5268,,,
2026-01-24,I1,Fiorentina,Cagliari,0.571,0.2581,0.1709,H,0.5182,1-1,0.123,1-2,A,0,0,1,1.7668,,,
2026-01-24,I1,Lecce,Lazio,0.2108,0.2448,0.5444,A,0.4388,0-1,0.1408,0-0,D,0,0,1,1.4071,A,0.0769,-1.0
2026-01-24,N1,PSV Eindhoven,NAC Breda,0.8731,0.0862,0.0408,H,0.7669,3-0,0.1182,2-2,D,0,0,1,2.4516,,,
2026-01-24,N1,Nijmegen,Zwolle,0.6627,0.1976,0.1396,H,0.6062,2-0,0.1059,2-1,H,1,0,1,0.4114,,,
2026-01-24,N1,Ajax,Volendam,0.7943,0.1374,0.0682,H,0.6544,2-0,0.1243,2-0,H,1,1,0,0.2303,H,-0.0226,0.3
2026-01-24,E0,Bournemouth,Liverpool,0.271,0.2482,0.4808,A,0.4927,1-1,0.1183,3-2,H,0,0,0,1.3058,,,
2026-01-24,SP1,Valencia,Espanol,0.3589,0.3099,0.3312,H,0.3878,1-1,0.1443,3-2,H,1,0,0,1.0248,,,
2026-01-24,SC0,Aberdeen,Livingston,0.5699,0.2519,0.1782,H,0.4861,1-0,0.1229,6-2,H,1,0,0,0.5623,,,
2026-01-24,P1,Arouca,Sp Lisbon,0.0746,0.1417,0.7837,A,0.6654,0-2,0.1178,1-2,A,1,0,1,0.2438,,,
2026-01-24,T1,Karagumruk,Galatasaray,0.0857,0.1517,0.7626,A,0.6553,0-2,0.1161,1-3,A,1,0,1,0.271,A,0.0484,0.3
2026-01-24,T1,Samsunspor,Kocaelispor,0.4703,0.2928,0.2369,H,0.4812,1-1,0.1396,0-0,D,0,0,1,1.2282,,,
2026-01-24,T1,Kayserispor,Buyuksehyr,0.2886,0.2837,0.4278,A,0.5156,1-1,0.1346,0-3,A,1,0,1,0.8492,,,
2026-01-24,E1,Sheffield United,Ipswich,0.3441,0.2907,0.3652,A,0.4741,1-1,0.1386,3-1,H,0,0,0,1.0668,,,
2026-01-24,E1,QPR,Wrexham,0.4286,0.2784,0.2929,H,0.4455,1-1,0.1322,2-3,A,0,0,0,1.2278,,,
2026-01-24,E1,Leicester,Oxford,0.4519,0.2875,0.2606,H,0.446,1-1,0.1364,1-2,A,0,0,0,1.3446,,,
2026-01-24,E1,Hull,Swansea,0.438,0.2833,0.2787,H,0.4598,1-1,0.1349,2-1,H,1,0,0,0.8256,H,0.0791,1.32
2026-01-24,E1,Bristol City,Sheffield Weds,0.723,0.168,0.109,H,0.5417,2-0,0.1389,2-0,H,1,1,0,0.3244,,,
2026-01-24,E1,Blackburn,Watford,0.3283,0.2772,0.3945,A,0.4307,1-1,0.1311,1-1,D,0,1,1,1.283,A,-0.2838,-1.0
2026-01-24,E1,Birmingham,Stoke,0.425,0.2914,0.2836,H,0.4309,1-1,0.1379,1-1,D,0,1,1,1.2331,A,-0.1111,-1.0
2026-01-24,E0,Burnley,Tottenham,0.3194,0.2903,0.3903,A,0.4831,1-1,0.1383,2-2,D,0,0,0,1.2368,H,-0.0513,-1.0
2026-01-24,E1,Middlesbrough,Preston,0.5511,0.2572,0.1917,H,0.5043,1-1,0.1226,4-0,H,1,0,1,0.5959,A,-0.08,-1.0
2026-01-24,P1,Moreirense,Santa Clara,0.4611,0.2973,0.2416,H,0.4085,1-1,0.1393,1-0,H,1,0,1,0.7742,H,-0.1167,1.65
2026-01-24,E0,West Ham,Sunderland,0.3395,0.2996,0.361,A,0.439,1-1,0.1423,3-1,H,0,0,0,1.0804,A,-0.1138,-1.0
2026-01-25,N1,Feyenoord,Heracles,0.7555,0.1528,0.0918,H,0.643,2-0,0.1183,4-2,H,1,0,1,0.2804,,,
2026-01-25,P1,Benfica,Estrela,0.8868,0.0757,0.0376,H,0.7199,2-0,0.1267,4-0,H,1,0,1,0.1202,,,
2026-01-25,P1,Famalicao,Tondela,0.6695,0.2019,0.1286,H,0.5366,2-0,0.1257,3-0,H,1,0,1,0.4013,H,0.0,0.56
2026-01-25,P1,Sp Braga,Alverca,0.7246,0.1824,0.093,H,0.5417,2-0,0.1396,5-0,H,1,0,1,0.3222,H,-0.0144,0.37
2026-01-25,SC0,Hearts,Celtic,0.2668,0.2595,0.4737,A,0.5075,1-1,0.1235,2-2,D,0,0,1,1.349,A,0.0476,-1.0
2026-01-25,N1,Utrecht,Sparta Rotterdam,0.508,0.2843,0.2077,H,0.5074,1-1,0.1354,0-1,A,0,0,0,1.5717,D,0.0857,-1.0
2026-01-25,E0,Arsenal,Man United,0.6387,0.2083,0.153,H,0.655,2-1,0.0992,2-3,A,0,0,1,1.8774,,,
2026-01-25,E0,Newcastle,Aston Villa,0.4509,0.2638,0.2852,H,0.5912,1-1,0.1208,0-2,A,0,0,0,1.2545,,,
2026-01-25,E0,Crystal Palace,Chelsea,0.3163,0.2692,0.4145,A,0.4925,1-1,0.1283,1-3,A,1,0,0,0.8807,H,0.0294,-1.0
2026-01-25,E0,Brentford,Nott'm Forest,0.4636,0.2747,0.2617,H,0.4703,1-1,0.1309,0-2,A,0,0,1,1.3404,A,-0.0531,3.1
2026-01-25,N1,Telstar,AZ Alkmaar,0.2166,0.2455,0.5379,A,0.5843,1-1,0.1144,0-1,A,1,0,0,0.6201,,,
2026-01-25,N1,Groningen,For Sittard,0.5904,0.2311,0.1785,H,0.5167,1-0,0.1173,1-2,A,0,0,1,1.7231,,,
2026-01-25,P1,Nacional,Rio Ave,0.4274,0.2686,0.304,H,0.4577,1-1,0.1278,4-0,H,1,0,0,0.8501,,,
2026-01-25,SC0,Rangers,Dundee,0.8076,0.1316,0.0608,H,0.5761,2-0,0.1549,3-0,H,1,0,1,0.2136,,,
2026-01-25,SP1,Sociedad,Celta,0.3717,0.3028,0.3255,H,0.4959,1-1,0.144,3-1,H,1,0,0,0.9898,A,0.1143,-1.0
2026-01-25,I1,Juventus,Napoli,0.4836,0.2825,0.2338,H,0.4255,1-1,0.1331,3-0,H,1,0,0,0.7264,,,
2026-01-25,D1,M'gladbach,Stuttgart,0.2528,0.2659,0.4813,A,0.5686,1-1,0.1237,0-3,A,1,0,1,0.7313,A,-0.0435,1.2
2026-01-25,T1,Gaziantep,Konyaspor,0.437,0.2954,0.2676,H,0.4763,1-1,0.1408,1-1,D,0,1,1,1.2194,,,
2026-01-25,T1,Antalyaspor,Genclerbirligi,0.3992,0.3066,0.2942,H,0.4816,1-1,0.1461,2-1,H,1,0,0,0.9184,H,-0.0185,1.65
2026-01-25,T1,Rizespor,Alanyaspor,0.3399,0.3086,0.3514,A,0.4469,1-1,0.1469,1-1,D,0,1,1,1.1757,A,-0.0854,-1.0
2026-01-25,T1,Fenerbahce,Goztep,0.7944,0.1406,0.065,H,0.6988,2-0,0.1081,1-1,D,0,0,0,1.9619,H,0.0,-1.0
2026-01-25,F1,Paris FC,Angers,0.4429,0.289,0.2681,H,0.4602,1-1,0.1376,0-0,D,0,0,1,1.2413,A,0.0,-1.0
2026-01-25,I1,Roma,Milan,0.3659,0.2982,0.336,H,0.4395,1-1,0.1416,1-1,D,0,1,1,1.2101,,,
2026-01-25,F1,Metz,Lyon,0.1658,0.2212,0.613,A,0.545,0-2,0.1093,2-5,A,1,0,1,0.4893,A,0.018,0.7
2026-01-25,B1,Antwerp,Charleroi,0.4101,0.292,0.2979,H,0.4616,1-1,0.1391,0-2,A,0,0,1,1.2109,,,
2026-01-25,B1,Genk,Cercle Brugge,0.6166,0.2342,0.1492,H,0.6123,1-1,0.1082,1-1,D,0,1,0,1.4515,H,-0.0052,-1.0
2026-01-25,B1,Anderlecht,Dender,0.63,0.2232,0.1467,H,0.612,1-1,0.1033,0-0,D,0,0,0,1.4995,,,
2026-01-25,D1,Freiburg,FC Koln,0.553,0.2438,0.2032,H,0.5915,1-1,0.1134,2-1,H,1,0,1,0.5925,H,-0.05,0.9
2026-01-25,B1,Mechelen,Westerlo,0.42,0.3023,0.2777,H,0.4782,1-1,0.1441,1-1,D,0,1,1,1.1964,H,-0.0259,-1.0
2026-01-25,F1,Nantes,Nice,0.3625,0.2736,0.3639,A,0.4372,1-1,0.1296,1-4,A,1,0,0,1.0109,H,0.0741,-1.0
2026-01-25,I1,Sassuolo,Cremonese,0.4435,0.2948,0.2617,H,0.4354,1-1,0.1397,1-0,H,1,0,1,0.8131,A,0.05,-1.0
2026-01-25,G1,Aris,Levadeiakos,0.3601,0.3045,0.3354,H,0.4278,1-1,0.1443,2-2,D,0,0,0,1.1892,,,
2026-01-25,G1,OFI Crete,Panetolikos,0.4078,0.2949,0.2972,H,0.3988,1-1,0.1377,1-0,H,1,0,1,0.8969,A,-0.0476,-1.0
2026-01-25,G1,Atromitos,Panathinaikos,0.1909,0.2305,0.5786,A,0.479,0-1,0.1315,0-0,D,0,0,1,1.4677,H,0.3857,-1.0
2026-01-25,E1,Portsmouth,Southampton,0.3781,0.2828,0.3391,H,0.4491,1-1,0.1344,1-1,D,0,1,1,1.2631,H,0.0,-1.0
2026-01-25,I1,Atalanta,Parma,0.6573,0.2173,0.1253,H,0.4055,1-0,0.1835,4-0,H,1,0,0,0.4196,,,
2026-01-25,I1,Genoa,Bologna,0.3239,0.2844,0.3916,A,0.4617,1-1,0.1355,3-2,H,0,0,0,1.1272,,,
2026-01-25,SP1,Alaves,Betis,0.2517,0.2599,0.4884,A,0.4869,1-1,0.1239,2-1,H,0,0,0,1.3795,A,-0.069,-1.0
2026-01-25,SP1,Ath Madrid,Mallorca,0.7725,0.1537,0.0737,H,0.5963,2-0,0.1373,3-0,H,1,0,1,0.2581,H,0.0,0.3
2026-01-25,SP1,Barcelona,Oviedo,0.8744,0.086,0.0396,H,0.7588,3-0,0.1142,3-0,H,1,1,1,0.1342,,,
2026-01-25,F1,Brest,Toulouse,0.3989,0.295,0.306,H,0.4608,1-1,0.1406,0-2,A,0,0,1,1.1841,H,-0.0345,-1.0
2026-01-25,F1,Lille,Strasbourg,0.5284,0.2718,0.1998,H,0.5105,1-1,0.1295,1-4,A,0,0,1,1.6104,H,-0.2,-1.0
2026-01-26,I1,Verona,Udinese,0.3769,0.2928,0.3303,H,0.4387,1-1,0.139,1-3,A,0,0,0,1.1077,H,-0.0345,-1.0
2026-01-26,T1,Eyupspor,Besiktas,0.2333,0.2548,0.512,A,0.5451,1-1,0.1204,2-2,D,0,0,1,1.3675,H,-0.1667,-1.0
2026-01-26,E0,Everton,Leeds,0.4292,0.2798,0.291,H,0.5043,1-1,0.1331,1-1,D,0,1,0,1.2736,H,0.0,-1.0
2026-01-26,P1,Porto,Gil Vicente,0.8353,0.1127,0.052,H,0.6338,2-0,0.1447,3-0,H,1,0,1,0.18,H,0.015,0.35
2026-01-26,E1,Norwich,Coventry,0.3479,0.2726,0.3795,A,0.4518,1-1,0.1296,2-1,H,0,0,0,1.0557,,,
2026-01-26,SP1,Girona,Getafe,0.5201,0.2772,0.2028,H,0.4344,1-0,0.1353,1-1,D,0,0,1,1.2831,H,-0.0233,-1.0
2026-01-27,D1,St Pauli,RB Leipzig,0.1738,0.2102,0.616,A,0.6232,1-2,0.0976,1-1,D,0,0,0,1.5599,A,0.0286,-1.0
2026-01-27,D1,Werder Bremen,Hoffenheim,0.2562,0.2832,0.4607,A,0.5328,1-1,0.1338,0-2,A,1,0,0,0.7751,,,
2026-01-30,B1,RAAL La Louviere,Gent,0.3008,0.2706,0.4286,A,0.523,1-1,0.1282,1-1,D,0,1,0,1.3071,A,-0.0333,-1.0
2026-01-30,P1,Guimaraes,Moreirense,0.4595,0.2921,0.2484,H,0.4545,1-1,0.139,1-0,H,1,0,1,0.7777,A,0.0556,-1.0
2026-01-30,E1,Bristol City,Derby,0.5086,0.267,0.2244,H,0.4614,1-1,0.1269,0-5,A,0,0,0,1.4944,H,0.1559,-1.0
2026-01-30,D1,FC Koln,Wolfsburg,0.444,0.2755,0.2805,H,0.5709,1-1,0.1275,1-0,H,1,0,0,0.8119,,,
2026-01-30,F1,Lens,Le Havre,0.7217,0.184,0.0943,H,0.541,2-0,0.1386,1-0,H,1,0,0,0.3261,H,-0.0345,0.4
2026-01-30,T1,Antalyaspor,Trabzonspor,0.1964,0.2237,0.5799,A,0.5165,0-1,0.1207,1-1,D,0,0,0,1.4976,A,-0.0276,-1.0
2026-01-30,T1,Kasimpasa,Samsunspor,0.3153,0.2885,0.3962,A,0.4703,1-1,0.1375,0-1,A,1,0,1,0.9258,,,
2026-01-30,N1,NAC Breda,Twente,0.1615,0.2237,0.6148,A,0.5516,0-2,0.1082,2-2,D,0,0,1,1.4972,A,-0.0233,-1.0
2026-01-30,I1,Lazio,Genoa,0.5329,0.2733,0.1938,H,0.4816,1-1,0.1301,3-2,H,1,0,0,0.6294,H,-0.0222,1.2
2026-01-30,SP1,Espanol,Alaves,0.4895,0.2993,0.2112,H,0.4209,1-1,0.1407,1-2,A,0,0,0,1.555,,,
2026-01-31,SP1,Elche,Barcelona,0.1021,0.15,0.7479,A,0.7553,1-2,0.0814,1-3,A,1,0,1,0.2905,A,0.0231,0.33
2026-01-31,SP1,Levante,Ath Madrid,0.1174,0.2028,0.6798,A,0.5639,0-2,0.1215,0-0,D,0,0,0,1.5954,A,-0.0636,-1.0
2026-01-31,G1,Panetolikos,Aris,0.2545,0.2751,0.4704,A,0.361,0-1,0.1456,0-1,A,1,1,1,0.7542,,,
2026-01-31,G1,Atromitos,OFI Crete,0.4681,0.3024,0.2294,H,0.3884,1-1,0.14,1-2,A,0,0,0,1.4721,,,
2026-01-31,G1,Volos NFC,Larisa,0.4394,0.3004,0.2601,H,0.3916,1-1,0.1396,0-2,A,0,0,1,1.3465,,,
2026-01-31,SP1,Osasuna,Villarreal,0.2434,0.2515,0.5051,A,0.5265,1-1,0.1194,2-2,D,0,0,1,1.3805,A,-0.0304,-1.0
2026-01-31,SP1,Oviedo,Girona,0.3468,0.3119,0.3413,H,0.4042,1-1,0.1466,1-0,H,1,0,1,1.0591,,,
2026-01-31,E1,Leicester,Charlton,0.4949,0.2772,0.228,H,0.4439,1-1,0.1312,0-2,A,0,0,1,1.4785,H,0.129,-1.0
2026-01-31,E1,Stoke,Southampton,0.3945,0.2851,0.3204,H,0.4441,1-1,0.1354,0-2,A,0,0,1,1.1382,H,0.1089,-1.0
2026-01-31,E1,Blackburn,Hull,0.3369,0.2852,0.3779,A,0.4047,1-1,0.1335,0-1,A,1,0,1,0.9732,A,0.0,2.2
2026-01-31,E1,Ipswich,Preston,0.602,0.2301,0.1679,H,0.5013,1-0,0.1236,1-1,D,0,0,0,1.4691,A,0.0,-1.0
2026-01-31,E1,Middlesbrough,Norwich,0.5072,0.2744,0.2184,H,0.455,1-1,0.1301,1-0,H,1,0,1,0.6788,D,-0.0488,-1.0
2026-01-31,E1,Millwall,Sheffield United,0.419,0.292,0.289,H,0.4929,1-1,0.139,1-1,D,0,1,1,1.2311,H,0.0208,-1.0
2026-01-31,E1,Oxford,Birmingham,0.3915,0.2818,0.3267,H,0.4144,1-1,0.1324,0-2,A,0,0,1,1.1187,H,-0.0811,-1.0
2026-01-31,E1,Portsmouth,West Brom,0.3748,0.2784,0.3468,H,0.4493,1-1,0.1323,3-0,H,1,0,0,0.9813,H,0.1348,2.2
2026-01-31,E1,Sheffield Weds,Wrexham,0.1966,0.2341,0.5693,A,0.4312,0-1,0.1664,0-1,A,1,1,1,0.5634,H,0.1905,-1.0
2026-01-31,N1,Sparta Rotterdam,Groningen,0.3965,0.313,0.2906,H,0.5104,1-1,0.1482,2-0,H,1,0,0,0.9251,D,-0.0278,-1.0
2026-01-31,N1,Zwolle,Telstar,0.43,0.2957,0.2743,H,0.5128,1-1,0.1402,4-1,H,1,0,1,0.8439,,,
2026-01-31,B1,St Truiden,Charleroi,0.4574,0.2908,0.2518,H,0.467,1-1,0.1386,0-2,A,0,0,1,1.3793,,,
2026-01-31,E1,QPR,Coventry,0.3261,0.2684,0.4055,A,0.4775,1-1,0.1279,2-1,H,0,0,0,1.1207,,,
2026-01-31,D1,Augsburg,St Pauli,0.5237,0.2677,0.2086,H,0.4837,1-1,0.1276,2-1,H,1,0,0,0.6469,H,-0.0476,1.0
2026-01-31,D1,Ein Frankfurt,Leverkusen,0.3531,0.265,0.3819,A,0.5203,1-1,0.1256,1-3,A,1,0,1,0.9625,H,-0.1176,-1.0
2026-01-31,D1,Hoffenheim,Union Berlin,0.5728,0.237,0.1902,H,0.5342,1-1,0.1128,3-1,H,1,0,1,0.5572,H,-0.0164,0.8
2026-01-31,D1,RB Leipzig,Mainz,0.6903,0.1902,0.1195,H,0.6268,2-0,0.1071,1-2,A,0,0,1,2.1244,H,0.0,-1.0
2026-01-31,D1,Werder Bremen,M'gladbach,0.4402,0.2832,0.2766,H,0.4925,1-1,0.1349,1-1,D,0,1,1,1.2616,H,0.1395,-1.0
2026-01-31,D1,Hamburg,Bayern Munich,0.0934,0.1401,0.7665,A,0.6715,0-2,0.1121,2-2,D,0,0,1,1.9655,,,
2026-01-31,T1,Alanyaspor,Eyupspor,0.5334,0.2819,0.1847,H,0.4223,1-0,0.1372,1-3,A,0,0,0,1.6888,A,0.3043,6.5
2026-01-31,T1,Buyuksehyr,Rizespor,0.6477,0.2142,0.1381,H,0.5586,2-0,0.1136,2-2,D,0,0,1,1.5408,H,0.0284,-1.0
2026-01-31,T1,Besiktas,Konyaspor,0.6865,0.1965,0.117,H,0.6501,2-0,0.0992,2-1,H,1,0,1,0.3761,H,0.0276,0.49
2026-01-31,T1,Goztep,Karagumruk,0.6816,0.2019,0.1166,H,0.5088,1-0,0.1361,2-1,H,1,0,1,0.3834,H,-0.0068,0.45
2026-01-31,B1,Cercle Brugge,Antwerp,0.3233,0.2854,0.3912,A,0.5073,1-1,0.1355,0-4,A,1,0,1,0.9384,A,0.0714,2.75
2026-01-31,B1,Waregem,Westerlo,0.3376,0.2873,0.375,A,0.4759,1-1,0.137,0-1,A,1,0,1,0.9807,A,-0.0357,1.7
2026-01-31,P1,Alverca,Estrela,0.5004,0.2774,0.2221,H,0.4696,1-1,0.1322,1-1,D,0,1,1,1.2822,H,0.1022,-1.0
2026-01-31,P1,Rio Ave,Arouca,0.4043,0.3016,0.2941,H,0.4575,1-1,0.1437,0-3,A,0,0,0,1.224,H,-0.1228,-1.0
2026-01-31,P1,Santa Clara,Estoril,0.3137,0.2952,0.391,A,0.4586,1-1,0.1406,2-4,A,1,0,0,0.9389,A,-0.0556,2.4
2026-01-31,N1,AZ Alkmaar,Nijmegen,0.4839,0.2676,0.2485,H,0.5918,1-1,0.1229,1-3,A,0,0,1,1.3924,D,0.0513,-1.0
2026-01-31,SC0,Kilmarnock,Aberdeen,0.3382,0.2616,0.4002,A,0.4968,1-1,0.1246,3-0,H,0,0,0,1.0841,H,0.0333,2.1
2026-01-31,E1,Watford,Swansea,0.5059,0.2618,0.2324,H,0.4819,1-1,0.1247,0-2,A,0,0,1,1.4594,H,-0.0429,-1.0
2026-01-31,SC0,Livingston,Motherwell,0.1641,0.2141,0.6217,A,0.5401,0-2,0.1126,0-2,A,1,1,0,0.4752,A,-0.0276,0.76
2026-01-31,F1,Paris FC,Marseille,0.1907,0.2143,0.5949,A,0.554,0-2,0.1038,2-2,D,0,0,1,1.5403,A,0.0857,-1.0
2026-01-31,E0,Brighton,Everton,0.422,0.2899,0.2881,H,0.4514,1-1,0.1379,1-1,D,0,1,1,1.2382,A,0.025,-1.0
2026-01-31,SC0,St Mirren,Dundee,0.4711,0.2985,0.2304,H,0.4307,1-1,0.1411,0-0,D,0,0,1,1.209,D,0.0588,2.6
2026-01-31,SC0,Dundee United,Hearts,0.2444,0.2726,0.483,A,0.5208,1-1,0.1293,0-3,A,1,0,1,0.7278,,,
2026-01-31,E0,Liverpool,Newcastle,0.4692,0.2658,0.2649,H,0.5547,1-1,0.1248,4-1,H,1,0,1,0.7567,A,-0.1368,-1.0
2026-01-31,I1,Cagliari,Verona,0.455,0.2912,0.2538,H,0.4603,1-1,0.1387,4-0,H,1,0,0,0.7875,,,
2026-01-31,I1,Napoli,Fiorentina,0.6178,0.2265,0.1557,H,0.5158,1-0,0.1219,2-1,H,1,0,1,0.4816,H,-0.0576,0.8
2026-01-31,I1,Pisa,Sassuolo,0.4052,0.2976,0.2972,H,0.3975,1-1,0.1391,1-3,A,0,0,0,1.2135,H,-0.0938,-1.0
2026-01-31,E0,Wolves,Bournemouth,0.2611,0.2628,0.4761,A,0.4931,1-1,0.1253,0-2,A,1,0,1,0.7421,A,-0.0612,1.3
2026-01-31,F1,Lorient,Nantes,0.5356,0.2708,0.1936,H,0.4645,1-1,0.1287,2-1,H,1,0,0,0.6244,,,
2026-01-31,E0,Chelsea,West Ham,0.6491,0.2167,0.1342,H,0.5657,2-0,0.1119,3-2,H,1,0,1,0.4321,,,
2026-01-31,E0,Leeds,Arsenal,0.2392,0.2383,0.5225,A,0.5485,1-1,0.1127,0-4,A,1,0,1,0.6491,H,0.0455,-1.0
2026-01-31,F1,Monaco,Rennes,0.4187,0.2764,0.3049,H,0.5381,1-1,0.1301,4-0,H,1,0,1,0.8705,D,-0.025,-1.0
2026-02-01,B1,Oud-Heverlee Leuven,Mechelen,0.4252,0.2841,0.2906,H,0.418,1-1,0.1335,2-2,D,0,0,0,1.2583,,,
2026-02-01,F1,Nice,Brest,0.3927,0.2978,0.3095,H,0.4807,1-1,0.1419,2-2,D,0,0,0,1.2113,A,0.1212,-1.0
2026-02-01,F1,Toulouse,Auxerre,0.6016,0.2384,0.1601,H,0.4671,1-0,0.1367,0-0,D,0,0,1,1.4339,H,0.0,-1.0
2026-02-01,T1,Galatasaray,Kayserispor,0.8572,0.0977,0.0451,H,0.6996,2-0,0.1253,4-0,H,1,0,1,0.1541,,,
2026-02-01,E0,Nott'm Forest,Crystal Palace,0.4814,0.2768,0.2418,H,0.4074,1-0,0.1424,1-1,D,0,0,1,1.2846,,,
2026-02-01,E0,Man United,Fulham,0.5512,0.2485,0.2003,H,0.5504,1-1,0.1176,3-2,H,1,0,1,0.5956,D,-0.0526,-1.0
2026-02-01,F1,Strasbourg,Paris SG,0.1539,0.2129,0.6332,A,0.6035,0-2,0.1005,1-2,A,1,0,1,0.4569,A,0.0,0.62
2026-02-01,B1,St. Gilloise,Club Brugge,0.4932,0.2636,0.2432,H,0.6264,1-1,0.1177,1-0,H,1,0,0,0.7068,H,-0.0455,1.1
2026-02-01,F1,Lyon,Lille,0.5168,0.2602,0.223,H,0.5216,1-1,0.1237,1-0,H,1,0,0,0.6601,,,
2026-02-01,B1,Standard,Anderlecht,0.2592,0.2588,0.482,A,0.5184,1-1,0.123,2-0,H,0,0,0,1.35,A,0.0,-1.0
2026-02-01,I1,Parma,Juventus,0.1095,0.1835,0.707,A,0.5126,0-2,0.1437,1-4,A,1,0,1,0.3468,A,0.0357,0.45
2026-02-01,F1,Angers,Metz,0.4992,0.2688,0.232,H,0.5316,1-1,0.1272,1-0,H,1,0,0,0.6948,H,-0.0233,1.1
2026-02-01,T1,Genclerbirligi,Gaziantep,0.4365,0.2816,0.2819,H,0.4964,1-1,0.1341,2-1,H,1,0,0,0.829,,,
2026-02-01,P1,Gil Vicente,Famalicao,0.3888,0.3014,0.3098,H,0.4355,1-1,0.143,5-0,H,1,0,0,0.9446,H,0.0311,1.65
2026-02-01,P1,Sp Lisbon,Nacional,0.8744,0.0859,0.0397,H,0.7055,2-0,0.1287,2-1,H,1,0,1,0.1343,,,
2026-02-01,P1,Tondela,Benfica,0.0886,0.1566,0.7548,A,0.5396,0-2,0.1496,0-0,D,0,0,0,1.854,,,
2026-02-01,I1,Torino,Lecce,0.5631,0.2538,0.1832,H,0.4383,1-0,0.1401,1-0,H,1,1,1,0.5744,H,-0.0488,0.95
2026-02-01,I1,Como,Atalanta,0.4053,0.2965,0.2982,H,0.4485,1-1,0.1411,0-0,D,0,0,1,1.2157,,,
2026-02-01,I1,Cremonese,Inter,0.0781,0.1417,0.7802,A,0.6191,0-2,0.1336,0-2,A,1,1,0,0.2482,A,0.0656,0.3
2026-02-01,B1,Dender,Genk,0.2642,0.2671,0.4687,A,0.5281,1-1,0.1266,1-2,A,1,0,1,0.7579,,,
2026-02-01,E0,Aston Villa,Brentford,0.6014,0.2296,0.169,H,0.6266,1-1,0.1051,0-1,A,0,0,0,1.7778,H,-0.1176,-1.0
2026-02-01,E0,Tottenham,Man City,0.2409,0.2397,0.5194,A,0.5811,1-1,0.1116,2-2,D,0,0,1,1.4283,,,
2026-02-01,G1,Panathinaikos,Kifisia,0.6875,0.1962,0.1163,H,0.526,2-0,0.1327,3-0,H,1,0,1,0.3746,,,
2026-02-01,SC0,Hibernian,Rangers,0.2295,0.2616,0.5089,A,0.5493,1-1,0.1231,0-0,D,0,0,0,1.3411,A,0.129,-1.0
2026-02-01,SC0,Celtic,Falkirk,0.7132,0.1902,0.0966,H,0.5803,2-0,0.1249,2-0,H,1,1,0,0.338,,,
2026-02-01,SP1,Real Madrid,Vallecano,0.8232,0.1215,0.0553,H,0.6718,2-0,0.1262,2-1,H,1,0,1,0.1945,,,
2026-02-01,SP1,Betis,Valencia,0.5662,0.255,0.1789,H,0.5595,1-1,0.1203,2-1,H,1,0,1,0.5689,H,0.0167,0.83
2026-02-01,SP1,Getafe,Celta,0.2771,0.2878,0.4351,A,0.4136,1-1,0.1352,0-0,D,0,0,1,1.2456,A,-0.0278,-1.0
2026-02-01,SP1,Ath Bilbao,Sociedad,0.4245,0.2975,0.2779,H,0.4717,1-1,0.1418,1-1,D,0,1,1,1.2122,,,
2026-02-01,D1,Dortmund,Heidenheim,0.7946,0.1371,0.0683,H,0.6546,2-0,0.1239,3-2,H,1,0,1,0.2299,,,
2026-02-01,G1,Levadeiakos,Asteras Tripolis,0.6314,0.2183,0.1502,H,0.5084,2-0,0.1223,3-1,H,1,0,1,0.4598,,,
2026-02-01,N1,Volendam,Go Ahead Eagles,0.2508,0.2245,0.5247,A,0.5399,1-1,0.1065,1-1,D,0,1,0,1.4939,A,0.1538,-1.0
2026-02-01,N1,Heerenveen,Utrecht,0.4404,0.2711,0.2886,H,0.5584,1-1,0.1265,1-1,D,0,1,0,1.3053,A,-0.1789,-1.0
2026-02-01,N1,PSV Eindhoven,Feyenoord,0.6419,0.2032,0.1549,H,0.6206,2-1,0.1089,3-0,H,1,0,1,0.4433,H,0.0679,0.73
2026-02-01,D1,Stuttgart,Freiburg,0.5551,0.2428,0.2021,H,0.6192,1-1,0.1102,1-0,H,1,0,0,0.5887,,,
2026-02-01,G1,AEK,Olympiakos,0.3068,0.2791,0.414,A,0.4443,1-1,0.1324,1-1,D,0,1,1,1.276,A,-0.0526,-1.0
2026-02-01,N1,Excelsior,Ajax,0.1553,0.2109,0.6338,A,0.6346,1-2,0.1012,2-2,D,0,0,1,1.5564,A,-0.0541,-1.0
2026-02-01,G1,PAOK,Panserraikos,0.8835,0.0789,0.0376,H,0.6736,3-0,0.1509,4-1,H,1,0,1,0.1239,,,
2026-02-01,N1,Heracles,For Sittard,0.396,0.2758,0.3282,H,0.5877,1-1,0.1259,2-1,H,1,0,1,0.9264,,,
2026-02-02,T1,Kocaelispor,Fenerbahce,0.1579,0.1983,0.6437,A,0.5376,0-1,0.1258,0-2,A,1,0,0,0.4405,A,0.0247,0.66
2026-02-02,I1,Udinese,Roma,0.24,0.2552,0.5048,A,0.5013,1-1,0.1216,1-0,H,0,0,0,1.4271,,,
2026-02-02,E0,Sunderland,Burnley,0.5037,0.2706,0.2256,H,0.4314,1-0,0.1315,3-0,H,1,0,0,0.6857,,,
2026-02-02,SP1,Mallorca,Sevilla,0.4093,0.2939,0.2968,H,0.475,1-1,0.1401,4-1,H,1,0,0,0.8933,,,
2026-02-02,P1,Casa Pia,Porto,0.088,0.1738,0.7381,A,0.5155,0-2,0.1497,2-1,H,0,0,1,2.4301,,,
2026-02-02,P1,AVS,Sp Braga,0.1346,0.1831,0.6823,A,0.5792,0-2,0.1182,0-4,A,1,0,1,0.3822,,,
2026-02-03,E1,Hull,Watford,0.4506,0.2778,0.2716,H,0.4187,1-1,0.1305,0-0,D,0,0,1,1.2808,,,
2026-02-03,E1,Blackburn,Sheffield Weds,0.6149,0.2232,0.1619,H,0.4621,1-0,0.1394,1-0,H,1,1,1,0.4863,A,-0.0556,-1.0
2026-02-03,SC0,St Mirren,Hearts,0.1978,0.2505,0.5517,A,0.4868,1-1,0.1192,1-0,H,0,0,1,1.6205,A,-0.0262,-1.0
2026-02-03,E1,Sheffield United,Oxford,0.5429,0.2611,0.196,H,0.4558,1-0,0.1275,3-1,H,1,0,0,0.6108,A,0.0,-1.0
2026-02-03,I1,Bologna,Milan,0.2664,0.2642,0.4695,A,0.4958,1-1,0.1259,0-3,A,1,0,0,0.7562,A,0.0417,1.5
2026-02-04,G1,Asteras Tripolis,Olympiakos,0.0974,0.1756,0.7269,A,0.5054,0-2,0.1508,0-3,A,1,0,1,0.3189,,,
2026-02-04,SC0,Rangers,Kilmarnock,0.8338,0.1121,0.054,H,0.6407,2-0,0.1415,5-1,H,1,0,1,0.1817,,,
2026-02-04,SC0,Livingston,Falkirk,0.24,0.2593,0.5007,A,0.4307,0-1,0.1322,1-2,A,1,0,0,0.6917,A,0.1022,1.05
2026-02-04,SC0,Hibernian,Dundee United,0.6233,0.2292,0.1475,H,0.5038,1-0,0.1264,3-2,H,1,0,1,0.4727,H,0.0331,0.56
2026-02-06,E0,Leeds,Nott'm Forest,0.4402,0.2894,0.2704,H,0.4381,1-1,0.1372,3-1,H,1,0,0,0.8206,,,
2026-02-06,E1,Charlton,QPR,0.3533,0.2843,0.3623,A,0.4491,1-1,0.1352,0-0,D,0,0,1,1.2576,,,
2026-02-06,D1,Union Berlin,Ein Frankfurt,0.38,0.2764,0.3436,H,0.4892,1-1,0.1317,1-1,D,0,1,1,1.2858,A,0.1077,-1.0
2026-02-06,N1,NAC Breda,Excelsior,0.3858,0.2818,0.3324,H,0.4778,1-1,0.1343,0-2,A,0,0,1,1.1014,A,0.0244,3.2
2026-02-06,F1,Metz,Lille,0.1919,0.2405,0.5676,A,0.5019,0-1,0.1152,0-0,D,0,0,0,1.425,H,-0.0769,-1.0
2026-02-06,SP1,Celta,Osasuna,0.5791,0.2483,0.1727,H,0.479,1-0,0.1269,1-2,A,0,0,0,1.7565,H,-0.0714,-1.0
2026-02-06,I1,Verona,Pisa,0.4462,0.2867,0.2671,H,0.4071,1-1,0.1341,0-0,D,0,0,1,1.2494,H,0.02,-1.0
2026-02-06,B1,Westerlo,St Truiden,0.3635,0.2949,0.3415,H,0.4874,1-1,0.1405,0-4,A,0,0,0,1.0743,D,0.0,-1.0
2026-02-07,F1,Lens,Rennes,0.6563,0.2088,0.1349,H,0.5997,2-0,0.1061,3-1,H,1,0,1,0.4211,H,0.0802,0.75
2026-02-07,F1,Nantes,Lyon,0.1773,0.2156,0.607,A,0.5466,0-2,0.1078,0-1,A,1,0,0,0.4992,A,-0.0114,0.73
2026-02-07,T1,Karagumruk,Antalyaspor,0.3586,0.2941,0.3473,H,0.435,1-1,0.1395,1-0,H,1,0,1,1.0256,A,0.0156,-1.0
2026-02-07,T1,Samsunspor,Trabzonspor,0.3252,0.2845,0.3904,A,0.5023,1-1,0.1352,0-3,A,1,0,1,0.9406,A,-0.1129,1.75
2026-02-07,SP1,Sociedad,Elche,0.6333,0.2156,0.1511,H,0.6014,2-1,0.1035,3-1,H,1,0,1,0.4567,H,0.0121,0.67
2026-02-07,SP1,Barcelona,Mallorca,0.8346,0.1162,0.0491,H,0.694,2-0,0.1207,3-0,H,1,0,1,0.1808,,,
2026-02-07,N1,Nijmegen,Heracles,0.7131,0.1677,0.1191,H,0.6714,2-0,0.1001,4-1,H,1,0,1,0.3381,H,0.0435,0.44
2026-02-07,N1,Zwolle,Volendam,0.5657,0.2531,0.1812,H,0.4956,1-1,0.1206,1-2,A,0,0,0,1.7083,,,
2026-02-07,N1,Twente,Heerenveen,0.5943,0.2368,0.1689,H,0.5631,1-1,0.112,5-0,H,1,0,1,0.5204,H,0.1161,0.73
2026-02-07,N1,For Sittard,Sparta Rotterdam,0.3304,0.2966,0.373,A,0.5526,1-1,0.138,2-2,D,0,0,1,1.2153,,,
2026-02-07,F1,Brest,Lorient,0.4404,0.2999,0.2597,H,0.4794,1-1,0.143,2-0,H,1,0,1,0.8201,,,
2026-02-07,D1,Freiburg,Werder Bremen,0.5693,0.2523,0.1784,H,0.5156,1-1,0.1203,1-0,H,1,0,0,0.5633,H,-0.1286,0.83
2026-02-07,D1,Wolfsburg,Dortmund,0.1777,0.2009,0.6213,A,0.6283,1-2,0.0961,1-2,A,1,1,1,0.4759,A,0.0176,0.73
2026-02-07,D1,Mainz,Augsburg,0.4069,0.2951,0.2979,H,0.5005,1-1,0.1403,2-0,H,1,0,0,0.8991,D,-0.027,-1.0
2026-02-07,E0,Fulham,Everton,0.4141,0.2847,0.3012,H,0.4648,1-1,0.1356,1-2,A,0,0,0,1.1998,A,0.0714,2.75
2026-02-07,E0,Burnley,West Ham,0.3893,0.2878,0.3229,H,0.4847,1-1,0.1371,0-2,A,0,0,1,1.1304,H,0.0312,-1.0
2026-02-07,D1,Heidenheim,Hamburg,0.3331,0.275,0.3919,A,0.5149,1-1,0.1305,0-2,A,1,0,0,0.9367,,,
2026-02-07,G1,Larisa,Panetolikos,0.5063,0.2714,0.2223,H,0.3553,1-0,0.1618,1-4,A,0,0,0,1.5036,A,0.1667,4.25
2026-02-07,I1,Fiorentina,Torino,0.4671,0.2799,0.253,H,0.4836,1-1,0.1334,2-2,D,0,0,0,1.2734,A,-0.05,-1.0
2026-02-07,G1,Asteras Tripolis,Volos NFC,0.441,0.2862,0.2728,H,0.335,1-0,0.1609,2-0,H,1,0,1,0.8187,A,0.0,-1.0
2026-02-07,I1,Genoa,Napoli,0.2105,0.2398,0.5497,A,0.5288,1-1,0.1141,2-3,A,1,0,1,0.5984,A,-0.0714,0.95
2026-02-07,G1,Kifisia,Atromitos,0.4158,0.3069,0.2774,H,0.4038,1-1,0.1438,0-1,A,0,0,1,1.2824,,,
2026-02-07,E1,Wrexham,Millwall,0.39,0.3032,0.3068,H,0.4734,1-1,0.1445,0-2,A,0,0,1,1.1816,,,
2026-02-07,E1,West Brom,Stoke,0.4389,0.2902,0.2709,H,0.4281,1-1,0.1371,0-0,D,0,0,1,1.2371,,,
2026-02-07,B1,Gent,Oud-Heverlee Leuven,0.4892,0.2765,0.2342,H,0.5054,1-1,0.1316,1-3,A,0,0,1,1.4514,,,
2026-02-07,B1,Charleroi,Cercle Brugge,0.6129,0.2341,0.153,H,0.5073,1-0,0.1215,3-4,A,0,0,1,1.8774,H,-0.1511,-1.0
2026-02-07,E0,Newcastle,Brentford,0.4899,0.2735,0.2366,H,0.4943,1-1,0.1303,2-3,A,0,0,0,1.4414,H,0.0995,-1.0
2026-02-07,E0,Bournemouth,Aston Villa,0.3267,0.2748,0.3985,A,0.5544,1-1,0.1283,1-1,D,0,1,0,1.2918,,,
2026-02-07,B1,Waregem,Dender,0.393,0.2868,0.3202,H,0.5047,1-1,0.1363,1-0,H,1,0,0,0.934,A,0.0156,-1.0
2026-02-07,E0,Man United,Tottenham,0.5738,0.2314,0.1948,H,0.572,1-1,0.1088,2-0,H,1,0,0,0.5554,,,
2026-02-07,D1,St Pauli,Stuttgart,0.1621,0.208,0.6299,A,0.6031,1-2,0.1014,2-1,H,0,0,1,1.8195,A,0.0778,-1.0
2026-02-07,D1,M'gladbach,Leverkusen,0.1966,0.2268,0.5767,A,0.5961,1-1,0.1055,1-1,D,0,1,0,1.4839,A,-0.0244,-1.0
2026-02-07,E1,Derby,Ipswich,0.345,0.2855,0.3695,A,0.4699,1-1,0.1361,1-2,A,1,0,0,0.9956,H,-0.04,-1.0
2026-02-07,E1,Norwich,Blackburn,0.4692,0.2765,0.2544,H,0.432,1-1,0.1306,2-0,H,1,0,1,0.7568,,,
2026-02-07,E0,Arsenal,Sunderland,0.7828,0.1446,0.0726,H,0.6422,2-0,0.1256,3-0,H,1,0,1,0.2449,,,
2026-02-07,E1,Birmingham,Leicester,0.4747,0.2702,0.2552,H,0.4573,1-1,0.1284,2-1,H,1,0,0,0.7451,A,0.0,-1.0
2026-02-07,E1,Southampton,Watford,0.4109,0.2767,0.3123,H,0.46,1-1,0.1318,1-0,H,1,0,1,0.8893,A,0.0667,-1.0
2026-02-07,E1,Hull,Bristol City,0.4577,0.2672,0.2751,H,0.4219,1-0,0.1312,2-3,A,0,0,0,1.2906,H,-0.08,-1.0
2026-02-07,E1,Preston,Portsmouth,0.4207,0.2774,0.302,H,0.4698,1-1,0.1322,1-0,H,1,0,1,0.866,,,
2026-02-07,P1,Arouca,Guimaraes,0.3084,0.2858,0.4058,A,0.4528,1-1,0.136,3-2,H,0,0,0,1.1764,,,
2026-02-07,P1,Estoril,Tondela,0.6587,0.2016,0.1397,H,0.5331,2-0,0.1254,2-2,D,0,0,1,1.6014,H,-0.0119,-1.0
2026-02-07,P1,Moreirense,Gil Vicente,0.3839,0.2968,0.3193,H,0.4366,1-1,0.1409,1-2,A,0,0,0,1.1415,H,-0.0933,-1.0
2026-02-07,P1,Estrela,Santa Clara,0.367,0.295,0.338,H,0.4304,1-1,0.1398,1-0,H,1,0,1,1.0023,H,-0.2842,2.4
2026-02-07,E1,Coventry,Oxford,0.5541,0.2488,0.1972,H,0.4736,1-0,0.1245,0-0,D,0,0,1,1.3913,A,0.0769,-1.0
2026-02-07,E0,Wolves,Chelsea,0.218,0.2509,0.5311,A,0.5539,1-1,0.1184,1-3,A,1,0,1,0.6328,,,
2026-02-08,F1,Le Havre,Strasbourg,0.3213,0.3079,0.3708,A,0.3797,1-1,0.1425,2-1,H,0,0,0,1.1353,H,-0.0244,3.0
2026-02-08,F1,Paris SG,Marseille,0.6866,0.1761,0.1373,H,0.6552,2-1,0.1026,5-0,H,1,0,1,0.376,,,
2026-02-08,G1,OFI Crete,Levadeiakos,0.2342,0.2653,0.5005,A,0.5213,1-1,0.1262,3-2,H,0,0,1,1.4514,A,0.0476,-1.0
2026-02-08,G1,Aris,PAOK,0.1885,0.233,0.5785,A,0.4624,0-1,0.1369,0-0,D,0,0,1,1.4566,A,0.0,-1.0
2026-02-08,E1,Swansea,Sheffield Weds,0.6855,0.1878,0.1268,H,0.5274,2-0,0.1338,4-0,H,1,0,1,0.3777,,,
2026-02-08,E0,Liverpool,Man City,0.4202,0.2737,0.3061,H,0.5289,1-1,0.1294,1-2,A,0,0,1,1.1839,,,
2026-02-08,G1,Olympiakos,Panathinaikos,0.7302,0.1524,0.1174,H,0.6228,2-0,0.1193,0-1,A,0,0,0,2.1421,H,0.1022,-1.0
2026-02-08,I1,Juventus,Lazio,0.6941,0.1791,0.1268,H,0.5419,2-0,0.1303,2-2,D,0,0,1,1.7197,H,0.0423,-1.0
2026-02-08,N1,Utrecht,Feyenoord,0.338,0.2661,0.3959,A,0.5797,1-1,0.1225,0-1,A,1,0,0,0.9267,H,-0.0882,-1.0
2026-02-08,N1,AZ Alkmaar,Ajax,0.3018,0.2632,0.435,A,0.5539,1-1,0.1233,1-1,D,0,1,0,1.3347,A,0.0909,-1.0
2026-02-08,N1,Go Ahead Eagles,Telstar,0.5483,0.2679,0.1838,H,0.5607,1-1,0.126,1-1,D,0,1,0,1.317,H,0.027,-1.0
2026-02-08,N1,Groningen,PSV Eindhoven,0.1294,0.1821,0.6885,A,0.5685,0-2,0.1233,1-2,A,1,0,1,0.3732,A,0.0909,0.8
2026-02-08,E0,Brighton,Crystal Palace,0.4818,0.2809,0.2373,H,0.4619,1-1,0.1337,0-1,A,0,0,1,1.4383,,,
2026-02-08,F1,Auxerre,Paris FC,0.4014,0.2954,0.3032,H,0.3991,1-1,0.138,0-0,D,0,0,1,1.2195,,,
2026-02-08,SP1,Ath Madrid,Betis,0.6186,0.2259,0.1554,H,0.5135,1-0,0.1192,0-1,A,0,0,0,1.8617,,,
2026-02-08,G1,Panserraikos,AEK,0.0871,0.1505,0.7625,A,0.607,0-2,0.1323,0-4,A,1,0,1,0.2712,,,
2026-02-08,D1,FC Koln,RB Leipzig,0.2498,0.2466,0.5036,A,0.6217,1-1,0.1109,1-2,A,1,0,1,0.686,A,0.05,1.1
2026-02-08,D1,Bayern Munich,Hoffenheim,0.7939,0.1284,0.0777,H,0.7711,2-1,0.0862,5-1,H,1,0,1,0.2308,,,
2026-02-08,P1,Benfica,Alverca,0.8539,0.1015,0.0446,H,0.6616,2-0,0.14,2-1,H,1,0,1,0.158,,,
2026-02-08,P1,Sp Braga,Rio Ave,0.8006,0.1317,0.0677,H,0.6211,2-0,0.1377,3-0,H,1,0,1,0.2224,,,
2026-02-08,P1,Nacional,Casa Pia,0.4219,0.2777,0.3005,H,0.4603,1-1,0.1322,0-0,D,0,0,1,1.2814,A,-0.2105,-1.0
2026-02-08,B1,Genk,Anderlecht,0.466,0.2691,0.2648,H,0.5285,1-1,0.1274,2-0,H,1,0,0,0.7635,,,
2026-02-08,B1,St. Gilloise,RAAL La Louviere,0.7932,0.1378,0.0689,H,0.6928,2-0,0.1102,2-1,H,1,0,1,0.2316,H,-0.0405,0.42
2026-02-08,B1,Club Brugge,Standard,0.7539,0.1632,0.0829,H,0.6084,2-0,0.1271,3-0,H,1,0,1,0.2825,H,0.0709,0.36
2026-02-08,F1,Nice,Monaco,0.4029,0.3065,0.2906,H,0.4787,1-1,0.1461,0-0,D,0,0,1,1.1824,H,-0.0882,-1.0
2026-02-08,F1,Angers,Toulouse,0.2951,0.2825,0.4224,A,0.4546,1-1,0.1344,1-0,H,0,0,1,1.2204,,,
2026-02-08,I1,Lecce,Udinese,0.3196,0.2889,0.3915,A,0.4089,1-1,0.1355,2-1,H,0,0,0,1.1408,,,
2026-02-08,I1,Sassuolo,Inter,0.0854,0.154,0.7606,A,0.5852,0-2,0.139,0-5,A,1,0,1,0.2736,A,-0.027,0.44
2026-02-08,I1,Bologna,Parma,0.5749,0.2579,0.1672,H,0.437,1-0,0.141,0-1,A,0,0,1,1.7883,,,
2026-02-08,T1,Konyaspor,Goztep,0.2888,0.2949,0.4163,A,0.4258,1-1,0.1395,0-0,D,0,0,1,1.2211,A,-0.15,-1.0
2026-02-08,SP1,Alaves,Getafe,0.4744,0.3003,0.2253,H,0.4309,1-1,0.1419,0-2,A,0,0,1,1.4902,H,-0.0612,-1.0
2026-02-08,SP1,Ath Bilbao,Levante,0.5849,0.2546,0.1605,H,0.5174,1-1,0.1213,4-2,H,1,0,1,0.5363,,,
2026-02-08,SP1,Sevilla,Girona,0.4234,0.3102,0.2664,H,0.4496,1-1,0.1476,1-1,D,0,1,1,1.1706,,,
2026-02-08,SP1,Valencia,Real Madrid,0.126,0.2063,0.6678,A,0.5859,0-2,0.1116,0-2,A,1,1,0,0.4038,A,-0.0606,0.55
2026-02-08,T1,Eyupspor,Buyuksehyr,0.2753,0.2808,0.4439,A,0.5323,1-1,0.1325,1-2,A,1,0,1,0.8121,H,0.0476,-1.0
2026-02-08,B1,Mechelen,Antwerp,0.3456,0.2809,0.3734,A,0.506,1-1,0.1335,2-0,H,0,0,0,1.0624,A,-0.0517,-1.0
2026-02-08,T1,Besiktas,Alanyaspor,0.6513,0.2225,0.1262,H,0.5552,2-0,0.1142,2-2,D,0,0,1,1.5028,H,0.0,-1.0
2026-02-08,T1,Rizespor,Galatasaray,0.1084,0.1766,0.715,A,0.6012,0-2,0.1204,0-3,A,1,0,1,0.3355,A,-0.0255,0.53
2026-02-09,T1,Fenerbahce,Genclerbirligi,0.8553,0.1024,0.0423,H,0.76,3-0,0.1054,3-1,H,1,0,1,0.1563,,,
2026-02-09,E1,Sheffield United,Middlesbrough,0.3718,0.2909,0.3373,H,0.5058,1-1,0.1381,1-2,A,0,0,1,1.0868,A,0.0333,2.1
2026-02-09,SP1,Villarreal,Espanol,0.6358,0.224,0.1402,H,0.5472,2-0,0.1132,4-1,H,1,0,1,0.4529,H,-0.0173,0.7
2026-02-09,I1,Roma,Cagliari,0.6773,0.2011,0.1216,H,0.5122,1-0,0.1347,2-0,H,1,0,0,0.3896,H,0.0,0.48
2026-02-09,I1,Atalanta,Cremonese,0.7432,0.1742,0.0825,H,0.5038,2-0,0.1544,2-1,H,1,0,1,0.2967,H,0.0,0.36
2026-02-09,P1,Famalicao,AVS,0.6325,0.2322,0.1353,H,0.5103,1-0,0.124,3-1,H,1,0,1,0.4581,,,
2026-02-09,P1,Porto,Sp Lisbon,0.4113,0.2818,0.3069,H,0.5193,1-1,0.1338,1-1,D,0,1,0,1.2667,A,0.2057,-1.0
2026-02-09,T1,Kayserispor,Kocaelispor,0.313,0.3115,0.3755,A,0.4519,1-1,0.1484,1-2,A,1,0,0,0.9796,,,
2026-02-09,T1,Gaziantep,Kasimpasa,0.4322,0.2946,0.2732,H,0.4664,1-1,0.1404,2-1,H,1,0,0,0.8389,,,
2026-02-10,E1,Birmingham,West Brom,0.4614,0.2747,0.2639,H,0.41,1-0,0.1328,0-0,D,0,0,1,1.292,A,-0.134,-1.0
2026-02-10,E1,Leicester,Southampton,0.3486,0.2895,0.362,A,0.4632,1-1,0.1379,3-4,A,1,0,0,1.0162,H,0.1273,-1.0
2026-02-10,E0,Chelsea,Leeds,0.5438,0.2461,0.2101,H,0.5652,1-1,0.1158,2-2,D,0,0,1,1.402,A,-0.0435,-1.0
2026-02-10,E0,Everton,Bournemouth,0.4145,0.2884,0.2971,H,0.4987,1-1,0.1372,1-2,A,0,0,0,1.2136,,,
2026-02-10,E0,Tottenham,Newcastle,0.3585,0.2673,0.3742,A,0.5043,1-1,0.1272,1-2,A,1,0,1,0.983,H,0.0667,-1.0
2026-02-10,E0,West Ham,Man United,0.2043,0.2518,0.5439,A,0.5558,1-1,0.1188,1-1,D,0,1,0,1.3791,,,
2026-02-10,SC0,Hearts,Hibernian,0.5173,0.27,0.2127,H,0.5104,1-1,0.1286,1-0,H,1,0,0,0.6592,,,
2026-02-10,E1,Oxford,Norwich,0.3371,0.2944,0.3685,A,0.3965,1-1,0.1374,0-3,A,1,0,0,0.9984,H,0.0333,-1.0
2026-02-11,E0,Sunderland,Liverpool,0.2198,0.2424,0.5378,A,0.5275,1-1,0.1153,0-1,A,1,0,0,0.6203,,,
2026-02-11,E0,Nott'm Forest,Wolves,0.5804,0.2541,0.1655,H,0.4731,1-0,0.1319,0-0,D,0,0,1,1.37,,,
2026-02-11,E0,Man City,Fulham,0.6909,0.1896,0.1195,H,0.5485,2-0,0.1286,3-0,H,1,0,1,0.3698,,,
2026-02-11,E0,Crystal Palace,Burnley,0.6176,0.2403,0.1421,H,0.4689,1-0,0.1294,2-3,A,0,0,0,1.9514,,,
2026-02-11,SC0,Motherwell,Rangers,0.2604,0.2689,0.4707,A,0.3996,0-1,0.1334,1-1,D,0,0,1,1.3134,,,
2026-02-11,N1,Go Ahead Eagles,Heerenveen,0.4611,0.2833,0.2557,H,0.5544,1-1,0.1326,1-3,A,0,0,1,1.3639,H,0.0,-1.0
2026-02-11,N1,Nijmegen,Utrecht,0.5541,0.2518,0.194,H,0.5221,1-1,0.1199,1-3,A,0,0,1,1.6397,,,
2026-02-11,SC0,Celtic,Livingston,0.8416,0.1091,0.0493,H,0.671,2-0,0.1318,2-1,H,1,0,1,0.1724,,,
2026-02-11,E0,Aston Villa,Brighton,0.5659,0.2494,0.1847,H,0.4596,1-0,0.1342,1-0,H,1,1,1,0.5694,H,-0.0905,0.91
2026-02-11,E1,Charlton,Stoke,0.3816,0.296,0.3224,H,0.4261,1-1,0.1401,1-0,H,1,0,1,0.9634,,,
2026-02-11,SC0,Kilmarnock,St Mirren,0.2868,0.2969,0.4164,A,0.4045,1-1,0.1389,4-3,H,0,0,0,1.2491,A,0.1136,-1.0
2026-02-11,SC0,Falkirk,Dundee,0.5879,0.2435,0.1686,H,0.4344,1-0,0.1481,1-0,H,1,1,1,0.5312,,,
2026-02-12,E0,Brentford,Arsenal,0.2474,0.238,0.5146,A,0.5259,1-1,0.1132,1-1,D,0,1,0,1.4353,H,-0.05,-1.0
2026-02-13,D1,Dortmund,Mainz,0.7385,0.1735,0.0881,H,0.6427,2-0,0.1131,4-0,H,1,0,1,0.3032,H,-0.0727,0.53
2026-02-13,B1,Mechelen,Genk,0.3114,0.2829,0.4056,A,0.5361,1-1,0.1331,2-3,A,1,0,1,0.9024,H,0.0968,-1.0
2026-02-13,SP1,Elche,Osasuna,0.3349,0.2818,0.3833,A,0.4856,1-1,0.1343,0-0,D,0,0,1,1.2665,,,
2026-02-13,N1,Volendam,PSV Eindhoven,0.0794,0.1368,0.7838,A,0.7106,0-2,0.1025,2-1,H,0,0,1,2.5337,,,
2026-02-13,P1,Tondela,Alverca,0.3492,0.273,0.3778,A,0.4259,1-1,0.1288,1-1,D,0,1,1,1.2983,A,0.0993,-1.0
2026-02-13,F1,Monaco,Nantes,0.5883,0.2447,0.1671,H,0.4908,1-0,0.1229,3-1,H,1,0,0,0.5306,A,0.0,-1.0
2026-02-13,F1,Rennes,Paris SG,0.1197,0.1887,0.6916,A,0.6352,0-2,0.105,3-1,H,0,0,1,2.1224,,,
2026-02-13,P1,Santa Clara,Benfica,0.0952,0.1674,0.7374,A,0.5064,0-2,0.1535,1-2,A,1,0,1,0.3046,A,-0.0382,0.51
2026-02-13,T1,Galatasaray,Eyupspor,0.8584,0.0981,0.0435,H,0.6909,2-0,0.1293,5-1,H,1,0,1,0.1527,,,
2026-02-13,T1,Antalyaspor,Samsunspor,0.2885,0.2885,0.423,A,0.4227,1-1,0.1361,3-1,H,0,0,0,1.243,H,0.1389,3.1
2026-02-13,I1,Pisa,Milan,0.1544,0.2177,0.6279,A,0.5046,0-1,0.1266,1-2,A,1,0,1,0.4654,,,
2026-02-14,B1,Charleroi,Gent,0.4542,0.2853,0.2605,H,0.4764,1-1,0.136,2-3,A,0,0,0,1.3451,,,
2026-02-14,T1,Alanyaspor,Konyaspor,0.4945,0.2946,0.2109,H,0.4508,1-1,0.1399,2-1,H,1,0,0,0.7042,H,-0.0465,1.05
2026-02-14,T1,Trabzonspor,Fenerbahce,0.3127,0.2509,0.4364,A,0.6285,1-1,0.1111,2-3,A,1,0,1,0.8292,H,0.0,-1.0
2026-02-14,I1,Como,Fiorentina,0.5645,0.2474,0.1881,H,0.5511,1-1,0.1171,1-2,A,0,0,1,1.6706,,,
2026-02-14,P1,Guimaraes,Estrela,0.6441,0.2232,0.1328,H,0.5268,2-0,0.1203,2-1,H,1,0,1,0.4399,H,0.0588,0.62
2026-02-14,SC0,Dundee,Livingston,0.5728,0.2422,0.185,H,0.4277,1-0,0.1478,2-2,D,0,0,0,1.4181,H,0.1988,-1.0
2026-02-14,SC0,Falkirk,Dundee United,0.5432,0.2688,0.1879,H,0.4524,1-0,0.1314,2-3,A,0,0,0,1.6717,H,0.0655,-1.0
2026-02-14,B1,Oud-Heverlee Leuven,Dender,0.4739,0.2854,0.2407,H,0.509,1-1,0.1357,3-2,H,1,0,1,0.7467,,,
2026-02-14,SC0,Hibernian,St Mirren,0.5664,0.2609,0.1727,H,0.4488,1-0,0.1366,2-0,H,1,0,1,0.5685,H,-0.0269,0.81
2026-02-14,I1,Inter,Juventus,0.5568,0.2466,0.1966,H,0.544,1-1,0.1169,3-2,H,1,0,1,0.5856,H,-0.0488,0.95
2026-02-14,B1,Standard,St. Gilloise,0.1105,0.1967,0.6928,A,0.5125,0-2,0.1392,1-1,D,0,0,0,1.6263,A,0.1284,-1.0
2026-02-14,I1,Lazio,Atalanta,0.2997,0.2957,0.4046,A,0.4074,1-1,0.1387,0-2,A,1,0,1,0.9048,,,
2026-02-14,P1,Gil Vicente,Sp Braga,0.2353,0.2417,0.523,A,0.5251,1-1,0.115,2-1,H,0,0,1,1.4468,A,0.0733,-1.0
2026-02-14,N1,Excelsior,AZ Alkmaar,0.2591,0.2579,0.483,A,0.5415,1-1,0.1218,1-2,A,1,0,1,0.7277,,,
2026-02-14,P1,Casa Pia,Arouca,0.3684,0.3055,0.3261,H,0.4456,1-1,0.1454,3-2,H,1,0,0,0.9987,,,
2026-02-14,E1,Derby,Swansea,0.393,0.2833,0.3237,H,0.446,1-1,0.1346,2-0,H,1,0,1,0.9339,A,0.2,-1.0
2026-02-14,E1,Portsmouth,Sheffield United,0.351,0.2855,0.3635,A,0.4667,1-1,0.1361,0-1,A,1,0,1,1.0119,H,0.0,-1.0
2026-02-14,E1,Preston,Watford,0.3946,0.2841,0.3213,H,0.4528,1-1,0.1352,2-2,D,0,0,0,1.2583,H,0.0909,-1.0
2026-02-14,E1,QPR,Blackburn,0.504,0.2639,0.2321,H,0.4261,1-0,0.1359,1-3,A,0,0,0,1.4605,H,0.0,-1.0
2026-02-14,E1,Sheffield Weds,Millwall,0.1853,0.2434,0.5712,A,0.4527,0-1,0.1552,1-2,A,1,0,0,0.5599,H,0.0,-1.0
2026-02-14,G1,Volos NFC,Aris,0.254,0.2789,0.4671,A,0.3623,0-1,0.1447,1-1,D,0,0,1,1.277,H,0.25,-1.0
2026-02-14,G1,Levadeiakos,Olympiakos,0.1422,0.2214,0.6364,A,0.5752,1-2,0.1096,0-0,D,0,0,0,1.5078,,,
2026-02-14,G1,Panetolikos,Asteras Tripolis,0.3867,0.2961,0.3172,H,0.3869,1-1,0.1374,3-1,H,1,0,0,0.9502,H,0.2057,2.4
2026-02-14,D1,Stuttgart,FC Koln,0.6908,0.1881,0.1212,H,0.6325,2-0,0.1054,3-1,H,1,0,1,0.3699,H,-0.0333,0.45
2026-02-14,F1,Marseille,Strasbourg,0.6171,0.2231,0.1599,H,0.6063,1-1,0.1037,2-2,D,0,0,1,1.5003,H,-0.1854,-1.0
2026-02-14,F1,Lille,Brest,0.4988,0.2784,0.2228,H,0.5135,1-1,0.1324,1-1,D,0,1,0,1.2786,A,-0.1667,-1.0
2026-02-14,F1,Paris FC,Lens,0.1679,0.2072,0.6249,A,0.5354,0-2,0.1159,0-5,A,1,0,1,0.4701,A,-0.0513,0.85
2026-02-14,N1,Heracles,NAC Breda,0.4407,0.2878,0.2715,H,0.5323,1-1,0.1357,0-1,A,0,0,0,1.3037,H,-0.0625,-1.0
2026-02-14,T1,Genclerbirligi,Rizespor,0.4501,0.282,0.2679,H,0.4836,1-1,0.1344,2-2,D,0,0,0,1.2658,H,0.0,-1.0
2026-02-14,D1,Hoffenheim,Freiburg,0.4538,0.2735,0.2727,H,0.5486,1-1,0.1283,3-0,H,1,0,1,0.7901,A,0.0,-1.0
2026-02-14,N1,Ajax,For Sittard,0.7538,0.1596,0.0867,H,0.6758,2-0,0.1067,4-1,H,1,0,1,0.2827,H,0.0543,0.36
2026-02-14,SP1,Real Madrid,Sociedad,0.7882,0.1433,0.0684,H,0.6562,2-0,0.122,4-1,H,1,0,1,0.238,H,-0.05,0.33
2026-02-14,SP1,Sevilla,Alaves,0.4418,0.2975,0.2608,H,0.4777,1-1,0.1418,1-1,D,0,1,1,1.2125,,,
2026-02-14,D1,Werder Bremen,Bayern Munich,0.0899,0.1385,0.7716,A,0.6525,1-2,0.123,0-3,A,1,0,1,0.2593,A,0.0,0.3
2026-02-14,N1,Groningen,Utrecht,0.3947,0.2784,0.327,H,0.5071,1-1,0.1323,1-2,A,0,0,1,1.1179,A,-0.0952,2.8
2026-02-14,D1,Ein Frankfurt,M'gladbach,0.5345,0.2693,0.1963,H,0.5337,1-1,0.1276,3-0,H,1,0,1,0.6265,H,-0.1136,0.95
2026-02-14,D1,Hamburg,Union Berlin,0.4009,0.2819,0.3172,H,0.5032,1-1,0.134,3-2,H,1,0,1,0.9141,,,
2026-02-14,SP1,Espanol,Celta,0.3378,0.2916,0.3707,A,0.4085,1-1,0.1369,2-2,D,0,0,0,1.2324,A,0.0714,-1.0
2026-02-14,SP1,Getafe,Villarreal,0.2092,0.2429,0.5479,A,0.4638,0-1,0.1283,2-1,H,0,0,0,1.5644,A,-0.1445,-1.0
2026-02-14,D1,Leverkusen,St Pauli,0.6536,0.218,0.1284,H,0.5766,2-0,0.11,4-0,H,1,0,1,0.4252,H,-0.0523,0.45
2026-02-15,G1,Kifisia,OFI Crete,0.361,0.297,0.342,H,0.4316,1-1,0.1408,2-2,D,0,0,0,1.2139,A,-0.0714,-1.0
2026-02-15,B1,Cercle Brugge,Club Brugge,0.1517,0.1954,0.6529,A,0.6642,1-2,0.1002,1-2,A,1,1,1,0.4264,A,0.1111,0.8
2026-02-15,G1,Panathinaikos,Larisa,0.7031,0.1979,0.0989,H,0.491,1-0,0.1513,1-1,D,0,0,1,1.6198,,,
2026-02-15,P1,Sp Lisbon,Famalicao,0.8222,0.1217,0.0561,H,0.7016,2-0,0.1146,1-0,H,1,0,0,0.1958,,,
2026-02-15,P1,AVS,Estoril,0.2403,0.2327,0.527,A,0.4982,0-1,0.1129,3-0,H,0,0,0,1.4258,,,
2026-02-15,F1,Lyon,Nice,0.6263,0.2208,0.1529,H,0.5024,1-0,0.1273,2-0,H,1,0,0,0.4679,H,-0.1,0.62
2026-02-15,F1,Metz,Auxerre,0.3438,0.2797,0.3765,A,0.4513,1-1,0.133,1-3,A,1,0,0,0.9767,,,
2026-02-15,D1,Augsburg,Heidenheim,0.5605,0.2513,0.1882,H,0.5445,1-1,0.1191,1-0,H,1,0,0,0.5789,H,-0.0263,0.85
2026-02-15,F1,Le Havre,Toulouse,0.321,0.2973,0.3817,A,0.4151,1-1,0.1401,2-1,H,0,0,0,1.1363,H,-0.0286,2.4
2026-02-15,SC0,Kilmarnock,Celtic,0.1061,0.1703,0.7236,A,0.6859,1-2,0.1011,2-3,A,1,0,1,0.3235,A,0.015,0.35
2026-02-15,SC0,Motherwell,Aberdeen,0.6622,0.1914,0.1464,H,0.5885,2-0,0.1113,2-0,H,1,1,0,0.4121,H,0.0196,0.56
2026-02-15,SC0,Rangers,Hearts,0.5188,0.2646,0.2165,H,0.4777,1-1,0.126,4-2,H,1,0,0,0.6562,H,0.0552,0.91
2026-02-15,F1,Lorient,Angers,0.4743,0.2812,0.2445,H,0.4559,1-1,0.1337,2-0,H,1,0,1,0.7458,A,0.0,-1.0
2026-02-15,I1,Cremonese,Genoa,0.3247,0.2876,0.3877,A,0.4477,1-1,0.1367,0-0,D,0,0,1,1.2461,,,
2026-02-15,I1,Parma,Verona,0.4576,0.2869,0.2555,H,0.4094,1-1,0.1343,2-1,H,1,0,0,0.7818,H,0.0222,1.3
2026-02-15,I1,Torino,Bologna,0.4138,0.2917,0.2945,H,0.4014,1-1,0.1364,1-2,A,0,0,0,1.2224,H,0.1379,-1.0
2026-02-15,I1,Napoli,Roma,0.4182,0.2854,0.2964,H,0.4488,1-1,0.1356,2-2,D,0,0,0,1.254,,,
2026-02-15,B1,St Truiden,Waregem,0.6469,0.2111,0.142,H,0.5789,2-0,0.1087,3-2,H,1,0,1,0.4356,H,-0.0173,0.7
2026-02-15,B1,Anderlecht,RAAL La Louviere,0.6054,0.2418,0.1528,H,0.5689,1-1,0.1142,0-0,D,0,0,0,1.4196,H,0.0,-1.0
2026-02-15,B1,Antwerp,Westerlo,0.5375,0.2576,0.2049,H,0.537,1-1,0.1222,0-2,A,0,0,0,1.5852,H,-0.0233,-1.0
2026-02-15,D1,RB Leipzig,Wolfsburg,0.7077,0.1736,0.1187,H,0.6714,2-0,0.0986,2-2,D,0,0,1,1.7508,H,-0.04,-1.0
2026-02-15,I1,Udinese,Sassuolo,0.5058,0.2854,0.2088,H,0.4261,1-1,0.1343,1-2,A,0,0,0,1.5666,H,-0.0588,-1.0
2026-02-15,G1,PAOK,AEK,0.4616,0.2685,0.27,H,0.4384,1-1,0.127,0-0,D,0,0,1,1.3151,,,
2026-02-15,T1,Kocaelispor,Gaziantep,0.5331,0.2631,0.2038,H,0.4265,1-0,0.1375,3-0,H,1,0,0,0.629,H,0.0276,0.86
2026-02-15,SP1,Mallorca,Betis,0.3084,0.2846,0.407,A,0.5174,1-1,0.1348,1-2,A,1,0,1,0.899,,,
2026-02-15,SP1,Oviedo,Ath Bilbao,0.2967,0.2723,0.431,A,0.4811,1-1,0.1298,1-2,A,1,0,0,0.8417,H,0.0909,-1.0
2026-02-15,N1,Telstar,Twente,0.163,0.2239,0.6131,A,0.582,1-1,0.1058,1-1,D,0,1,0,1.4964,,,
2026-02-15,SP1,Levante,Valencia,0.3652,0.304,0.3308,H,0.4477,1-1,0.1447,0-2,A,0,0,1,1.1062,,,
2026-02-15,N1,Feyenoord,Go Ahead Eagles,0.6751,0.2029,0.122,H,0.6427,2-1,0.0992,1-0,H,1,0,0,0.393,,,
2026-02-15,P1,Nacional,Porto,0.1092,0.1775,0.7132,A,0.5611,0-2,0.1319,0-1,A,1,0,0,0.3379,,,
2026-02-15,N1,Heerenveen,Zwolle,0.5191,0.266,0.2149,H,0.5367,1-1,0.1259,4-2,H,1,0,1,0.6557,A,0.2,-1.0
2026-02-15,T1,Goztep,Kayserispor,0.647,0.2148,0.1382,H,0.5032,1-0,0.1326,0-0,D,0,0,0,1.5379,H,-0.0783,-1.0
2026-02-15,T1,Buyuksehyr,Besiktas,0.3585,0.2904,0.3511,H,0.5348,1-1,0.1366,2-3,A,0,0,1,1.0468,D,0.0286,-1.0
2026-02-15,SP1,Vallecano,Ath Madrid,0.2126,0.2366,0.5508,A,0.4861,0-1,0.1239,3-0,H,0,0,0,1.5484,A,0.0167,-1.0
2026-02-16,E1,Coventry,Middlesbrough,0.3689,0.2941,0.337,H,0.5155,1-1,0.1392,3-1,H,1,0,1,0.9972,D,-0.0278,-1.0
2026-02-16,SP1,Girona,Barcelona,0.1463,0.2078,0.6459,A,0.5796,0-2,0.1083,2-1,H,0,0,1,1.9221,,,
2026-02-16,P1,Rio Ave,Moreirense,0.3221,0.3043,0.3735,A,0.4408,1-1,0.1447,1-2,A,1,0,0,0.9847,,,
2026-02-16,G1,Atromitos,Panserraikos,0.5909,0.256,0.1531,H,0.415,1-0,0.1521,2-2,D,0,0,0,1.3626,A,0.0588,-1.0
2026-02-16,I1,Cagliari,Lecce,0.4577,0.2905,0.2518,H,0.4284,1-1,0.1372,0-2,A,0,0,1,1.3791,,,
2026-02-16,T1,Kasimpasa,Karagumruk,0.5106,0.2851,0.2043,H,0.4357,1-1,0.1344,3-2,H,1,0,0,0.6722,,,
2026-02-17,N1,Sparta Rotterdam,Nijmegen,0.3507,0.2819,0.3674,A,0.586,1-1,0.1287,1-1,D,0,1,0,1.2661,,,
2026-02-17,E1,Bristol City,Wrexham,0.4016,0.2902,0.3082,H,0.4616,1-1,0.1383,2-2,D,0,0,0,1.2371,,,
2026-02-17,E1,Charlton,Portsmouth,0.3951,0.2866,0.3184,H,0.4309,1-1,0.1357,1-3,A,0,0,0,1.1446,,,
2026-02-18,SP1,Levante,Villarreal,0.2171,0.2307,0.5522,A,0.5259,0-1,0.1107,0-1,A,1,1,0,0.5939,,,
2026-02-18,E0,Wolves,Arsenal,0.1194,0.1824,0.6982,A,0.5332,0-2,0.1347,2-2,D,0,0,1,1.7013,H,-0.0833,-1.0
2026-02-18,I1,Milan,Como,0.511,0.262,0.227,H,0.4522,1-0,0.1245,1-1,D,0,0,1,1.3393,H,-0.1346,-1.0
2026-02-20,N1,For Sittard,Excelsior,0.4345,0.2962,0.2693,H,0.5137,1-1,0.1404,2-1,H,1,0,1,0.8335,D,0.0,-1.0
2026-02-20,E1,Blackburn,Preston,0.4053,0.2924,0.3024,H,0.3932,1-1,0.136,1-0,H,1,0,1,0.9032,A,0.1143,-1.0
2026-02-20,T1,Rizespor,Kocaelispor,0.3505,0.3048,0.3446,H,0.4704,1-1,0.1453,2-0,H,1,0,1,1.0483,A,-0.0462,-1.0
2026-02-20,P1,Estrela,Tondela,0.4613,0.2853,0.2534,H,0.4595,1-1,0.1358,0-2,A,0,0,1,1.3726,H,-0.1228,-1.0
2026-02-20,D1,Mainz,Hamburg,0.4365,0.2916,0.2719,H,0.5561,1-1,0.1359,1-1,D,0,1,0,1.2325,,,
2026-02-20,B1,Gent,Cercle Brugge,0.5624,0.252,0.1856,H,0.5936,1-1,0.1168,0-1,A,0,0,0,1.6841,H,0.0,-1.0
2026-02-20,SP1,Ath Bilbao,Elche,0.6524,0.2133,0.1343,H,0.5853,2-0,0.1089,2-1,H,1,0,1,0.4271,H,-0.0176,0.67
2026-02-20,F1,Brest,Marseille,0.3068,0.2682,0.4251,A,0.5157,1-1,0.1273,2-0,H,0,0,0,1.1817,H,-0.0256,2.8
2026-02-20,I1,Sassuolo,Verona,0.483,0.2769,0.2401,H,0.4328,1-1,0.1306,3-0,H,1,0,0,0.7278,A,0.0,-1.0
2026-02-21,E0,Aston Villa,Leeds,0.5727,0.2325,0.1948,H,0.5829,1-1,0.1091,1-1,D,0,1,0,1.4587,H,0.0109,-1.0
2026-02-21,F1,Paris SG,Metz,0.8868,0.0758,0.0374,H,0.673,2-0,0.1476,3-0,H,1,0,1,0.1201,,,
2026-02-21,N1,NAC Breda,Volendam,0.4958,0.2778,0.2264,H,0.4822,1-1,0.1324,1-0,H,1,0,1,0.7016,A,0.0909,-1.0
2026-02-21,N1,PSV Eindhoven,Heerenveen,0.8206,0.1211,0.0583,H,0.7215,2-0,0.1067,3-1,H,1,0,1,0.1977,H,0.088,0.36
2026-02-21,F1,Lens,Monaco,0.6308,0.2193,0.1499,H,0.539,2-0,0.1144,2-3,A,0,0,1,1.8978,H,-0.0462,-1.0
2026-02-21,F1,Toulouse,Paris FC,0.5571,0.2634,0.1795,H,0.4402,1-0,0.1333,1-1,D,0,0,1,1.3342,H,-0.075,-1.0
2026-02-21,E1,Watford,Derby,0.4132,0.292,0.2947,H,0.4171,1-1,0.1375,2-0,H,1,0,1,0.8837,,,
2026-02-21,E1,Wrexham,Ipswich,0.3882,0.2793,0.3325,H,0.5018,1-1,0.1329,5-3,H,1,0,1,0.9462,H,0.0,2.3
2026-02-21,G1,Asteras Tripolis,Atromitos,0.3868,0.3113,0.3019,H,0.3927,1-1,0.1453,1-2,A,0,0,0,1.1977,,,
2026-02-21,G1,Olympiakos,Panetolikos,0.8669,0.0904,0.0427,H,0.6335,2-0,0.1569,2-0,H,1,1,0,0.1428,,,
2026-02-21,E1,Hull,QPR,0.4582,0.2809,0.2609,H,0.4405,1-1,0.1332,1-3,A,0,0,0,1.3438,H,0.0227,-1.0
2026-02-21,D1,RB Leipzig,Dortmund,0.3406,0.2726,0.3867,A,0.5628,1-1,0.1268,2-2,D,0,0,1,1.2996,A,-0.1143,-1.0
2026-02-21,D1,Wolfsburg,Augsburg,0.3394,0.2881,0.3725,A,0.532,1-1,0.1357,2-3,A,1,0,1,0.9876,A,0.1719,2.75
2026-02-21,D1,Union Berlin,Leverkusen,0.2583,0.2433,0.4983,A,0.554,1-1,0.1147,1-0,H,0,0,0,1.3535,A,0.0128,-1.0
2026-02-21,D1,FC Koln,Hoffenheim,0.2694,0.2555,0.4751,A,0.5505,1-1,0.1202,2-2,D,0,0,1,1.3647,,,
2026-02-21,N1,Ajax,Nijmegen,0.5801,0.2322,0.1878,H,0.6146,1-1,0.1064,1-1,D,0,1,0,1.4603,H,-0.0278,-1.0
2026-02-21,D1,Bayern Munich,Ein Frankfurt,0.827,0.1096,0.0633,H,0.7006,2-0,0.1173,3-2,H,1,0,1,0.1899,,,
2026-02-21,E1,Swansea,Bristol City,0.4053,0.2758,0.3189,H,0.4894,1-1,0.1314,1-0,H,1,0,1,0.9031,A,-0.1081,-1.0
2026-02-21,E1,West Brom,Coventry,0.3351,0.2611,0.4038,A,0.4607,1-1,0.1242,0-2,A,1,0,1,0.9069,H,-0.0278,-1.0
2026-02-21,E1,Middlesbrough,Oxford,0.7012,0.1765,0.1223,H,0.5791,2-0,0.1242,0-0,D,0,0,0,1.7346,H,0.0296,-1.0
2026-02-21,E1,Millwall,Portsmouth,0.5433,0.2612,0.1955,H,0.4579,1-0,0.1292,1-3,A,0,0,0,1.6322,,,
2026-02-21,E1,Norwich,Birmingham,0.4414,0.275,0.2836,H,0.4516,1-1,0.1307,1-2,A,0,0,0,1.2603,H,0.0204,-1.0
2026-02-21,E1,Southampton,Charlton,0.5294,0.2654,0.2052,H,0.4541,1-0,0.1286,1-1,D,0,0,1,1.3265,D,-0.03,3.2
2026-02-21,E0,Brentford,Brighton,0.4758,0.2817,0.2424,H,0.4621,1-1,0.1341,0-2,A,0,0,1,1.417,,,
2026-02-21,E1,Stoke,Leicester,0.4954,0.2597,0.2449,H,0.4472,1-0,0.1253,2-2,D,0,0,0,1.3483,H,-0.0444,-1.0
2026-02-21,E0,Chelsea,Burnley,0.729,0.1704,0.1006,H,0.5754,2-0,0.1315,1-1,D,0,0,0,1.7695,,,
2026-02-21,B1,St. Gilloise,Antwerp,0.7234,0.1763,0.1003,H,0.5927,2-0,0.125,2-1,H,1,0,1,0.3238,H,0.0441,0.42
2026-02-21,E0,Man City,Newcastle,0.6259,0.1996,0.1745,H,0.591,2-1,0.1057,2-1,H,1,1,1,0.4685,,,
2026-02-21,P1,Arouca,Nacional,0.5257,0.2631,0.2111,H,0.5176,1-1,0.1252,3-0,H,1,0,1,0.643,H,0.0714,1.25
2026-02-21,P1,Benfica,AVS,0.8925,0.0714,0.0362,H,0.7127,3-0,0.1405,3-0,H,1,1,1,0.1137,,,
2026-02-21,P1,Moreirense,Sp Lisbon,0.1348,0.192,0.6732,A,0.5699,0-2,0.1174,0-3,A,1,0,1,0.3957,H,-0.1538,-1.0
2026-02-21,P1,Sp Braga,Guimaraes,0.6314,0.2171,0.1515,H,0.5402,1-0,0.1159,3-2,H,1,0,1,0.4599,H,0.0552,0.53
2026-02-21,T1,Eyupspor,Genclerbirligi,0.4307,0.2972,0.2721,H,0.4941,1-1,0.1415,1-0,H,1,0,1,0.8424,H,-0.0833,1.75
2026-02-21,T1,Alanyaspor,Buyuksehyr,0.332,0.2897,0.3783,A,0.5252,1-1,0.1367,1-2,A,1,0,1,0.972,,,
2026-02-21,T1,Konyaspor,Galatasaray,0.1089,0.171,0.7201,A,0.5693,0-2,0.1308,2-0,H,0,0,0,2.2173,A,-0.0523,-1.0
2026-02-21,E0,West Ham,Bournemouth,0.2665,0.2709,0.4625,A,0.5454,1-1,0.1275,0-0,D,0,0,0,1.3058,A,0.0735,-1.0
2026-02-21,SP1,Osasuna,Real Madrid,0.113,0.1865,0.7005,A,0.6326,0-2,0.1075,2-1,H,0,0,1,2.1806,A,0.0,-1.0
2026-02-21,SC0,Aberdeen,Dundee,0.4342,0.2921,0.2737,H,0.468,1-1,0.1392,2-3,A,0,0,0,1.2956,A,0.0526,3.0
2026-02-21,SC0,Dundee United,Kilmarnock,0.5238,0.2768,0.1994,H,0.5595,1-1,0.1293,1-1,D,0,1,0,1.2843,H,0.0538,-1.0
2026-02-21,SC0,Hearts,Falkirk,0.6043,0.2421,0.1536,H,0.5393,1-1,0.1153,1-0,H,1,0,0,0.5037,H,-0.0795,0.62
2026-02-21,SC0,St Mirren,Motherwell,0.2375,0.2795,0.483,A,0.4963,1-1,0.1331,0-5,A,1,0,0,0.7278,A,0.0682,1.35
2026-02-21,SP1,Betis,Vallecano,0.5542,0.2524,0.1934,H,0.5238,1-1,0.1201,1-1,D,0,1,0,1.3766,H,-0.0052,-1.0
2026-02-21,SP1,Ath Madrid,Espanol,0.6664,0.2061,0.1275,H,0.5287,2-0,0.1257,4-2,H,1,0,1,0.4059,H,0.0714,0.5
2026-02-21,P1,Alverca,Santa Clara,0.4186,0.2977,0.2837,H,0.3766,1-1,0.1369,1-1,D,0,1,1,1.2118,H,-0.1455,-1.0
2026-02-21,I1,Juventus,Como,0.6075,0.227,0.1655,H,0.5665,2-1,0.1085,0-2,A,0,0,0,1.7989,H,-0.0476,-1.0
2026-02-21,I1,Lecce,Inter,0.0841,0.1501,0.7658,A,0.4892,0-2,0.1683,0-2,A,1,1,1,0.2668,A,-0.0133,0.48
2026-02-21,I1,Cagliari,Lazio,0.2772,0.2768,0.446,A,0.4214,1-1,0.1302,0-0,D,0,0,1,1.2843,A,-0.0408,-1.0
2026-02-21,B1,Dender,St Truiden,0.2627,0.2549,0.4824,A,0.5515,1-1,0.1199,1-4,A,1,0,1,0.7289,A,-0.0465,1.05
2026-02-21,B1,Club Brugge,Oud-Heverlee Leuven,0.7217,0.1791,0.0992,H,0.6472,2-0,0.1077,2-1,H,1,0,1,0.3261,H,0.0526,0.4
2026-02-21,SP1,Sociedad,Oviedo,0.6141,0.2296,0.1563,H,0.4924,1-0,0.1302,3-3,D,0,0,0,1.4716,A,0.25,-1.0
2026-02-22,B1,Genk,Standard,0.7001,0.1857,0.1142,H,0.5905,2-0,0.1198,0-3,A,0,0,1,2.1698,H,0.0571,-1.0
2026-02-22,N1,Twente,Groningen,0.7091,0.1786,0.1124,H,0.606,2-0,0.118,2-1,H,1,0,1,0.3438,H,0.02,0.53
2026-02-22,P1,Estoril,Gil Vicente,0.367,0.2835,0.3494,H,0.5103,1-1,0.1346,3-1,H,1,0,1,1.0023,,,
2026-02-22,P1,Porto,Rio Ave,0.8758,0.0838,0.0403,H,0.626,2-0,0.1626,1-0,H,1,0,0,0.1326,,,
2026-02-22,B1,Waregem,Anderlecht,0.2899,0.2587,0.4514,A,0.5297,1-1,0.1226,2-4,A,1,0,1,0.7953,,,
2026-02-22,B1,Westerlo,Charleroi,0.373,0.2896,0.3374,H,0.5163,1-1,0.1371,2-1,H,1,0,1,0.9863,,,
2026-02-22,D1,Heidenheim,Stuttgart,0.1605,0.2081,0.6314,A,0.61,1-2,0.1037,3-3,D,0,0,1,1.5698,A,0.018,-1.0
2026-02-22,D1,St Pauli,Werder Bremen,0.3951,0.2805,0.3244,H,0.4715,1-1,0.1337,2-1,H,1,0,0,0.9286,H,0.0456,1.75
2026-02-22,D1,Freiburg,M'gladbach,0.5392,0.2679,0.1929,H,0.5306,1-1,0.1271,2-1,H,1,0,1,0.6177,H,-0.0714,0.95
2026-02-22,E1,Sheffield United,Sheffield Weds,0.7463,0.1637,0.09,H,0.6353,2-0,0.1179,2-1,H,1,0,1,0.2926,D,0.0,-1.0
2026-02-22,T1,Gaziantep,Trabzonspor,0.1852,0.2317,0.5831,A,0.5953,1-1,0.1081,1-2,A,1,0,1,0.5394,A,0.0552,0.91
2026-02-22,T1,Besiktas,Goztep,0.5938,0.2486,0.1576,H,0.5993,1-1,0.1156,4-0,H,1,0,1,0.5212,H,0.0701,0.68
2026-02-22,T1,Karagumruk,Samsunspor,0.2876,0.2768,0.4355,A,0.4806,1-1,0.132,0-0,D,0,0,1,1.2844,H,0.3158,-1.0
2026-02-22,SP1,Villarreal,Valencia,0.6468,0.2177,0.1355,H,0.5222,1-0,0.1226,2-1,H,1,0,1,0.4358,H,0.018,0.7
2026-02-22,SP1,Celta,Mallorca,0.5764,0.2554,0.1682,H,0.5307,1-1,0.1215,2-0,H,1,0,0,0.551,H,0.0457,0.83
2026-02-22,SP1,Barcelona,Levante,0.8539,0.1008,0.0453,H,0.6867,2-0,0.1296,3-0,H,1,0,1,0.1579,,,
2026-02-22,SP1,Getafe,Sevilla,0.4011,0.3014,0.2975,H,0.4023,1-1,0.1412,0-1,A,0,0,1,1.2124,,,
2026-02-22,I1,Milan,Parma,0.7633,0.161,0.0757,H,0.4999,2-0,0.1624,0-1,A,0,0,1,2.5809,H,0.0231,-1.0
2026-02-22,I1,Atalanta,Napoli,0.3641,0.2807,0.3553,H,0.4376,1-1,0.1331,2-1,H,1,0,0,1.0104,A,-0.0909,-1.0
2026-02-22,I1,Genoa,Torino,0.4145,0.2921,0.2934,H,0.457,1-1,0.1391,3-0,H,1,0,0,0.8806,A,0.0,-1.0
2026-02-22,I1,Roma,Cremonese,0.7704,0.1542,0.0754,H,0.5374,2-0,0.1533,3-0,H,1,0,1,0.2608,H,0.0462,0.36
2026-02-22,T1,Kayserispor,Antalyaspor,0.4008,0.3072,0.2919,H,0.45,1-1,0.1463,1-0,H,1,0,1,0.9142,A,0.0,-1.0
2026-02-22,N1,Go Ahead Eagles,Heracles,0.5744,0.2496,0.176,H,0.5825,1-1,0.1165,4-0,H,1,0,1,0.5544,,,
2026-02-22,G1,Panserraikos,Volos NFC,0.3279,0.2659,0.4062,A,0.4034,1-1,0.1237,2-1,H,0,0,0,1.115,H,0.1842,3.5
2026-02-22,F1,Angers,Lille,0.2778,0.265,0.4572,A,0.4836,1-1,0.1263,0-1,A,1,0,1,0.7827,H,-0.1158,-1.0
2026-02-22,F1,Nantes,Le Havre,0.333,0.2951,0.3719,A,0.3935,1-1,0.1374,2-0,H,0,0,1,1.0996,A,-0.0333,-1.0
2026-02-22,F1,Nice,Lorient,0.4378,0.3018,0.2605,H,0.4759,1-1,0.1438,3-3,D,0,0,0,1.1982,D,0.0588,2.6
2026-02-22,F1,Strasbourg,Lyon,0.2654,0.2805,0.4541,A,0.4805,1-1,0.1337,3-1,H,0,0,0,1.3264,A,-0.0938,-1.0
2026-02-22,SC0,Livingston,Rangers,0.0936,0.1544,0.752,A,0.7064,0-2,0.0966,2-2,D,0,0,1,1.8682,A,0.063,-1.0
2026-02-22,SC0,Celtic,Hibernian,0.7138,0.1774,0.1088,H,0.6283,2-0,0.1119,1-2,A,0,0,1,2.2184,H,0.0211,-1.0
2026-02-22,F1,Auxerre,Rennes,0.3213,0.2761,0.4025,A,0.4689,1-1,0.1316,0-3,A,1,0,0,0.91,,,
2026-02-22,G1,OFI Crete,Panathinaikos,0.2012,0.2454,0.5534,A,0.4948,0-1,0.1172,0-2,A,1,0,1,0.5917,A,0.067,0.91
2026-02-22,E0,Sunderland,Fulham,0.3567,0.2805,0.3627,A,0.4399,1-1,0.1331,1-3,A,1,0,0,1.0141,,,
2026-02-22,E0,Nott'm Forest,Liverpool,0.2728,0.2551,0.4722,A,0.4671,1-1,0.1214,0-1,A,1,0,1,0.7505,H,0.1389,-1.0
2026-02-22,E0,Crystal Palace,Wolves,0.537,0.258,0.2051,H,0.5004,1-1,0.123,1-0,H,1,0,0,0.6218,,,
2026-02-22,N1,Feyenoord,Telstar,0.8006,0.13,0.0694,H,0.6749,2-0,0.1193,2-1,H,1,0,1,0.2224,,,
2026-02-22,N1,AZ Alkmaar,Sparta Rotterdam,0.5276,0.2678,0.2046,H,0.5666,1-1,0.1252,3-1,H,1,0,1,0.6394,H,-0.0244,1.0
2026-02-22,N1,Utrecht,Zwolle,0.6212,0.2332,0.1455,H,0.6145,1-1,0.1074,1-1,D,0,1,0,1.4558,H,0.0,-1.0
2026-02-22,E0,Tottenham,Arsenal,0.1743,0.2242,0.6015,A,0.5569,1-1,0.1063,1-4,A,1,0,1,0.5083,,,
2026-02-22,G1,AEK,Levadeiakos,0.7269,0.1678,0.1053,H,0.5919,2-0,0.1268,4-0,H,1,0,1,0.319,H,0.0,0.42
2026-02-22,B1,RAAL La Louviere,Mechelen,0.3306,0.2789,0.3905,A,0.4695,1-1,0.1329,0-2,A,1,0,1,0.9404,A,0.0,2.0
2026-02-22,G1,Larisa,PAOK,0.1055,0.1761,0.7184,A,0.5199,0-2,0.1435,1-1,D,0,0,0,1.7366,,,
2026-02-22,G1,Aris,Kifisia,0.6015,0.2426,0.1559,H,0.4119,1-0,0.1558,1-1,D,0,0,1,1.4165,H,-0.0284,-1.0
2026-02-23,P1,Famalicao,Casa Pia,0.5079,0.2801,0.212,H,0.4615,1-1,0.1331,2-0,H,1,0,1,0.6774,A,-0.12,-1.0
2026-02-23,T1,Fenerbahce,Kasimpasa,0.8331,0.116,0.0509,H,0.6703,2-0,0.1292,1-1,D,0,0,0,2.1541,,,
2026-02-23,I1,Bologna,Udinese,0.5149,0.2827,0.2024,H,0.5024,1-1,0.1347,1-0,H,1,0,0,0.6637,,,
2026-02-23,I1,Fiorentina,Pisa,0.6256,0.2303,0.1441,H,0.5566,1-1,0.1094,1-0,H,1,0,0,0.469,H,0.0437,0.67
2026-02-23,SP1,Alaves,Girona,0.3707,0.3117,0.3176,H,0.4352,1-1,0.1481,2-2,D,0,0,0,1.1658,A,0.0769,-1.0
2026-02-23,E0,Everton,Man United,0.3212,0.2932,0.3855,A,0.476,1-1,0.1398,0-1,A,1,0,1,0.9531,H,0.1212,-1.0
2026-02-24,E1,West Brom,Charlton,0.4437,0.2802,0.2761,H,0.4349,1-1,0.1325,1-1,D,0,1,1,1.2722,A,0.0,-1.0
2026-02-24,E1,Southampton,QPR,0.4864,0.2694,0.2443,H,0.4573,1-1,0.1279,5-0,H,1,0,0,0.7208,A,-0.0378,-1.0
2026-02-24,E1,Watford,Ipswich,0.3568,0.2717,0.3715,A,0.4685,1-1,0.1295,0-2,A,1,0,1,0.9902,H,0.0645,-1.0
2026-02-24,E1,Swansea,Preston,0.5062,0.264,0.2298,H,0.4411,1-0,0.1277,1-1,D,0,0,1,1.3317,,,
2026-02-24,E1,Middlesbrough,Leicester,0.6306,0.211,0.1584,H,0.5318,1-0,0.1171,1-1,D,0,0,0,1.5559,,,
2026-02-24,SC0,Dundee United,Aberdeen,0.5008,0.2801,0.2191,H,0.4458,1-1,0.1328,0-0,D,0,0,1,1.2726,H,0.0199,-1.0
2026-02-24,E1,Hull,Derby,0.4147,0.2807,0.3046,H,0.4674,1-1,0.1338,4-2,H,1,0,0,0.8803,H,0.186,1.55
2026-02-24,E1,Wrexham,Portsmouth,0.4997,0.2715,0.2287,H,0.513,1-1,0.1292,2-1,H,1,0,1,0.6937,H,0.0,1.01
2026-02-24,E1,Blackburn,Bristol City,0.3539,0.283,0.3632,A,0.4101,1-1,0.1328,1-2,A,1,0,0,1.0129,A,-0.0323,2.0
2026-02-25,E1,Millwall,Birmingham,0.4799,0.2839,0.2362,H,0.4483,1-1,0.1347,3-0,H,1,0,0,0.7342,H,-0.0943,1.4
2026-02-25,E1,Sheffield United,Coventry,0.3594,0.2912,0.3495,H,0.4827,1-1,0.1387,1-2,A,0,0,0,1.0514,,,
2026-02-25,E1,Stoke,Oxford,0.5158,0.2553,0.2289,H,0.4164,1-0,0.1487,2-1,H,1,0,0,0.662,,,
2026-02-25,E1,Norwich,Sheffield Weds,0.7405,0.155,0.1044,H,0.509,2-0,0.1561,2-0,H,1,1,0,0.3004,A,0.0,-1.0
2026-02-27,T1,Trabzonspor,Karagumruk,0.7845,0.1449,0.0706,H,0.6464,2-0,0.124,3-1,H,1,0,1,0.2427,H,-0.0276,0.41
2026-02-27,B1,Standard,RAAL La Louviere,0.3958,0.2972,0.307,H,0.4872,1-1,0.1415,1-1,D,0,1,1,1.2134,,,
2026-02-27,N1,Telstar,NAC Breda,0.4083,0.2997,0.292,H,0.4999,1-1,0.1424,3-0,H,1,0,0,0.8957,D,-0.0132,-1.0
2026-02-27,I1,Parma,Cagliari,0.4356,0.3098,0.2546,H,0.3871,1-1,0.1439,1-1,D,0,1,1,1.172,,,
2026-02-27,SP1,Levante,Alaves,0.3421,0.3004,0.3575,A,0.4642,1-1,0.1432,2-0,H,0,0,1,1.0726,,,
2026-02-27,P1,Sp Lisbon,Estoril,0.8193,0.1225,0.0581,H,0.675,2-0,0.124,3-0,H,1,0,1,0.1993,,,
2026-02-27,F1,Strasbourg,Lens,0.3018,0.2585,0.4397,A,0.5263,1-1,0.1225,1-1,D,0,1,0,1.3528,A,0.0,-1.0
2026-02-27,E0,Wolves,Aston Villa,0.1865,0.256,0.5575,A,0.5106,1-1,0.122,2-0,H,0,0,0,1.6793,A,0.0571,-1.0
2026-02-27,D1,Augsburg,FC Koln,0.5141,0.2702,0.2157,H,0.5205,1-1,0.1284,2-0,H,1,0,0,0.6654,H,0.0,1.2
2026-02-27,T1,Buyuksehyr,Konyaspor,0.6558,0.21,0.1342,H,0.5775,2-0,0.1109,2-0,H,1,1,0,0.4219,H,0.012,0.68
2026-02-27,E1,Bristol City,Watford,0.4148,0.2865,0.2987,H,0.4193,1-1,0.135,1-2,A,0,0,0,1.2083,H,0.0435,-1.0
2026-02-27,P1,Porto,Arouca,0.7765,0.1504,0.0732,H,0.5579,2-0,0.1493,3-1,H,1,0,1,0.253,,,
2026-02-28,B1,Mechelen,Waregem,0.5384,0.2629,0.1987,H,0.5251,1-1,0.125,2-1,H,1,0,1,0.6192,H,-0.087,1.1
2026-02-28,I1,Inter,Genoa,0.8589,0.0933,0.0478,H,0.6841,2-0,0.1326,2-0,H,1,1,0,0.1521,H,0.0231,0.33
2026-02-28,B1,Anderlecht,Oud-Heverlee Leuven,0.5201,0.2584,0.2215,H,0.5761,1-1,0.1206,5-1,H,1,0,1,0.6538,,,
2026-02-28,I1,Verona,Napoli,0.1751,0.2158,0.6091,A,0.4699,0-1,0.1422,1-2,A,1,0,0,0.4958,H,0.3043,-1.0
2026-02-28,I1,Como,Lecce,0.7622,0.1506,0.0872,H,0.568,2-0,0.1447,3-1,H,1,0,1,0.2715,H,-0.0676,0.38
2026-02-28,SC0,Dundee,Hibernian,0.2552,0.2513,0.4935,A,0.4863,1-1,0.1198,3-3,D,0,0,0,1.3809,A,0.0,-1.0
2026-02-28,SC0,Falkirk,Kilmarnock,0.5751,0.2523,0.1725,H,0.5057,1-1,0.1203,5-1,H,1,0,1,0.5531,,,
2026-02-28,SP1,Oviedo,Ath Madrid,0.1637,0.2074,0.6289,A,0.5654,0-2,0.1096,0-1,A,1,0,0,0.4638,A,-0.0722,0.67
2026-02-28,B1,Antwerp,St Truiden,0.3064,0.2849,0.4087,A,0.5388,1-1,0.134,1-0,H,0,0,0,1.1828,,,
2026-02-28,SC0,Livingston,St Mirren,0.3321,0.2758,0.3922,A,0.386,0-1,0.1318,1-1,D,0,0,1,1.2881,H,-0.0833,-1.0
2026-02-28,SC0,Hearts,Aberdeen,0.7256,0.1722,0.1023,H,0.551,2-0,0.1368,1-0,H,1,0,0,0.3208,H,-0.0276,0.41
2026-02-28,P1,Nacional,Sp Braga,0.1571,0.1995,0.6434,A,0.6087,0-2,0.1019,1-2,A,1,0,1,0.4409,A,0.0342,0.51
2026-02-28,SP1,Barcelona,Villarreal,0.6549,0.2124,0.1328,H,0.5784,2-0,0.1108,4-1,H,1,0,1,0.4233,D,0.1304,-1.0
2026-02-28,SP1,Vallecano,Ath Bilbao,0.3364,0.2932,0.3703,A,0.5232,1-1,0.1385,1-1,D,0,1,0,1.2268,A,0.0,-1.0
2026-02-28,E1,Sheffield Weds,Southampton,0.1637,0.2088,0.6275,A,0.5685,1-2,0.1172,1-3,A,1,0,1,0.4661,H,-0.05,-1.0
2026-02-28,E1,QPR,Sheffield United,0.3797,0.2906,0.3297,H,0.4641,1-1,0.1385,0-2,A,0,0,1,1.1096,H,-0.0323,-1.0
2026-02-28,E0,Leeds,Man City,0.2335,0.2485,0.5181,A,0.5686,1-1,0.1163,0-1,A,1,0,0,0.6576,H,0.0,-1.0
2026-02-28,T1,Goztep,Eyupspor,0.5933,0.249,0.1577,H,0.5551,1-1,0.118,0-0,D,0,0,0,1.3904,,,
2026-02-28,T1,Galatasaray,Alanyaspor,0.824,0.1206,0.0554,H,0.669,2-0,0.127,3-1,H,1,0,1,0.1936,,,
2026-02-28,T1,Kocaelispor,Besiktas,0.2201,0.2389,0.541,A,0.5617,1-1,0.1127,0-1,A,1,0,0,0.6144,A,-0.0195,1.01
2026-02-28,T1,Kasimpasa,Rizespor,0.3995,0.2893,0.3112,H,0.4462,1-1,0.1375,0-3,A,0,0,0,1.1673,,,
2026-02-28,E0,Newcastle,Everton,0.4723,0.2822,0.2455,H,0.4794,1-1,0.1345,2-3,A,0,0,0,1.4045,A,0.097,3.75
2026-02-28,E0,Liverpool,West Ham,0.7449,0.1703,0.0848,H,0.5693,2-0,0.1373,5-2,H,1,0,1,0.2945,H,0.0143,0.42
2026-02-28,E1,Preston,Millwall,0.3317,0.281,0.3873,A,0.4686,1-1,0.1339,0-2,A,1,0,1,0.9486,,,
2026-02-28,E0,Burnley,Brentford,0.2194,0.2614,0.5192,A,0.5277,1-1,0.1243,3-4,A,1,0,1,0.6555,,,
2026-02-28,E0,Bournemouth,Sunderland,0.5931,0.2417,0.1653,H,0.5386,1-1,0.115,1-1,D,0,1,0,1.4201,H,-0.0164,-1.0
2026-02-28,E1,Oxford,West Brom,0.3824,0.2804,0.3372,H,0.4539,1-1,0.1334,2-1,H,1,0,0,0.9614,H,-0.0303,2.2
2026-02-28,E1,Ipswich,Swansea,0.5578,0.2513,0.1908,H,0.5328,1-1,0.1196,3-0,H,1,0,1,0.5837,,,
2026-02-28,E1,Coventry,Stoke,0.5713,0.2524,0.1763,H,0.4286,1-0,0.1479,2-1,H,1,0,0,0.5599,D,0.0,-1.0
2026-02-28,E1,Charlton,Wrexham,0.2955,0.2601,0.4443,A,0.4515,1-1,0.1235,0-1,A,1,0,1,0.8112,,,
2026-02-28,E1,Portsmouth,Hull,0.4462,0.2667,0.2871,H,0.4446,1-1,0.1264,0-1,A,0,0,1,1.248,,,
2026-02-28,E1,Leicester,Norwich,0.3449,0.2696,0.3855,A,0.4855,1-1,0.1285,0-2,A,1,0,1,0.9532,A,-0.0182,1.7
2026-02-28,E1,Derby,Blackburn,0.4783,0.273,0.2487,H,0.4694,1-1,0.13,3-1,H,1,0,0,0.7376,H,0.0244,1.1
2026-02-28,F1,Le Havre,Paris SG,0.112,0.1778,0.7102,A,0.57,0-2,0.1271,0-1,A,1,0,0,0.3422,,,
2026-02-28,P1,AVS,Estrela,0.3762,0.2785,0.3453,H,0.486,1-1,0.1327,0-0,D,0,0,1,1.2784,,,
2026-02-28,P1,Guimaraes,Alverca,0.5646,0.2532,0.1821,H,0.4741,1-0,0.1236,1-1,D,0,0,1,1.3734,,,
2026-02-28,F1,Monaco,Angers,0.5934,0.2466,0.16,H,0.4891,1-0,0.1245,2-0,H,1,0,1,0.5219,,,
2026-02-28,SP1,Mallorca,Sociedad,0.3207,0.2935,0.3858,A,0.4873,1-1,0.1398,0-1,A,1,0,1,0.9524,,,
2026-02-28,SC0,Motherwell,Dundee United,0.6776,0.1957,0.1267,H,0.5173,2-0,0.133,2-0,H,1,1,0,0.3891,H,0.1154,0.45
2026-02-28,F1,Rennes,Toulouse,0.423,0.2911,0.286,H,0.4943,1-1,0.1386,1-0,H,1,0,1,0.8605,A,0.0,-1.0
2026-02-28,N1,Nijmegen,For Sittard,0.6732,0.2014,0.1255,H,0.6309,2-0,0.1014,2-3,A,0,0,1,2.0755,,,
2026-02-28,G1,Kifisia,Levadeiakos,0.3093,0.26,0.4307,A,0.4819,1-1,0.1239,1-0,H,0,0,1,1.1735,,,
2026-02-28,G1,Atromitos,Panetolikos,0.5082,0.2856,0.2063,H,0.4009,1-0,0.1397,1-0,H,1,1,1,0.677,H,0.1667,0.96
2026-02-28,G1,OFI Crete,Larisa,0.4258,0.2971,0.2771,H,0.4297,1-1,0.1406,3-0,H,1,0,0,0.8538,H,0.1682,1.57
2026-02-28,D1,Hoffenheim,St Pauli,0.6639,0.2004,0.1357,H,0.6297,2-0,0.1002,0-1,A,0,0,0,1.9974,,,
2026-02-28,D1,Leverkusen,Mainz,0.6055,0.2358,0.1587,H,0.5484,1-1,0.1121,1-1,D,0,1,0,1.4446,H,0.0303,-1.0
2026-02-28,N1,Heerenveen,Sparta Rotterdam,0.3698,0.2952,0.335,H,0.539,1-1,0.1385,2-1,H,1,0,1,0.9949,A,-0.0441,-1.0
2026-02-28,D1,M'gladbach,Union Berlin,0.3241,0.291,0.3849,A,0.4923,1-1,0.1385,1-0,H,0,0,1,1.1266,A,-0.0323,-1.0
2026-02-28,D1,Werder Bremen,Heidenheim,0.502,0.2756,0.2224,H,0.5209,1-1,0.1309,2-0,H,1,0,0,0.6892,D,-0.0762,-1.0
2026-02-28,D1,Dortmund,Bayern Munich,0.2357,0.2413,0.5229,A,0.7027,1-1,0.0975,2-3,A,1,0,1,0.6483,D,0.0556,-1.0
2026-02-28,N1,Heracles,PSV Eindhoven,0.0865,0.1428,0.7707,A,0.7284,1-2,0.0993,1-3,A,1,0,1,0.2604,,,
2026-03-01,N1,Excelsior,Go Ahead Eagles,0.3309,0.28,0.3891,A,0.5237,1-1,0.1324,0-1,A,1,0,0,0.9439,A,-0.0345,1.8
2026-03-01,G1,PAOK,Asteras Tripolis,0.8334,0.112,0.0545,H,0.6231,2-0,0.1485,2-0,H,1,1,0,0.1822,,,
2026-03-01,T1,Antalyaspor,Fenerbahce,0.1452,0.2146,0.6402,A,0.5369,0-1,0.119,2-2,D,0,0,1,1.539,,,
2026-03-01,P1,Tondela,Santa Clara,0.3498,0.2878,0.3624,A,0.4227,1-1,0.1359,2-2,D,0,0,0,1.2454,H,0.0323,-1.0
2026-03-01,I1,Cremonese,Milan,0.1386,0.2238,0.6376,A,0.5327,0-2,0.1178,0-2,A,1,1,0,0.45,,,
2026-03-01,I1,Sassuolo,Atalanta,0.1931,0.2498,0.5571,A,0.525,1-1,0.119,2-1,H,0,0,1,1.6445,A,-0.1333,-1.0
2026-03-01,I1,Torino,Lazio,0.321,0.2935,0.3854,A,0.4014,1-1,0.1372,2-0,H,0,0,1,1.1362,A,-0.0625,-1.0
2026-03-01,I1,Roma,Juventus,0.4041,0.2707,0.3252,H,0.4842,1-1,0.129,3-3,D,0,0,0,1.3068,H,0.0314,-1.0
2026-03-01,T1,Samsunspor,Gaziantep,0.4887,0.2967,0.2145,H,0.4426,1-1,0.1406,0-0,D,0,0,1,1.215,D,0.1143,2.9
2026-03-01,E0,Brighton,Nott'm Forest,0.4623,0.2866,0.2511,H,0.4428,1-1,0.1359,2-1,H,1,0,0,0.7716,,,
2026-03-01,N1,Zwolle,Ajax,0.18,0.2045,0.6154,A,0.6536,1-2,0.0971,0-0,D,0,0,0,1.5872,A,-0.0789,-1.0
2026-03-01,N1,Utrecht,AZ Alkmaar,0.3698,0.3019,0.3282,H,0.514,1-1,0.1429,2-0,H,1,0,0,0.9947,D,0.0588,-1.0
2026-03-01,N1,Volendam,Groningen,0.3135,0.2855,0.4011,A,0.4597,1-1,0.1359,3-2,H,0,0,0,1.1601,H,0.0135,2.75
2026-03-01,D1,Ein Frankfurt,Freiburg,0.4361,0.2755,0.2883,H,0.5431,1-1,0.1295,2-0,H,1,0,0,0.8298,,,
2026-03-01,N1,Twente,Feyenoord,0.4388,0.2586,0.3026,H,0.5885,1-1,0.1188,2-0,H,1,0,0,0.8236,,,
2026-03-01,E0,Fulham,Tottenham,0.4927,0.2688,0.2385,H,0.5209,1-1,0.1277,2-1,H,1,0,1,0.7079,H,0.0244,1.1
2026-03-01,D1,Stuttgart,Wolfsburg,0.7807,0.1288,0.0905,H,0.6626,2-0,0.1192,4-0,H,1,0,1,0.2475,H,0.0714,0.5
2026-03-01,SC0,Rangers,Celtic,0.4801,0.2679,0.252,H,0.5768,1-1,0.124,2-2,D,0,0,1,1.3173,H,0.0244,-1.0
2026-03-01,G1,Panserraikos,Olympiakos,0.0764,0.1411,0.7824,A,0.6164,0-2,0.1351,1-2,A,1,0,1,0.2454,D,0.2857,-1.0
2026-03-01,P1,Rio Ave,Famalicao,0.2588,0.2727,0.4685,A,0.4632,1-1,0.1297,0-0,D,0,0,1,1.2993,H,0.0513,-1.0
2026-03-01,P1,Casa Pia,Moreirense,0.3696,0.3061,0.3243,H,0.4028,1-1,0.1436,1-1,D,0,1,1,1.1837,,,
2026-03-01,G1,Panathinaikos,Aris,0.5494,0.263,0.1876,H,0.3863,1-0,0.1607,3-1,H,1,0,0,0.5989,H,0.0284,0.81
2026-03-01,D1,Hamburg,RB Leipzig,0.2985,0.2626,0.4389,A,0.578,1-1,0.1213,1-2,A,1,0,1,0.8236,,,
2026-03-01,E0,Man United,Crystal Palace,0.5994,0.2383,0.1624,H,0.4762,1-0,0.1345,2-1,H,1,0,0,0.5118,,,
2026-03-01,T1,Genclerbirligi,Kayserispor,0.4152,0.2982,0.2866,H,0.4203,1-1,0.1407,0-0,D,0,0,1,1.2099,,,
2026-03-01,G1,Volos NFC,AEK,0.1077,0.1914,0.7009,A,0.443,0-1,0.169,2-2,D,0,0,0,1.6535,,,
2026-03-01,B1,Cercle Brugge,Dender,0.4629,0.2801,0.257,H,0.5125,1-1,0.1331,0-0,D,0,0,0,1.2724,A,0.0714,-1.0
2026-03-01,B1,Charleroi,Club Brugge,0.222,0.2242,0.5537,A,0.6665,1-2,0.0994,1-2,A,1,1,1,0.5911,A,-0.0368,0.83
2026-03-01,B1,Westerlo,St. Gilloise,0.1833,0.2313,0.5854,A,0.5065,0-1,0.1162,0-0,D,0,0,0,1.464,A,-0.0176,-1.0
2026-03-01,B1,Genk,Gent,0.5839,0.2379,0.1782,H,0.5771,1-1,0.1119,3-0,H,1,0,1,0.538,,,
2026-03-01,SP1,Girona,Celta,0.3366,0.2897,0.3737,A,0.431,1-1,0.1372,1-2,A,1,0,0,0.9843,A,0.0345,2.0
2026-03-01,SP1,Betis,Sevilla,0.6139,0.2282,0.1579,H,0.5487,1-1,0.1085,2-2,D,0,0,1,1.4777,H,0.0,-1.0
2026-03-01,E0,Arsenal,Chelsea,0.6567,0.2079,0.1354,H,0.6414,2-1,0.0978,2-1,H,1,1,1,0.4205,H,0.0458,0.6
2026-03-01,SP1,Elche,Espanol,0.3663,0.2894,0.3443,H,0.4551,1-1,0.1378,2-2,D,0,0,0,1.24,,,
2026-03-01,SP1,Valencia,Osasuna,0.3709,0.3086,0.3204,H,0.4163,1-1,0.1457,1-0,H,1,0,1,0.9917,,,
2026-03-01,F1,Metz,Brest,0.2315,0.2381,0.5303,A,0.54,1-1,0.1131,0-1,A,1,0,0,0.6342,A,0.05,1.1
2026-03-01,F1,Lorient,Auxerre,0.5577,0.2602,0.1821,H,0.4808,1-1,0.1238,2-2,D,0,0,0,1.3465,H,-0.0238,-1.0
2026-03-01,F1,Lille,Nantes,0.6423,0.2365,0.1213,H,0.5229,1-0,0.1194,1-0,H,1,1,0,0.4428,,,
2026-03-01,F1,Paris FC,Nice,0.3267,0.2918,0.3815,A,0.4491,1-1,0.1388,1-0,H,0,0,1,1.1188,A,0.0069,-1.0
2026-03-01,F1,Marseille,Lyon,0.4066,0.2769,0.3166,H,0.4955,1-1,0.1318,3-2,H,1,0,0,0.9,A,0.0133,-1.0
2026-03-02,P1,Gil Vicente,Benfica,0.1375,0.2017,0.6608,A,0.6206,0-2,0.1019,1-2,A,1,0,1,0.4144,A,0.0196,0.56
2026-03-02,SP1,Real Madrid,Getafe,0.8468,0.1059,0.0473,H,0.6536,2-0,0.1408,0-1,A,0,0,0,3.0512,H,-0.058,-1.0
2026-03-02,I1,Pisa,Bologna,0.2874,0.2492,0.4634,A,0.4797,1-1,0.1187,0-1,A,1,0,1,0.7691,H,-0.03,-1.0
2026-03-02,I1,Udinese,Fiorentina,0.3052,0.2889,0.4059,A,0.457,1-1,0.1375,3-0,H,0,0,0,1.1867,,,
2026-03-02,E1,Birmingham,Middlesbrough,0.3204,0.2762,0.4034,A,0.49,1-1,0.1316,1-3,A,1,0,0,0.9079,A,0.0708,1.57
2026-03-03,SC0,Dundee United,St Mirren,0.4465,0.2974,0.2561,H,0.4229,1-1,0.1403,2-1,H,1,0,0,0.8063,H,-0.0531,1.32
2026-03-03,E1,Ipswich,Hull,0.5727,0.241,0.1863,H,0.5368,1-1,0.1146,1-0,H,1,0,0,0.5573,A,-0.1071,-1.0
2026-03-03,E0,Wolves,Liverpool,0.1589,0.2176,0.6236,A,0.533,0-2,0.1147,2-1,H,0,0,1,1.8397,,,
2026-03-03,E0,Bournemouth,Brentford,0.4246,0.2845,0.2909,H,0.4726,1-1,0.1356,0-0,D,0,0,1,1.257,H,0.0,-1.0
2026-03-03,E0,Everton,Burnley,0.6369,0.2255,0.1376,H,0.5391,2-0,0.1158,2-0,H,1,1,0,0.4511,H,-0.0309,0.57
2026-03-03,E0,Leeds,Sunderland,0.4832,0.2801,0.2367,H,0.4431,1-1,0.1327,0-1,A,0,0,1,1.441,,,
2026-03-04,SP1,Vallecano,Oviedo,0.5549,0.268,0.1771,H,0.4913,1-1,0.1277,3-0,H,1,0,0,0.5889,,,
2026-03-04,SC0,Aberdeen,Celtic,0.1129,0.1861,0.7011,A,0.6018,0-2,0.1161,1-2,A,1,0,1,0.3551,A,-0.1019,0.41
2026-03-04,D1,Hamburg,Leverkusen,0.2513,0.2535,0.4952,A,0.5767,1-1,0.1177,0-1,A,1,0,0,0.7028,A,0.025,1.05
2026-03-04,G1,Kifisia,PAOK,0.1088,0.1927,0.6985,A,0.5134,0-2,0.1395,1-4,A,1,0,1,0.3588,A,0.0815,0.46
2026-03-04,E0,Aston Villa,Chelsea,0.462,0.2775,0.2605,H,0.522,1-1,0.1315,1-4,A,0,0,1,1.3452,H,0.0266,-1.0
2026-03-04,G1,Panathinaikos,OFI Crete,0.6714,0.2187,0.1099,H,0.4599,1-0,0.1521,4-1,H,1,0,0,0.3983,,,
2026-03-04,E0,Newcastle,Man United,0.3419,0.2817,0.3764,A,0.4716,1-1,0.1342,2-1,H,0,0,0,1.0731,,,
2026-03-04,E0,Man City,Nott'm Forest,0.671,0.2081,0.1209,H,0.5068,1-0,0.1355,2-2,D,0,0,1,1.5696,,,
2026-03-04,E0,Fulham,West Ham,0.6016,0.2313,0.1671,H,0.5648,1-1,0.1096,0-1,A,0,0,0,1.7892,H,-0.0909,-1.0
2026-03-04,E0,Brighton,Arsenal,0.2346,0.2394,0.5261,A,0.5225,1-1,0.1139,0-1,A,1,0,0,0.6423,H,-0.05,-1.0
2026-03-05,E0,Tottenham,Crystal Palace,0.3998,0.2874,0.3128,H,0.4099,1-1,0.1349,1-3,A,0,0,0,1.1622,,,
2026-03-06,SP1,Celta,Real Madrid,0.2116,0.2407,0.5477,A,0.5299,1-1,0.1144,1-2,A,1,0,1,0.6019,A,-0.0612,1.3
2026-03-06,I1,Napoli,Torino,0.7028,0.2015,0.0957,H,0.5131,1-0,0.1392,2-1,H,1,0,1,0.3527,H,0.0129,0.57
2026-03-06,P1,Famalicao,Arouca,0.4411,0.2928,0.2661,H,0.4497,1-1,0.1392,1-0,H,1,0,1,0.8184,A,-0.1364,-1.0
2026-03-06,F1,Paris SG,Monaco,0.7697,0.1489,0.0814,H,0.6193,2-0,0.1298,1-3,A,0,0,1,2.5082,H,-0.0145,-1.0
2026-03-06,E1,Preston,Oxford,0.464,0.2825,0.2535,H,0.4162,1-1,0.1323,1-3,A,0,0,0,1.3726,,,
2026-03-06,D1,Bayern Munich,M'gladbach,0.8718,0.0867,0.0415,H,0.7332,2-0,0.116,4-1,H,1,0,1,0.1372,,,
2026-03-06,N1,Heracles,Utrecht,0.1828,0.2342,0.583,A,0.5372,1-1,0.1114,0-0,D,0,0,0,1.4516,A,0.0233,-1.0
2026-03-06,B1,RAAL La Louviere,Antwerp,0.3067,0.2669,0.4264,A,0.4842,1-1,0.1272,0-0,D,0,0,1,1.3209,A,-0.1026,-1.0
2026-03-07,SP1,Ath Madrid,Sociedad,0.6045,0.2321,0.1635,H,0.5705,1-1,0.1096,3-2,H,1,0,1,0.5034,,,
2026-03-07,E1,Swansea,Stoke,0.4459,0.2786,0.2755,H,0.4632,1-1,0.1326,2-0,H,1,0,1,0.8076,,,
2026-03-07,D1,Heidenheim,Hoffenheim,0.1932,0.2108,0.596,A,0.5869,1-2,0.1002,2-4,A,1,0,1,0.5175,,,
2026-03-07,D1,Freiburg,Leverkusen,0.271,0.2763,0.4527,A,0.5532,1-1,0.1293,3-3,D,0,0,1,1.2862,A,0.0213,-1.0
2026-03-07,E1,Blackburn,Portsmouth,0.3675,0.2826,0.3499,H,0.4668,1-1,0.1347,1-1,D,0,1,1,1.2638,A,0.0909,-1.0
2026-03-07,E1,Hull,Millwall,0.3458,0.2843,0.37,A,0.4713,1-1,0.1355,1-3,A,1,0,0,0.9943,H,0.0333,-1.0
2026-03-07,E1,Bristol City,Coventry,0.3193,0.2802,0.4005,A,0.4675,1-1,0.1335,0-2,A,1,0,1,0.9151,H,0.0571,-1.0
2026-03-07,E1,Charlton,Birmingham,0.3682,0.287,0.3448,H,0.44,1-1,0.1362,1-0,H,1,0,1,0.999,H,-0.1026,2.5
2026-03-07,SP1,Levante,Girona,0.2894,0.2944,0.4161,A,0.4839,1-1,0.1403,1-1,D,0,1,1,1.2227,A,-0.0392,-1.0
2026-03-07,D1,Mainz,Stuttgart,0.2446,0.2612,0.4942,A,0.5953,1-1,0.1194,2-2,D,0,0,1,1.3425,A,0.1026,-1.0
2026-03-07,D1,RB Leipzig,Augsburg,0.5836,0.2464,0.1701,H,0.6168,1-1,0.1127,2-1,H,1,0,1,0.5386,D,-0.0909,-1.0
2026-03-07,T1,Besiktas,Galatasaray,0.3136,0.2439,0.4425,A,0.5903,1-1,0.1122,0-1,A,1,0,0,0.8154,A,-0.0755,1.45
2026-03-07,T1,Buyuksehyr,Goztep,0.5719,0.251,0.1772,H,0.5315,1-1,0.1194,2-1,H,1,0,1,0.5588,H,0.0,0.86
2026-03-07,E1,Derby,Sheffield Weds,0.7584,0.1533,0.0883,H,0.6726,2-0,0.1092,2-1,H,1,0,1,0.2766,,,
2026-03-07,E1,Ipswich,Leicester,0.6514,0.208,0.1406,H,0.6012,2-0,0.1048,1-1,D,0,0,0,1.5703,,,
2026-03-07,E1,Sheffield United,West Brom,0.5165,0.265,0.2185,H,0.4551,1-1,0.1256,1-1,D,0,1,1,1.3279,,,
2026-03-07,D1,FC Koln,Dortmund,0.1655,0.2022,0.6323,A,0.6296,1-2,0.0989,1-2,A,1,1,1,0.4583,A,-0.0278,0.75
2026-03-07,D1,Wolfsburg,Hamburg,0.2977,0.2974,0.4049,A,0.4887,1-1,0.1416,1-2,A,1,0,0,0.904,A,0.0909,2.0
2026-03-07,SP1,Ath Bilbao,Barcelona,0.2011,0.2314,0.5675,A,0.6454,1-1,0.1035,0-1,A,1,0,0,0.5665,,,
2026-03-07,SC0,Dundee,Motherwell,0.243,0.2556,0.5014,A,0.517,1-1,0.1216,2-1,H,0,0,1,1.4148,,,
2026-03-07,SP1,Osasuna,Mallorca,0.5731,0.257,0.1699,H,0.504,1-1,0.1225,2-2,D,0,0,1,1.3587,,,
2026-03-07,I1,Atalanta,Udinese,0.7,0.185,0.1151,H,0.5367,2-0,0.1346,2-2,D,0,0,1,1.6875,H,-0.0176,-1.0
2026-03-07,P1,Moreirense,Nacional,0.5811,0.2496,0.1694,H,0.5321,1-1,0.1188,1-1,D,0,1,0,1.388,H,-0.0612,-1.0
2026-03-07,I1,Juventus,Pisa,0.8108,0.1276,0.0617,H,0.6435,2-0,0.1331,4-0,H,1,0,1,0.2098,,,
2026-03-07,P1,Alverca,AVS,0.5516,0.2722,0.1762,H,0.4538,1-1,0.1287,0-0,D,0,0,1,1.3011,,,
2026-03-07,I1,Cagliari,Como,0.2011,0.2516,0.5472,A,0.4969,1-1,0.1199,1-2,A,1,0,0,0.6029,H,-0.1154,-1.0
2026-03-07,F1,Toulouse,Marseille,0.3827,0.2597,0.3576,H,0.5233,1-1,0.1231,0-1,A,0,0,0,1.0284,H,0.0,-1.0
2026-03-07,F1,Auxerre,Strasbourg,0.2546,0.2741,0.4713,A,0.4712,1-1,0.1305,0-0,D,0,0,1,1.2943,,,
2026-03-07,N1,Excelsior,Heerenveen,0.3576,0.2748,0.3677,A,0.4857,1-1,0.131,1-2,A,1,0,0,1.0006,,,
2026-03-07,N1,PSV Eindhoven,AZ Alkmaar,0.7441,0.1645,0.0915,H,0.6504,2-1,0.1125,2-1,H,1,1,1,0.2956,H,-0.0634,0.33
2026-03-07,F1,Nantes,Angers,0.3852,0.2969,0.3179,H,0.4389,1-1,0.141,0-1,A,0,0,1,1.146,A,-0.04,2.6
2026-03-07,N1,Groningen,Ajax,0.191,0.2189,0.5901,A,0.6054,1-2,0.1014,3-1,H,0,0,1,1.6556,A,0.0426,-1.0
2026-03-07,B1,Dender,Charleroi,0.3387,0.2542,0.4071,A,0.5378,1-1,0.12,2-2,D,0,0,1,1.3695,H,-0.1467,-1.0
2026-03-07,G1,Aris,Atromitos,0.5051,0.2782,0.2167,H,0.4306,1-1,0.1306,0-0,D,0,0,1,1.2793,,,
2026-03-07,P1,Sp Braga,Sp Lisbon,0.2705,0.2462,0.4833,A,0.5028,1-1,0.1173,2-2,D,0,0,1,1.4016,A,0.0714,-1.0
2026-03-07,P1,Estoril,Casa Pia,0.5534,0.2603,0.1863,H,0.505,1-1,0.1241,0-0,D,0,0,0,1.3457,,,
2026-03-07,B1,St. Gilloise,Genk,0.61,0.2191,0.171,H,0.6259,1-1,0.101,2-1,H,1,0,1,0.4943,H,0.0309,0.67
2026-03-07,B1,Oud-Heverlee Leuven,Westerlo,0.3472,0.2999,0.3529,A,0.465,1-1,0.143,0-1,A,1,0,1,1.0416,,,
2026-03-07,G1,AEK,Larisa,0.8046,0.1321,0.0632,H,0.5328,2-0,0.1664,1-0,H,1,0,0,0.2174,,,
2026-03-08,T1,Gaziantep,Karagumruk,0.4694,0.293,0.2376,H,0.4606,1-1,0.1394,1-1,D,0,1,1,1.2277,D,0.0286,2.6
2026-03-08,T1,Rizespor,Antalyaspor,0.5219,0.2776,0.2005,H,0.4589,1-1,0.1318,1-0,H,1,0,1,0.6503,D,-0.025,-1.0
2026-03-08,T1,Konyaspor,Kasimpasa,0.4389,0.3079,0.2532,H,0.4036,1-1,0.1441,1-1,D,0,1,1,1.178,,,
2026-03-08,T1,Fenerbahce,Samsunspor,0.7803,0.1457,0.074,H,0.6741,2-0,0.1138,3-2,H,1,0,1,0.2481,H,0.0,0.45
2026-03-08,I1,Fiorentina,Parma,0.5291,0.278,0.1929,H,0.4232,1-0,0.1386,0-0,D,0,0,1,1.28,,,
2026-03-08,I1,Genoa,Roma,0.2331,0.2376,0.5293,A,0.4964,0-1,0.1174,2-1,H,0,0,0,1.4562,A,-0.045,-1.0
2026-03-08,SP1,Valencia,Alaves,0.4467,0.2983,0.255,H,0.4591,1-1,0.1421,3-2,H,1,0,0,0.8059,,,
2026-03-08,B1,Gent,Mechelen,0.4562,0.2854,0.2584,H,0.5014,1-1,0.1358,3-1,H,1,0,1,0.7848,,,
2026-03-08,SP1,Getafe,Betis,0.2587,0.2829,0.4585,A,0.4698,1-1,0.1347,2-0,H,0,0,1,1.3521,A,-0.0968,-1.0
2026-03-08,E1,QPR,Middlesbrough,0.33,0.259,0.411,A,0.4804,1-1,0.1235,0-4,A,1,0,0,0.8891,H,-0.1071,-1.0
2026-03-08,B1,Club Brugge,Anderlecht,0.6431,0.2142,0.1427,H,0.6531,2-1,0.1028,2-2,D,0,0,1,1.5407,H,0.1429,-1.0
2026-03-08,I1,Milan,Inter,0.2096,0.259,0.5314,A,0.5115,1-1,0.1234,1-0,H,0,0,0,1.5626,A,-0.0816,-1.0
2026-03-08,N1,NAC Breda,Feyenoord,0.1668,0.2265,0.6067,A,0.6292,1-2,0.103,3-3,D,0,0,1,1.4851,A,0.0,-1.0
2026-03-08,N1,Go Ahead Eagles,Twente,0.2112,0.2646,0.5242,A,0.5112,1-1,0.1261,1-4,A,1,0,1,0.6458,,,
2026-03-08,N1,For Sittard,Telstar,0.4772,0.2776,0.2452,H,0.5605,1-1,0.1295,1-4,A,0,0,1,1.4059,,,
2026-03-08,SP1,Sevilla,Vallecano,0.3719,0.3052,0.3229,H,0.5049,1-1,0.1448,1-1,D,0,1,0,1.1868,,,
2026-03-08,B1,St Truiden,Cercle Brugge,0.6188,0.2233,0.1578,H,0.5767,1-1,0.1055,2-1,H,1,0,1,0.4799,H,0.1078,0.85
2026-03-08,B1,Waregem,Standard,0.4541,0.2794,0.2665,H,0.4865,1-1,0.1332,0-1,A,0,0,1,1.3224,,,
2026-03-08,N1,Nijmegen,Volendam,0.7385,0.1568,0.1048,H,0.5954,2-0,0.1296,3-0,H,1,0,1,0.3031,H,0.0543,0.36
2026-03-08,SP1,Villarreal,Elche,0.6848,0.2107,0.1045,H,0.5499,2-0,0.1238,2-1,H,1,0,1,0.3786,H,0.0345,0.5
2026-03-08,I1,Bologna,Verona,0.6983,0.1978,0.1039,H,0.5055,1-0,0.1408,1-2,A,0,0,1,2.2645,H,-0.0312,-1.0
2026-03-08,I1,Lecce,Cremonese,0.4667,0.2814,0.2519,H,0.3953,1-0,0.1401,2-1,H,1,0,0,0.7621,,,
2026-03-08,N1,Sparta Rotterdam,Zwolle,0.5077,0.2799,0.2124,H,0.5525,1-1,0.1314,1-1,D,0,1,0,1.2732,D,0.0,3.2
2026-03-08,G1,Olympiakos,PAOK,0.5015,0.2686,0.2299,H,0.4045,1-0,0.1343,0-0,D,0,0,1,1.3145,,,
2026-03-08,F1,Lens,Metz,0.8315,0.1136,0.0548,H,0.6699,2-0,0.1294,3-0,H,1,0,1,0.1845,,,
2026-03-08,F1,Brest,Le Havre,0.5481,0.2649,0.1871,H,0.4132,1-0,0.1459,2-0,H,1,0,1,0.6013,H,0.0053,0.91
2026-03-08,G1,Asteras Tripolis,Panserraikos,0.501,0.2895,0.2094,H,0.4169,1-1,0.1355,0-1,A,0,0,1,1.5633,A,0.3,5.5
2026-03-08,G1,Levadeiakos,Panathinaikos,0.2453,0.2584,0.4963,A,0.4863,1-1,0.1232,1-4,A,1,0,0,0.7006,A,-0.0652,1.15
2026-03-08,F1,Lille,Lorient,0.5452,0.2672,0.1876,H,0.5101,1-1,0.1273,1-1,D,0,1,0,1.3197,D,0.0,3.1
2026-03-08,P1,Benfica,Porto,0.531,0.2513,0.2177,H,0.4674,1-0,0.1242,2-2,D,0,0,0,1.3811,H,0.0995,-1.0
2026-03-08,P1,Estrela,Gil Vicente,0.2492,0.266,0.4848,A,0.521,1-1,0.1264,2-2,D,0,0,1,1.3241,H,0.1585,-1.0
2026-03-08,F1,Lyon,Paris FC,0.6349,0.2173,0.1478,H,0.5419,2-0,0.1152,1-1,D,0,0,0,1.5264,H,-0.1211,-1.0
2026-03-08,D1,St Pauli,Ein Frankfurt,0.282,0.2597,0.4583,A,0.5515,1-1,0.1221,0-0,D,0,0,0,1.3483,A,-0.0714,-1.0
2026-03-08,D1,Union Berlin,Werder Bremen,0.4345,0.2917,0.2739,H,0.4574,1-1,0.1389,1-4,A,0,0,0,1.2952,,,
2026-03-08,F1,Nice,Rennes,0.3916,0.2975,0.3109,H,0.4768,1-1,0.1418,0-4,A,0,0,0,1.1682,H,0.0667,-1.0
2026-03-08,P1,Santa Clara,Guimaraes,0.347,0.2862,0.3667,A,0.4512,1-1,0.1362,2-0,H,0,0,1,1.0583,A,-0.0903,-1.0
2026-03-08,G1,Volos NFC,OFI Crete,0.4241,0.2936,0.2823,H,0.4312,1-1,0.139,1-1,D,0,1,1,1.2256,,,
2026-03-09,P1,Tondela,Rio Ave,0.4491,0.2689,0.282,H,0.4547,1-1,0.1278,0-1,A,0,0,1,1.2659,A,0.0833,2.9
2026-03-09,G1,Panetolikos,Kifisia,0.3777,0.3052,0.3172,H,0.3964,1-1,0.1427,2-1,H,1,0,0,0.9738,A,0.284,-1.0
2026-03-09,SP1,Espanol,Oviedo,0.4704,0.2894,0.2402,H,0.4983,1-1,0.1378,1-1,D,0,1,1,1.2401,,,
2026-03-09,T1,Kayserispor,Trabzonspor,0.1799,0.2137,0.6064,A,0.6075,1-1,0.0994,1-3,A,1,0,1,0.5003,A,-0.0249,0.96
2026-03-09,T1,Alanyaspor,Genclerbirligi,0.5153,0.2769,0.2078,H,0.518,1-1,0.1316,0-0,D,0,0,0,1.2842,,,
2026-03-09,T1,Eyupspor,Kocaelispor,0.3467,0.3052,0.3481,A,0.4495,1-1,0.1453,0-1,A,1,0,1,1.0552,H,-0.0278,-1.0
2026-03-09,I1,Lazio,Sassuolo,0.523,0.2783,0.1987,H,0.4992,1-1,0.1326,2-1,H,1,0,0,0.6482,H,-0.0227,1.15
2026-03-10,E1,Stoke,Ipswich,0.2836,0.2619,0.4545,A,0.4588,1-1,0.1245,3-3,D,0,0,0,1.3397,H,-0.1,-1.0
2026-03-10,E1,Portsmouth,Swansea,0.4377,0.2763,0.286,H,0.4426,1-1,0.131,1-2,A,0,0,0,1.2519,,,
2026-03-10,E1,Sheffield Weds,Watford,0.2105,0.2393,0.5502,A,0.5339,1-1,0.1136,1-1,D,0,1,0,1.43,H,-0.125,-1.0
2026-03-10,E1,Leicester,Bristol City,0.406,0.2815,0.3125,H,0.4722,1-1,0.1342,2-0,H,1,0,1,0.9015,,,
2026-03-10,E1,Millwall,Derby,0.5011,0.2691,0.2298,H,0.4909,1-1,0.1283,1-0,H,1,0,1,0.691,H,0.0733,1.05
2026-03-10,E1,Wrexham,Hull,0.5497,0.2543,0.196,H,0.5252,1-1,0.121,1-2,A,0,0,1,1.6297,H,0.0,-1.0
2026-03-11,E1,Oxford,Blackburn,0.389,0.2842,0.3268,H,0.437,1-1,0.1347,1-0,H,1,0,1,0.9442,H,-0.0185,1.65
2026-03-11,E1,West Brom,Southampton,0.2742,0.2592,0.4666,A,0.4747,1-1,0.1235,1-1,D,0,1,1,1.3503,A,0.093,-1.0
2026-03-11,E1,Coventry,Preston,0.677,0.1948,0.1281,H,0.5161,2-0,0.1346,3-0,H,1,0,1,0.39,,,
2026-03-11,E1,Birmingham,QPR,0.4859,0.2704,0.2437,H,0.4392,1-1,0.1278,1-0,H,1,0,1,0.7218,A,-0.1,-1.0
2026-03-11,E1,Middlesbrough,Charlton,0.6538,0.2093,0.1369,H,0.538,2-0,0.1216,0-1,A,0,0,0,1.9884,,,
2026-03-11,E1,Norwich,Sheffield United,0.4912,0.27,0.2388,H,0.4737,1-1,0.1286,2-1,H,1,0,0,0.7109,H,0.0776,1.5
2026-03-13,T1,Antalyaspor,Gaziantep,0.412,0.3087,0.2793,H,0.4218,1-1,0.146,1-4,A,0,0,0,1.2755,H,0.1591,-1.0
2026-03-13,E1,Wrexham,Swansea,0.5223,0.2611,0.2166,H,0.5101,1-1,0.1244,2-0,H,1,0,0,0.6496,H,0.0,1.2
2026-03-13,B1,Gent,Waregem,0.5612,0.2539,0.1849,H,0.5775,1-1,0.1186,2-0,H,1,0,0,0.5777,H,0.0,1.25
2026-03-13,N1,Zwolle,Groningen,0.4394,0.2821,0.2785,H,0.5013,1-1,0.1343,1-1,D,0,1,0,1.2655,H,0.0266,-1.0
2026-03-13,T1,Karagumruk,Fenerbahce,0.1488,0.1853,0.666,A,0.5964,0-2,0.1104,2-0,H,0,0,0,1.9054,,,
2026-03-13,I1,Torino,Parma,0.3865,0.3157,0.2978,H,0.4121,1-1,0.1489,4-1,H,1,0,0,0.9506,A,0.0556,-1.0
2026-03-13,SP1,Alaves,Villarreal,0.2908,0.2518,0.4574,A,0.5363,1-1,0.1191,1-1,D,0,1,0,1.379,,,
2026-03-13,D1,M'gladbach,St Pauli,0.413,0.2987,0.2883,H,0.4876,1-1,0.1422,2-0,H,1,0,1,0.8842,A,0.0,-1.0
2026-03-13,F1,Marseille,Auxerre,0.7306,0.1784,0.091,H,0.513,2-0,0.1486,1-0,H,1,0,0,0.314,H,-0.0139,0.42
2026-03-14,E1,Norwich,Preston,0.6183,0.2096,0.1721,H,0.5319,1-0,0.1156,2-0,H,1,0,0,0.4807,H,0.0872,0.62
2026-03-14,E1,Sheffield Weds,Ipswich,0.168,0.2325,0.5995,A,0.4629,0-1,0.1532,0-2,A,1,0,1,0.5117,H,-0.0833,-1.0
2026-03-14,N1,Ajax,Sparta Rotterdam,0.6215,0.2184,0.1601,H,0.6438,1-1,0.099,4-0,H,1,0,1,0.4756,H,-0.0471,0.62
2026-03-14,N1,Heerenveen,Telstar,0.4912,0.2802,0.2286,H,0.5723,1-1,0.13,3-0,H,1,0,1,0.7109,D,-0.0667,-1.0
2026-03-14,E1,Middlesbrough,Bristol City,0.6016,0.2301,0.1683,H,0.5182,1-0,0.1141,1-1,D,0,0,0,1.4692,,,
2026-03-14,E1,Millwall,Blackburn,0.6162,0.2263,0.1575,H,0.4673,1-0,0.1393,1-2,A,0,0,0,1.8482,H,-0.1075,-1.0
2026-03-14,E1,Leicester,QPR,0.4717,0.2784,0.2499,H,0.4436,1-1,0.1319,1-3,A,0,0,0,1.3868,,,
2026-03-14,E1,Birmingham,Sheffield United,0.4596,0.2781,0.2624,H,0.4265,1-1,0.131,1-1,D,0,1,1,1.2799,,,
2026-03-14,E1,Oxford,Charlton,0.3953,0.2876,0.3171,H,0.406,1-1,0.1347,1-1,D,0,1,1,1.2462,A,-0.0441,-1.0
2026-03-14,E1,West Brom,Hull,0.3642,0.2776,0.3582,H,0.4331,1-1,0.1314,3-0,H,1,0,0,1.0102,A,-0.0972,-1.0
2026-03-14,E1,Stoke,Watford,0.3623,0.2923,0.3455,H,0.4203,1-1,0.1379,3-1,H,1,0,0,1.0154,,,
2026-03-14,E0,Arsenal,Everton,0.7254,0.1747,0.0999,H,0.634,2-0,0.112,2-0,H,1,1,0,0.321,H,0.0147,0.38
2026-03-14,SP1,Ath Madrid,Getafe,0.7065,0.1982,0.0953,H,0.536,2-0,0.1356,1-0,H,1,0,0,0.3474,H,-0.0599,0.57
2026-03-14,N1,Volendam,For Sittard,0.3603,0.2763,0.3634,A,0.5331,1-1,0.1303,1-2,A,1,0,1,1.0122,,,
2026-03-14,F1,Monaco,Brest,0.4767,0.2989,0.2244,H,0.41,1-1,0.1402,2-0,H,1,0,1,0.7408,D,0.0244,-1.0
2026-03-14,F1,Angers,Nice,0.386,0.2922,0.3218,H,0.4431,1-1,0.1388,0-2,A,0,0,1,1.134,H,-0.1077,-1.0
2026-03-14,F1,Lorient,Lens,0.2184,0.2345,0.5471,A,0.5398,1-1,0.1113,2-1,H,0,0,1,1.5214,A,0.1212,-1.0
2026-03-14,B1,Westerlo,Club Brugge,0.2051,0.2223,0.5726,A,0.6232,1-2,0.1022,1-2,A,1,1,1,0.5576,,,
2026-03-14,B1,St. Gilloise,Dender,0.8137,0.1259,0.0604,H,0.6697,2-0,0.1245,2-0,H,1,1,0,0.2062,,,
2026-03-14,B1,Charleroi,Oud-Heverlee Leuven,0.5297,0.268,0.2023,H,0.5654,1-1,0.1254,0-2,A,0,0,0,1.5978,H,0.0694,-1.0
2026-03-14,N1,PSV Eindhoven,Nijmegen,0.7684,0.1487,0.0829,H,0.7162,2-1,0.1062,2-3,A,0,0,1,2.4905,H,-0.0523,-1.0
2026-03-14,I1,Inter,Atalanta,0.6933,0.1768,0.1299,H,0.5943,2-0,0.1175,1-1,D,0,0,0,1.7326,H,0.0333,-1.0
2026-03-14,I1,Udinese,Juventus,0.1724,0.1969,0.6307,A,0.5993,0-2,0.1021,0-1,A,1,0,0,0.4609,,,
2026-03-14,SC0,Kilmarnock,Hearts,0.1417,0.1999,0.6585,A,0.5734,0-2,0.1138,1-0,H,0,0,0,1.9544,A,-0.0119,-1.0
2026-03-14,D1,Dortmund,Augsburg,0.7147,0.1823,0.103,H,0.6685,2-1,0.1014,2-0,H,1,0,0,0.336,H,-0.0839,0.42
2026-03-14,D1,Ein Frankfurt,Heidenheim,0.7197,0.1812,0.0991,H,0.5773,2-0,0.1286,1-0,H,1,0,0,0.3289,H,-0.0727,0.53
2026-03-14,D1,Hoffenheim,Wolfsburg,0.7404,0.1526,0.107,H,0.645,2-0,0.1145,1-1,D,0,0,0,1.8799,H,-0.0069,-1.0
2026-03-14,D1,Leverkusen,Bayern Munich,0.1827,0.2093,0.608,A,0.7174,1-2,0.0963,1-1,D,0,0,0,1.564,,,
2026-03-14,D1,Hamburg,FC Koln,0.5112,0.259,0.2297,H,0.544,1-1,0.1223,1-1,D,0,1,0,1.3508,H,-0.087,-1.0
2026-03-14,I1,Napoli,Lecce,0.7711,0.1552,0.0737,H,0.5344,2-0,0.155,2-1,H,1,0,1,0.2599,H,-0.0828,0.33
2026-03-14,SP1,Girona,Ath Bilbao,0.3782,0.2965,0.3253,H,0.5011,1-1,0.1409,3-0,H,1,0,1,0.9724,H,-0.0517,1.75
2026-03-14,SC0,Hibernian,Livingston,0.7914,0.1332,0.0754,H,0.627,2-0,0.1337,0-0,D,0,0,0,2.0161,H,0.0146,-1.0
2026-03-14,E1,Coventry,Southampton,0.4901,0.27,0.2398,H,0.4749,1-1,0.1286,1-2,A,0,0,0,1.4278,,,
2026-03-14,SP1,Oviedo,Valencia,0.3478,0.2757,0.3765,A,0.4732,1-1,0.1314,1-0,H,0,0,1,1.0561,,,
2026-03-14,SP1,Real Madrid,Elche,0.8687,0.0877,0.0435,H,0.697,2-0,0.1303,4-1,H,1,0,1,0.1407,H,0.0231,0.33
2026-03-14,T1,Trabzonspor,Rizespor,0.632,0.2174,0.1506,H,0.6464,2-1,0.1023,1-0,H,1,0,0,0.4589,H,-0.0568,0.66
2026-03-14,T1,Goztep,Alanyaspor,0.4758,0.2865,0.2377,H,0.4631,1-1,0.1364,2-2,D,0,0,0,1.25,,,
2026-03-14,T1,Galatasaray,Buyuksehyr,0.6949,0.1901,0.1149,H,0.6376,2-0,0.1044,3-0,H,1,0,1,0.3639,H,0.146,0.57
2026-03-14,T1,Kocaelispor,Konyaspor,0.4961,0.2837,0.2202,H,0.4118,1-0,0.135,1-2,A,0,0,0,1.5133,H,-0.0222,-1.0
2026-03-14,E0,Burnley,Bournemouth,0.2271,0.2583,0.5147,A,0.5143,1-1,0.123,0-0,D,0,0,0,1.3538,,,
2026-03-14,SC0,Celtic,Motherwell,0.6102,0.2215,0.1683,H,0.6628,1-1,0.0987,3-1,H,1,0,1,0.4939,H,-0.0241,0.62
2026-03-14,E0,Sunderland,Brighton,0.2947,0.2794,0.4259,A,0.4449,1-1,0.1326,0-1,A,1,0,1,0.8536,,,
2026-03-14,E0,West Ham,Man City,0.175,0.2399,0.585,A,0.6038,1-1,0.1111,1-1,D,0,1,0,1.4275,,,
2026-03-14,SC0,Aberdeen,Falkirk,0.263,0.2833,0.4537,A,0.467,1-1,0.1349,1-1,D,0,1,1,1.2613,A,0.0,-1.0
2026-03-14,G1,Larisa,Asteras Tripolis,0.5059,0.2684,0.2257,H,0.3994,1-0,0.1428,1-1,D,0,0,1,1.3152,H,0.2366,-1.0
2026-03-14,G1,Panserraikos,Aris,0.2197,0.2505,0.5298,A,0.4738,1-1,0.119,0-0,D,0,0,1,1.3841,H,0.2105,-1.0
2026-03-14,G1,OFI Crete,Olympiakos,0.0964,0.1788,0.7249,A,0.5704,0-2,0.1327,0-3,A,1,0,1,0.3218,,,
2026-03-14,P1,Guimaraes,Famalicao,0.4262,0.2937,0.2802,H,0.4528,1-1,0.1397,1-2,A,0,0,0,1.2723,H,0.0,-1.0
2026-03-14,P1,Gil Vicente,Alverca,0.5729,0.2562,0.1709,H,0.4958,1-1,0.122,2-2,D,0,0,0,1.3619,,,
2026-03-14,E0,Chelsea,Newcastle,0.5091,0.2581,0.2328,H,0.5717,1-1,0.1202,0-1,A,0,0,0,1.4578,D,-0.03,-1.0
2026-03-14,P1,Arouca,Benfica,0.1104,0.1784,0.7112,A,0.6061,0-2,0.1173,1-2,A,1,0,1,0.3408,,,
2026-03-15,G1,Atromitos,AEK,0.1503,0.2353,0.6144,A,0.4253,0-1,0.1579,2-2,D,0,0,0,1.447,,,
2026-03-15,P1,Nacional,Estoril,0.3202,0.2521,0.4277,A,0.4977,1-1,0.1201,0-1,A,1,0,1,0.8493,A,-0.0526,1.7
2026-03-15,T1,Genclerbirligi,Besiktas,0.1652,0.2138,0.621,A,0.5881,1-2,0.1034,0-2,A,1,0,0,0.4765,,,
2026-03-15,T1,Kasimpasa,Eyupspor,0.4803,0.2975,0.2222,H,0.4069,1-1,0.1389,1-0,H,1,0,1,0.7333,D,0.0417,-1.0
2026-03-15,B1,Genk,St Truiden,0.4077,0.2764,0.3159,H,0.5555,1-1,0.129,1-0,H,1,0,0,0.8972,,,
2026-03-15,E0,Crystal Palace,Leeds,0.4298,0.2813,0.2889,H,0.4743,1-1,0.1341,0-0,D,0,0,1,1.2682,H,-0.0556,-1.0
2026-03-15,E0,Man United,Aston Villa,0.5015,0.2706,0.2279,H,0.4776,1-1,0.129,3-1,H,1,0,0,0.6902,D,-0.0244,-1.0
2026-03-15,E0,Nott'm Forest,Fulham,0.4025,0.288,0.3095,H,0.4652,1-1,0.1372,0-0,D,0,0,1,1.2447,,,
2026-03-15,E0,Liverpool,Tottenham,0.7522,0.1582,0.0896,H,0.6132,2-0,0.1264,1-1,D,0,0,0,1.8437,,,
2026-03-15,B1,Antwerp,Standard,0.5389,0.2695,0.1917,H,0.4918,1-1,0.1284,1-1,D,0,1,1,1.3112,H,-0.0682,-1.0
2026-03-15,G1,PAOK,Levadeiakos,0.8017,0.1292,0.0691,H,0.5885,2-0,0.1507,3-0,H,1,0,1,0.221,,,
2026-03-15,G1,Kifisia,Volos NFC,0.3938,0.2995,0.3066,H,0.4112,1-1,0.1409,2-0,H,1,0,1,0.9319,A,-0.0541,-1.0
2026-03-15,P1,AVS,Santa Clara,0.3228,0.2768,0.4004,A,0.4593,1-1,0.1318,0-1,A,1,0,1,0.9153,H,0.0,-1.0
2026-03-15,P1,Rio Ave,Estrela,0.4278,0.2968,0.2753,H,0.4707,1-1,0.1415,2-1,H,1,0,0,0.849,,,
2026-03-15,P1,Porto,Moreirense,0.8203,0.1245,0.0552,H,0.5841,2-0,0.1569,3-0,H,1,0,1,0.1981,,,
2026-03-15,B1,Mechelen,Anderlecht,0.3177,0.2846,0.3977,A,0.5264,1-1,0.1344,1-0,H,0,0,0,1.1467,H,0.1786,2.3
2026-03-15,B1,Cercle Brugge,RAAL La Louviere,0.4087,0.2908,0.3006,H,0.4894,1-1,0.1385,1-3,A,0,0,0,1.202,A,0.0,2.75
2026-03-15,F1,Strasbourg,Paris FC,0.5598,0.2547,0.1856,H,0.4685,1-0,0.1243,0-0,D,0,0,1,1.3678,,,
2026-03-15,F1,Le Havre,Lyon,0.2256,0.2493,0.5251,A,0.4831,1-1,0.1187,0-0,D,0,0,1,1.3891,A,-0.0698,-1.0
2026-03-15,T1,Samsunspor,Kayserispor,0.4938,0.3046,0.2016,H,0.4113,1-1,0.1423,2-1,H,1,0,0,0.7056,,,
2026-03-15,F1,Metz,Toulouse,0.2385,0.2423,0.5192,A,0.5135,1-1,0.1155,3-4,A,1,0,1,0.6554,A,0.0,0.95
2026-03-15,I1,Verona,Genoa,0.3174,0.2705,0.4121,A,0.4358,1-1,0.128,0-2,A,1,0,1,0.8864,,,
2026-03-15,I1,Sassuolo,Bologna,0.311,0.2944,0.3946,A,0.4708,1-1,0.1403,0-1,A,1,0,1,0.9298,A,0.0,2.0
2026-03-15,D1,Stuttgart,RB Leipzig,0.4952,0.2613,0.2435,H,0.5773,1-1,0.1212,1-0,H,1,0,0,0.7027,H,-0.0612,1.3
2026-03-15,D1,Freiburg,Union Berlin,0.4902,0.2829,0.2269,H,0.5205,1-1,0.1343,0-1,A,0,0,0,1.4834,H,0.1316,-1.0
2026-03-15,N1,Twente,Utrecht,0.6274,0.2278,0.1449,H,0.5234,1-0,0.1179,0-2,A,0,0,0,1.9319,,,
2026-03-15,N1,AZ Alkmaar,Heracles,0.7817,0.1424,0.076,H,0.6528,2-0,0.1219,4-0,H,1,0,1,0.2463,H,0.0441,0.42
2026-03-15,N1,Feyenoord,Excelsior,0.7463,0.1647,0.089,H,0.6655,2-0,0.1082,2-1,H,1,0,1,0.2926,,,
2026-03-15,N1,Go Ahead Eagles,NAC Breda,0.5916,0.2493,0.1592,H,0.585,1-1,0.1166,6-0,H,1,0,1,0.525,H,0.0476,1.2
2026-03-15,D1,Werder Bremen,Mainz,0.4021,0.2851,0.3128,H,0.5201,1-1,0.135,0-2,A,0,0,0,1.1621,,,
2026-03-15,G1,Panathinaikos,Panetolikos,0.8061,0.1307,0.0632,H,0.5736,2-0,0.1563,0-0,D,0,0,0,2.0345,,,
2026-03-15,I1,Pisa,Cagliari,0.366,0.2837,0.3502,H,0.435,1-1,0.1345,3-1,H,1,0,0,1.0051,A,0.0,-1.0
2026-03-15,SP1,Mallorca,Espanol,0.3745,0.298,0.3276,H,0.4614,1-1,0.142,2-1,H,1,0,0,0.9823,A,0.1,-1.0
2026-03-15,SP1,Betis,Celta,0.4487,0.2818,0.2694,H,0.4869,1-1,0.1343,1-1,D,0,1,1,1.2664,,,
2026-03-15,SP1,Sociedad,Osasuna,0.4755,0.2825,0.242,H,0.4954,1-1,0.1346,3-1,H,1,0,0,0.7434,,,
2026-03-15,SC0,Dundee,Dundee United,0.424,0.2903,0.2857,H,0.4515,1-1,0.1381,2-2,D,0,0,0,1.2368,,,
2026-03-15,SC0,St Mirren,Rangers,0.1443,0.1893,0.6664,A,0.5843,0-2,0.1126,0-1,A,1,0,0,0.4059,A,0.1056,0.57
2026-03-15,I1,Lazio,Milan,0.2722,0.2804,0.4474,A,0.4253,1-1,0.1322,1-0,H,0,0,1,1.3012,H,-0.0889,3.1
2026-03-15,I1,Como,Roma,0.4597,0.2812,0.2592,H,0.4694,1-1,0.134,2-1,H,1,0,0,0.7773,,,
2026-03-15,SP1,Barcelona,Sevilla,0.8129,0.1307,0.0565,H,0.6494,2-0,0.1307,5-2,H,1,0,1,0.2072,,,
2026-03-15,F1,Rennes,Lille,0.4286,0.2952,0.2761,H,0.4366,1-1,0.14,1-2,A,0,0,0,1.2868,,,
2026-03-16,E0,Brentford,Wolves,0.6408,0.2234,0.1358,H,0.515,2-0,0.1223,2-2,D,0,0,1,1.4988,H,0.0131,-1.0
2026-03-16,E1,Portsmouth,Derby,0.4572,0.2611,0.2818,H,0.4605,1-1,0.1241,0-1,A,0,0,1,1.2666,,,
2026-03-16,SP1,Vallecano,Levante,0.6154,0.2307,0.1539,H,0.4989,1-0,0.1254,1-1,D,0,0,1,1.4666,H,-0.0811,-1.0
2026-03-16,I1,Cremonese,Fiorentina,0.2927,0.2749,0.4324,A,0.4524,1-1,0.1306,1-4,A,1,0,0,0.8385,H,-0.0714,-1.0
2026-03-17,E1,Watford,Wrexham,0.3335,0.2694,0.3971,A,0.4729,1-1,0.1284,3-1,H,0,0,0,1.0981,A,-0.0625,-1.0
2026-03-17,T1,Fenerbahce,Gaziantep,0.7751,0.1504,0.0746,H,0.6468,2-0,0.1212,4-1,H,1,0,1,0.2548,,,
2026-03-18,T1,Alanyaspor,Kocaelispor,0.4722,0.2921,0.2357,H,0.4433,1-1,0.1385,5-0,H,1,0,0,0.7503,,,
2026-03-18,E1,Southampton,Norwich,0.4182,0.2783,0.3035,H,0.4718,1-1,0.1327,1-0,H,1,0,1,0.8718,A,-0.0385,-1.0
2026-03-18,T1,Eyupspor,Trabzonspor,0.1648,0.2125,0.6228,A,0.6305,1-2,0.0978,0-1,A,1,0,0,0.4736,A,0.0523,0.61
2026-03-18,T1,Buyuksehyr,Antalyaspor,0.6919,0.1946,0.1135,H,0.6049,2-0,0.1129,0-0,D,0,0,0,1.6367,H,0.0276,-1.0
2026-03-19,T1,Konyaspor,Genclerbirligi,0.5373,0.2765,0.1862,H,0.4729,1-1,0.1316,1-0,H,1,0,1,0.6213,,,
2026-03-19,T1,Kayserispor,Karagumruk,0.4162,0.2962,0.2875,H,0.4671,1-1,0.1412,1-0,H,1,0,1,0.8765,A,0.1515,-1.0
2026-03-19,T1,Besiktas,Kasimpasa,0.7851,0.1328,0.0821,H,0.6156,2-0,0.1359,2-1,H,1,0,1,0.242,H,0.0385,0.35
2026-03-20,E0,Bournemouth,Man United,0.2884,0.2756,0.436,A,0.4695,1-1,0.1313,2-2,D,0,0,0,1.2888,,,
2026-03-20,SP1,Villarreal,Sociedad,0.5832,0.2473,0.1695,H,0.5615,1-1,0.1166,3-1,H,1,0,1,0.5393,H,-0.0205,0.91
2026-03-20,P1,Estrela,Casa Pia,0.3894,0.2915,0.3191,H,0.4354,1-1,0.1382,4-0,H,1,0,0,0.943,,,
2026-03-20,E1,Preston,Stoke,0.3825,0.2784,0.3391,H,0.4453,1-1,0.1322,3-1,H,1,0,0,0.961,,,
2026-03-20,D1,RB Leipzig,Hoffenheim,0.472,0.2704,0.2576,H,0.572,1-1,0.1256,5-0,H,1,0,1,0.7507,D,-0.0244,-1.0
2026-03-20,F1,Lens,Angers,0.7676,0.1531,0.0793,H,0.6128,2-0,0.1308,5-1,H,1,0,1,0.2645,,,
2026-03-20,I1,Cagliari,Napoli,0.1739,0.2402,0.586,A,0.4836,0-1,0.1257,0-1,A,1,1,1,0.5345,A,0.0,0.75
2026-03-20,I1,Genoa,Udinese,0.5264,0.27,0.2037,H,0.4353,1-0,0.1331,0-2,A,0,0,1,1.5912,H,0.0,-1.0
2026-03-20,N1,Heracles,Excelsior,0.3463,0.285,0.3687,A,0.4489,1-1,0.1355,1-1,D,0,1,1,1.2554,,,
2026-03-21,SC0,Kilmarnock,Livingston,0.4871,0.2824,0.2305,H,0.5489,1-1,0.1322,2-0,H,1,0,0,0.7192,,,
2026-03-21,SC0,Hearts,Dundee,0.7219,0.1792,0.099,H,0.5449,2-0,0.1385,1-0,H,1,0,0,0.3259,H,0.0296,0.39
2026-03-21,P1,Tondela,AVS,0.4638,0.2878,0.2484,H,0.425,1-1,0.1356,0-0,D,0,0,1,1.2454,,,
2026-03-21,SC0,Motherwell,Hibernian,0.5097,0.2617,0.2286,H,0.5374,1-1,0.1239,0-0,D,0,0,0,1.3404,,,
2026-03-21,P1,Famalicao,Nacional,0.6054,0.2394,0.1552,H,0.4691,1-0,0.1378,1-0,H,1,1,1,0.5019,H,0.1141,0.66
2026-03-21,P1,Moreirense,Arouca,0.3979,0.2956,0.3065,H,0.4501,1-1,0.1407,0-1,A,0,0,1,1.1827,,,
2026-03-21,P1,Benfica,Guimaraes,0.8048,0.1263,0.0688,H,0.6692,2-0,0.1226,3-0,H,1,0,1,0.2171,,,
2026-03-21,P1,Santa Clara,Gil Vicente,0.3268,0.2858,0.3874,A,0.4707,1-1,0.1362,1-0,H,0,0,1,1.1183,A,-0.1692,-1.0
2026-03-21,SC0,Falkirk,St Mirren,0.5754,0.2518,0.1728,H,0.5036,1-1,0.12,1-2,A,0,0,1,1.7559,H,0.0585,-1.0
2026-03-21,SC0,Rangers,Aberdeen,0.843,0.1032,0.0538,H,0.6541,2-0,0.1396,4-1,H,1,0,1,0.1708,,,
2026-03-21,E1,Derby,Birmingham,0.425,0.2722,0.3028,H,0.4923,1-1,0.1297,1-0,H,1,0,1,0.8557,H,0.0189,1.7
2026-03-21,E1,Southampton,Oxford,0.605,0.223,0.1721,H,0.474,1-0,0.1319,2-0,H,1,0,1,0.5026,,,
2026-03-21,E1,Charlton,Norwich,0.3225,0.298,0.3795,A,0.4628,1-1,0.142,0-1,A,1,0,1,0.9688,H,0.0303,-1.0
2026-03-21,E1,Bristol City,West Brom,0.4337,0.2859,0.2804,H,0.4519,1-1,0.1359,0-1,A,0,0,1,1.2716,H,-0.0661,-1.0
2026-03-21,E1,Ipswich,Millwall,0.4529,0.2841,0.2629,H,0.4914,1-1,0.1354,1-1,D,0,1,1,1.2583,A,0.0556,-1.0
2026-03-21,I1,Parma,Cremonese,0.533,0.2742,0.1928,H,0.4432,1-0,0.1332,0-2,A,0,0,1,1.6459,H,-0.0889,-1.0
2026-03-21,N1,For Sittard,Twente,0.1999,0.2658,0.5343,A,0.6066,1-1,0.1211,1-2,A,1,0,1,0.6269,D,-0.0667,-1.0
2026-03-21,N1,Sparta Rotterdam,Volendam,0.6262,0.2303,0.1434,H,0.5476,2-0,0.1104,2-0,H,1,1,0,0.468,D,-0.05,-1.0
2026-03-21,N1,Zwolle,NAC Breda,0.5278,0.2682,0.204,H,0.5584,1-1,0.1262,2-1,H,1,0,1,0.639,H,-0.0222,1.2
2026-03-21,E1,Hull,Sheffield Weds,0.6556,0.2221,0.1223,H,0.5737,2-0,0.1118,3-1,H,1,0,1,0.4222,D,0.0,-1.0
2026-03-21,SP1,Elche,Mallorca,0.4332,0.2944,0.2724,H,0.5068,1-1,0.1398,2-1,H,1,0,1,0.8366,,,
2026-03-21,E0,Everton,Chelsea,0.3526,0.2745,0.3729,A,0.5165,1-1,0.1302,3-0,H,0,0,1,1.0425,H,0.0938,2.5
2026-03-21,E0,Fulham,Burnley,0.612,0.2293,0.1588,H,0.5158,1-0,0.117,3-1,H,1,0,1,0.4911,,,
2026-03-21,E0,Brighton,Liverpool,0.3031,0.2771,0.4198,A,0.4829,1-1,0.1321,2-1,H,0,0,0,1.1936,,,
2026-03-21,D1,Bayern Munich,Union Berlin,0.8583,0.0963,0.0454,H,0.7674,3-0,0.1009,4-0,H,1,0,1,0.1528,,,
2026-03-21,D1,FC Koln,M'gladbach,0.4414,0.2877,0.2709,H,0.4367,1-1,0.1364,3-3,D,0,0,0,1.2457,,,
2026-03-21,D1,Heidenheim,Leverkusen,0.1679,0.216,0.6161,A,0.5387,0-1,0.1133,3-3,D,0,0,1,1.5326,,,
2026-03-21,D1,Wolfsburg,Werder Bremen,0.2978,0.2858,0.4164,A,0.5156,1-1,0.1355,0-1,A,1,0,0,0.8762,A,-0.0278,1.8
2026-03-21,E0,Leeds,Brentford,0.3407,0.2782,0.3811,A,0.4683,1-1,0.1326,0-0,D,0,0,1,1.2792,A,-0.04,-1.0
2026-03-21,D1,Dortmund,Hamburg,0.719,0.1793,0.1017,H,0.6459,2-0,0.1074,3-2,H,1,0,1,0.3299,H,-0.0278,0.4
2026-03-21,I1,Milan,Torino,0.7219,0.1869,0.0912,H,0.5129,2-0,0.146,3-2,H,1,0,1,0.3259,H,0.0294,0.4
2026-03-21,E1,QPR,Portsmouth,0.3618,0.2689,0.3692,A,0.4992,1-1,0.128,6-1,H,0,0,0,1.0166,,,
2026-03-21,E1,Swansea,Coventry,0.2981,0.2726,0.4293,A,0.464,1-1,0.1298,0-3,A,1,0,0,0.8456,,,
2026-03-21,SP1,Sevilla,Valencia,0.4071,0.308,0.2849,H,0.4486,1-1,0.1466,0-2,A,0,0,1,1.2557,,,
2026-03-21,F1,Nice,Paris SG,0.118,0.1738,0.7082,A,0.6189,0-2,0.1132,0-4,A,1,0,1,0.345,,,
2026-03-21,F1,Auxerre,Brest,0.2659,0.2924,0.4417,A,0.3931,1-1,0.1358,3-0,H,0,0,0,1.3246,A,-0.0714,-1.0
2026-03-21,I1,Juventus,Sassuolo,0.7973,0.1331,0.0696,H,0.6359,2-0,0.1318,1-1,D,0,0,0,2.0167,H,0.0472,-1.0
2026-03-21,E1,Blackburn,Middlesbrough,0.2809,0.2604,0.4587,A,0.474,1-1,0.124,0-0,D,0,0,1,1.3457,H,-0.0531,-1.0
2026-03-21,E1,Watford,Leicester,0.489,0.2553,0.2558,H,0.4986,1-1,0.1217,0-0,D,0,0,1,1.3654,,,
2026-03-21,F1,Toulouse,Lorient,0.4537,0.2898,0.2566,H,0.4907,1-1,0.1381,1-0,H,1,0,1,0.7904,A,-0.0526,-1.0
2026-03-21,SP1,Levante,Oviedo,0.4129,0.2909,0.2962,H,0.4519,1-1,0.1384,4-2,H,1,0,0,0.8845,,,
2026-03-21,SP1,Osasuna,Girona,0.4031,0.3041,0.2928,H,0.452,1-1,0.1448,1-0,H,1,0,1,0.9086,,,
2026-03-21,E1,Sheffield United,Wrexham,0.3503,0.295,0.3547,A,0.4653,1-1,0.1406,1-2,A,1,0,0,1.0366,A,0.0263,2.9
2026-03-21,SP1,Espanol,Getafe,0.3888,0.3113,0.2999,H,0.41,1-1,0.1466,1-2,A,0,0,0,1.2042,,,
2026-03-22,G1,Olympiakos,Larisa,0.8445,0.1062,0.0492,H,0.5892,2-0,0.1653,0-0,D,0,0,0,2.2421,,,
2026-03-22,G1,Volos NFC,PAOK,0.1085,0.1947,0.6967,A,0.4719,0-1,0.1596,2-1,H,0,0,0,2.2207,,,
2026-03-22,F1,Lyon,Monaco,0.4319,0.2963,0.2718,H,0.502,1-1,0.1408,1-2,A,0,0,1,1.3027,H,0.0456,-1.0
2026-03-22,F1,Marseille,Lille,0.4668,0.2995,0.2338,H,0.4302,1-1,0.1416,1-2,A,0,0,0,1.4535,D,0.0,-1.0
2026-03-22,G1,Levadeiakos,Atromitos,0.4085,0.3021,0.2894,H,0.4092,1-1,0.142,1-0,H,1,0,1,0.8952,A,-0.0526,-1.0
2026-03-22,F1,Paris FC,Le Havre,0.4608,0.2939,0.2453,H,0.4059,1-1,0.1374,3-2,H,1,0,0,0.7747,,,
2026-03-22,G1,Panetolikos,Panserraikos,0.4524,0.298,0.2496,H,0.4147,1-1,0.1401,0-0,D,0,0,1,1.2106,A,-0.0378,-1.0
2026-03-22,F1,Rennes,Metz,0.7534,0.1652,0.0814,H,0.5536,2-0,0.1453,0-0,D,0,0,0,1.8008,H,0.0231,-1.0
2026-03-22,G1,Asteras Tripolis,Panathinaikos,0.1179,0.1981,0.6841,A,0.4882,0-1,0.1497,1-2,A,1,0,0,0.3797,A,0.0962,0.71
2026-03-22,E0,Newcastle,Sunderland,0.5728,0.2541,0.1731,H,0.521,1-1,0.1211,1-2,A,0,0,1,1.7538,,,
2026-03-22,G1,AEK,Kifisia,0.7954,0.1389,0.0657,H,0.5418,2-0,0.1619,3-0,H,1,0,1,0.2289,,,
2026-03-22,SC0,Dundee United,Celtic,0.1608,0.2072,0.632,A,0.5912,1-2,0.1056,2-0,H,0,0,0,1.8277,,,
2026-03-22,SP1,Barcelona,Vallecano,0.7674,0.1564,0.0762,H,0.6749,2-0,0.1095,1-0,H,1,0,0,0.2647,,,
2026-03-22,SP1,Celta,Alaves,0.6039,0.2353,0.1608,H,0.5239,1-0,0.1158,3-4,A,0,0,1,1.8278,H,-0.0615,-1.0
2026-03-22,E0,Tottenham,Nott'm Forest,0.3621,0.2915,0.3465,H,0.4384,1-1,0.1383,0-3,A,0,0,0,1.0599,A,0.0667,2.2
2026-03-22,B1,Anderlecht,Cercle Brugge,0.5733,0.2488,0.1779,H,0.593,1-1,0.1153,2-3,A,0,0,1,1.7265,H,-0.075,-1.0
2026-03-22,B1,Club Brugge,Mechelen,0.7268,0.1657,0.1075,H,0.6486,2-0,0.1094,4-1,H,1,0,1,0.3191,,,
2026-03-22,B1,Dender,Gent,0.3107,0.2566,0.4327,A,0.5089,1-1,0.1221,1-3,A,1,0,1,0.8378,H,0.1667,-1.0
2026-03-22,B1,Oud-Heverlee Leuven,Antwerp,0.3334,0.2894,0.3772,A,0.4981,1-1,0.1376,1-0,H,0,0,1,1.0984,A,-0.0972,-1.0
2026-03-22,B1,RAAL La Louviere,Genk,0.2362,0.2686,0.4952,A,0.5322,1-1,0.1272,5-5,D,0,0,1,1.3146,A,-0.1304,-1.0
2026-03-22,B1,St Truiden,St. Gilloise,0.2431,0.2461,0.5108,A,0.5337,1-1,0.1168,1-3,A,1,0,1,0.6718,A,-0.1429,1.1
2026-03-22,B1,Standard,Westerlo,0.3327,0.3004,0.3669,A,0.4772,1-1,0.1432,0-0,D,0,0,1,1.2027,A,-0.0278,-1.0
2026-03-22,B1,Waregem,Charleroi,0.3692,0.2482,0.3826,A,0.5635,1-1,0.1159,1-0,H,0,0,0,0.9963,,,
2026-03-22,SP1,Ath Bilbao,Betis,0.4005,0.2977,0.3018,H,0.5042,1-1,0.1414,2-1,H,1,0,1,0.9151,,,
2026-03-22,SP1,Real Madrid,Ath Madrid,0.5991,0.231,0.1699,H,0.5952,1-1,0.1075,3-2,H,1,0,1,0.5124,H,-0.0488,0.95
2026-03-22,E0,Aston Villa,West Ham,0.6066,0.2243,0.1691,H,0.5246,1-0,0.1157,2-0,H,1,0,0,0.4999,H,0.1143,0.95
2026-03-22,G1,Aris,OFI Crete,0.6106,0.234,0.1554,H,0.4612,1-0,0.1377,0-2,A,0,0,1,1.8618,,,
2026-03-22,F1,Nantes,Strasbourg,0.2658,0.2511,0.4831,A,0.5015,1-1,0.1197,2-3,A,1,0,1,0.7276,,,
2026-03-22,I1,Fiorentina,Inter,0.1439,0.195,0.6611,A,0.5944,0-2,0.1092,1-1,D,0,0,0,1.6345,A,0.0,-1.0
2026-03-22,I1,Roma,Lecce,0.7311,0.1815,0.0875,H,0.5032,2-0,0.1516,1-0,H,1,0,0,0.3133,H,0.02,0.53
2026-03-22,P1,Sp Braga,Porto,0.2827,0.269,0.4483,A,0.5151,1-1,0.1278,1-2,A,1,0,1,0.8023,,,
2026-03-22,P1,Alverca,Sp Lisbon,0.0961,0.1569,0.747,A,0.5909,0-2,0.1324,1-4,A,1,0,1,0.2917,,,
2026-03-22,I1,Bologna,Lazio,0.4159,0.3107,0.2734,H,0.3568,1-0,0.1422,0-2,A,0,0,1,1.2968,,,
2026-03-22,I1,Atalanta,Verona,0.7711,0.154,0.0748,H,0.5965,2-0,0.1369,1-0,H,1,0,0,0.2599,H,-0.0143,0.38
2026-03-22,P1,Estoril,Rio Ave,0.5335,0.2757,0.1908,H,0.483,1-1,0.1314,1-2,A,0,0,0,1.6564,,,
2026-03-22,D1,St Pauli,Freiburg,0.3205,0.2715,0.408,A,0.5064,1-1,0.1291,1-2,A,1,0,1,0.8965,A,-0.0278,1.8
2026-03-22,D1,Augsburg,Stuttgart,0.239,0.2563,0.5047,A,0.603,1-1,0.1166,2-5,A,1,0,1,0.6837,,,
2026-03-22,D1,Mainz,Ein Frankfurt,0.3774,0.2905,0.3321,H,0.543,1-1,0.1361,2-1,H,1,0,1,0.9744,A,0.0,-1.0
2026-03-22,I1,Como,Pisa,0.7741,0.1474,0.0786,H,0.5856,2-0,0.1422,5-0,H,1,0,1,0.2561,,,
2026-03-22,N1,Groningen,AZ Alkmaar,0.259,0.2687,0.4723,A,0.5715,1-1,0.1246,3-0,H,0,0,1,1.3509,A,0.1591,-1.0
2026-03-22,N1,Utrecht,Go Ahead Eagles,0.5017,0.2804,0.2179,H,0.4995,1-1,0.1335,2-0,H,1,0,1,0.6897,,,
2026-03-22,N1,Feyenoord,Ajax,0.471,0.2676,0.2614,H,0.5541,1-1,0.1257,1-1,D,0,1,0,1.3183,,,
2026-03-22,N1,Nijmegen,Heerenveen,0.5901,0.2391,0.1708,H,0.6256,1-1,0.1085,2-2,D,0,0,1,1.431,H,0.0494,-1.0
2026-03-22,N1,Telstar,PSV Eindhoven,0.1059,0.1632,0.7309,A,0.7403,1-2,0.0857,3-1,H,0,0,1,2.245,A,-0.04,-1.0
2026-04-03,P1,Gil Vicente,AVS,0.6691,0.1987,0.1322,H,0.5088,1-0,0.134,3-0,H,1,0,1,0.4019,A,0.1111,-1.0
2026-04-03,E1,Coventry,Derby,0.597,0.2365,0.1665,H,0.5433,1-1,0.1126,3-2,H,1,0,1,0.5158,,,
2026-04-03,P1,Guimaraes,Tondela,0.5967,0.2416,0.1617,H,0.5193,1-1,0.1152,5-0,H,1,0,1,0.5164,H,-0.0269,0.81
2026-04-03,P1,Sp Lisbon,Santa Clara,0.8347,0.1166,0.0487,H,0.586,2-0,0.1622,4-2,H,1,0,1,0.1807,,,
2026-04-03,E1,West Brom,Wrexham,0.3545,0.2711,0.3744,A,0.4398,1-1,0.1285,2-2,D,0,0,0,1.3053,A,0.0,-1.0
2026-04-03,E1,Stoke,Sheffield Weds,0.6513,0.2078,0.1408,H,0.4983,1-0,0.1361,2-0,H,1,0,1,0.4287,A,0.3333,-1.0
2026-04-03,E1,Sheffield United,Swansea,0.4207,0.2783,0.301,H,0.463,1-1,0.1325,3-3,D,0,0,0,1.2791,A,-0.3,-1.0
2026-04-03,F1,Paris SG,Toulouse,0.7888,0.1388,0.0724,H,0.6891,2-0,0.1108,3-1,H,1,0,1,0.2372,,,
2026-04-03,E1,QPR,Watford,0.3888,0.2863,0.3249,H,0.4687,1-1,0.1364,2-1,H,1,0,0,0.9447,,,
2026-04-03,E1,Norwich,Portsmouth,0.5513,0.2414,0.2073,H,0.5435,1-1,0.1143,1-1,D,0,1,0,1.4213,H,-0.0498,-1.0
2026-04-03,E1,Middlesbrough,Millwall,0.4829,0.2761,0.2411,H,0.4483,1-1,0.1308,1-2,A,0,0,0,1.4227,D,0.0263,-1.0
2026-04-03,SP1,Vallecano,Elche,0.5541,0.264,0.1819,H,0.5095,1-1,0.1258,1-0,H,1,0,0,0.5904,,,
2026-04-03,E1,Birmingham,Blackburn,0.445,0.2781,0.277,H,0.4306,1-1,0.1313,0-1,A,0,0,1,1.2839,A,-0.1,3.5
2026-04-03,E1,Charlton,Bristol City,0.445,0.2771,0.2779,H,0.398,1-0,0.132,1-2,A,0,0,0,1.2805,H,0.0652,-1.0
2026-04-03,E1,Leicester,Preston,0.4558,0.2817,0.2624,H,0.4282,1-1,0.1329,2-2,D,0,0,0,1.2668,A,-0.0531,-1.0
2026-04-03,B1,Antwerp,Genk,0.306,0.2772,0.4168,A,0.5079,1-1,0.1318,1-2,A,1,0,1,0.8752,H,0.2364,-1.0
2026-04-03,E1,Oxford,Hull,0.3743,0.2772,0.3485,H,0.458,1-1,0.132,1-1,D,0,1,1,1.283,,,
2026-04-04,F1,Brest,Rennes,0.3204,0.2962,0.3834,A,0.4482,1-1,0.1409,3-4,A,1,0,0,0.9586,,,
2026-04-04,I1,Sassuolo,Cagliari,0.436,0.2867,0.2772,H,0.4639,1-1,0.1366,2-1,H,1,0,0,0.83,A,0.2162,-1.0
2026-04-04,D1,Werder Bremen,RB Leipzig,0.2323,0.2512,0.5165,A,0.5487,1-1,0.1185,1-2,A,1,0,1,0.6607,,,
2026-04-04,SP1,Ath Madrid,Barcelona,0.2734,0.2712,0.4554,A,0.5496,1-1,0.1272,1-2,A,1,0,1,0.7866,,,
2026-04-04,SP1,Betis,Espanol,0.6254,0.2325,0.1422,H,0.5809,1-1,0.1096,0-0,D,0,0,0,1.459,H,-0.0546,-1.0
2026-04-04,SP1,Mallorca,Real Madrid,0.1016,0.1701,0.7283,A,0.612,0-2,0.1203,2-1,H,0,0,1,2.2871,A,0.0,-1.0
2026-04-04,SP1,Sociedad,Levante,0.5066,0.274,0.2194,H,0.5553,1-1,0.1287,2-0,H,1,0,0,0.68,D,-0.03,-1.0
2026-04-04,B1,St. Gilloise,St Truiden,0.72,0.1723,0.1077,H,0.5685,2-0,0.1315,1-0,H,1,0,0,0.3285,H,0.0625,0.7
2026-04-04,B1,Oud-Heverlee Leuven,Standard,0.4598,0.2898,0.2504,H,0.4568,1-1,0.1379,1-3,A,0,0,0,1.3847,,,
2026-04-04,B1,Waregem,Cercle Brugge,0.4162,0.2766,0.3071,H,0.5605,1-1,0.1287,2-2,D,0,0,1,1.285,,,
2026-04-04,SC0,St Mirren,Aberdeen,0.4616,0.2901,0.2483,H,0.4398,1-1,0.1375,2-0,H,1,0,1,0.7731,,,
2026-04-04,SC0,Rangers,Dundee United,0.7914,0.1402,0.0684,H,0.6417,2-0,0.1278,4-2,H,1,0,1,0.2339,,,
2026-04-04,SC0,Motherwell,Falkirk,0.5893,0.2364,0.1743,H,0.5565,1-1,0.112,2-3,A,0,0,1,1.7473,H,-0.102,-1.0
2026-04-04,SC0,Hibernian,Kilmarnock,0.665,0.2065,0.1285,H,0.5674,2-0,0.1162,3-0,H,1,0,1,0.408,H,-0.0261,0.49
2026-04-04,I1,Lazio,Parma,0.591,0.2568,0.1522,H,0.445,1-0,0.1442,1-1,D,0,0,1,1.3594,H,-0.0769,-1.0
2026-04-04,I1,Verona,Fiorentina,0.2804,0.2581,0.4616,A,0.4357,0-1,0.1251,0-1,A,1,1,1,0.7731,H,0.1351,-1.0
2026-04-04,F1,Lille,Lens,0.3485,0.2712,0.3803,A,0.4626,1-1,0.1292,3-0,H,0,0,0,1.0542,,,
2026-04-04,D1,M'gladbach,Heidenheim,0.5026,0.2735,0.2239,H,0.543,1-1,0.129,2-2,D,0,0,1,1.2965,D,0.031,3.33
2026-04-04,F1,Strasbourg,Nice,0.5706,0.2463,0.1831,H,0.5189,1-1,0.1173,3-1,H,1,0,1,0.5611,H,-0.0314,0.85
2026-04-04,N1,PSV Eindhoven,Utrecht,0.728,0.1757,0.0963,H,0.6389,2-0,0.1121,4-3,H,1,0,1,0.3174,H,0.0345,0.5
2026-04-04,N1,Telstar,Groningen,0.4232,0.2821,0.2947,H,0.596,1-1,0.1278,0-2,A,0,0,0,1.2219,H,0.0,-1.0
2026-04-04,D1,Hamburg,Augsburg,0.3898,0.2872,0.323,H,0.5397,1-1,0.1348,1-1,D,0,1,0,1.2477,,,
2026-04-04,N1,AZ Alkmaar,For Sittard,0.6379,0.2261,0.136,H,0.6077,1-1,0.1053,2-0,H,1,0,0,0.4496,D,-0.0455,-1.0
2026-04-04,P1,Porto,Famalicao,0.7643,0.1572,0.0784,H,0.5631,2-0,0.1463,2-2,D,0,0,1,1.85,H,-0.0288,-1.0
2026-04-04,P1,Rio Ave,Alverca,0.4564,0.2948,0.2488,H,0.4133,1-1,0.1384,1-2,A,0,0,0,1.3911,H,-0.1091,-1.0
2026-04-04,P1,Moreirense,Sp Braga,0.1682,0.194,0.6378,A,0.5091,0-1,0.1333,0-1,A,1,1,0,0.4497,,,
2026-04-04,D1,Leverkusen,Wolfsburg,0.7527,0.1656,0.0817,H,0.629,2-0,0.1207,6-3,H,1,0,1,0.2841,H,-0.0345,0.4
2026-04-04,D1,Hoffenheim,Mainz,0.4617,0.282,0.2562,H,0.5653,1-1,0.131,1-2,A,0,0,1,1.3617,A,0.0,3.75
2026-04-04,T1,Trabzonspor,Galatasaray,0.2373,0.2267,0.536,A,0.5016,0-1,0.1096,2-1,H,0,0,1,1.4384,A,0.0,-1.0
2026-04-04,N1,Ajax,Twente,0.4808,0.2722,0.247,H,0.57,1-1,0.1265,1-2,A,0,0,1,1.3983,H,0.0,-1.0
2026-04-04,T1,Gaziantep,Alanyaspor,0.3378,0.2832,0.379,A,0.5026,1-1,0.1346,1-1,D,0,1,0,1.2616,,,
2026-04-04,T1,Genclerbirligi,Goztep,0.2529,0.2479,0.4992,A,0.5748,1-1,0.1158,0-2,A,1,0,0,0.6948,A,0.0,1.2
2026-04-04,P1,Nacional,Estrela,0.4106,0.2731,0.3163,H,0.4556,1-1,0.1299,2-0,H,1,0,1,0.8901,A,-0.2222,-1.0
2026-04-04,N1,Excelsior,Nijmegen,0.2172,0.222,0.5607,A,0.6224,1-1,0.1013,0-2,A,1,0,0,0.5785,A,0.0209,0.95
2026-04-04,D1,Stuttgart,Dortmund,0.3999,0.2607,0.3393,H,0.6072,1-1,0.1176,0-2,A,0,0,0,1.0807,,,
2026-04-04,G1,Panetolikos,Atromitos,0.3482,0.2987,0.353,A,0.3875,1-1,0.1388,1-1,D,0,1,1,1.2082,,,
2026-04-04,G1,Asteras Tripolis,Larisa,0.3725,0.2832,0.3443,H,0.424,1-1,0.1337,3-1,H,1,0,0,0.9874,,,
2026-04-04,G1,Kifisia,Panserraikos,0.4374,0.3059,0.2567,H,0.4192,1-1,0.1442,1-2,A,0,0,0,1.3598,D,0.0,-1.0
2026-04-04,T1,Kasimpasa,Kayserispor,0.4111,0.3089,0.28,H,0.3751,1-1,0.1424,2-0,H,1,0,1,0.8889,D,0.0294,-1.0
2026-04-04,D1,Freiburg,Bayern Munich,0.1205,0.1797,0.6998,A,0.7847,1-2,0.1007,2-3,A,1,0,1,0.357,,,
2026-04-05,SC0,Livingston,Hearts,0.106,0.1882,0.7058,A,0.565,0-2,0.1286,2-2,D,0,0,1,1.6703,A,0.0069,-1.0
2026-04-05,SC0,Dundee,Celtic,0.1511,0.2008,0.6481,A,0.5992,0-2,0.1052,1-2,A,1,0,1,0.4337,,,
2026-04-05,I1,Cremonese,Bologna,0.268,0.2649,0.4671,A,0.3928,0-1,0.1353,1-2,A,1,0,0,0.7612,,,
2026-04-05,N1,Volendam,Feyenoord,0.1238,0.1887,0.6874,A,0.66,1-2,0.0999,0-0,D,0,0,0,1.6675,A,-0.0069,-1.0
2026-04-05,I1,Pisa,Torino,0.3457,0.2751,0.3792,A,0.4606,1-1,0.131,0-1,A,1,0,1,0.9697,H,0.0667,-1.0
2026-04-05,N1,Heerenveen,Heracles,0.6256,0.2139,0.1604,H,0.5866,2-1,0.1028,4-1,H,1,0,1,0.469,,,
2026-04-05,N1,Go Ahead Eagles,Zwolle,0.448,0.2771,0.2749,H,0.5683,1-1,0.1286,5-0,H,1,0,1,0.8029,D,-0.0488,-1.0
2026-04-05,D1,Ein Frankfurt,FC Koln,0.5748,0.2443,0.1809,H,0.5922,1-1,0.1135,2-2,D,0,0,1,1.4092,H,0.0471,-1.0
2026-04-05,D1,Union Berlin,St Pauli,0.4439,0.3081,0.248,H,0.467,1-1,0.1469,1-1,D,0,1,1,1.1772,,,
2026-04-05,N1,NAC Breda,Sparta Rotterdam,0.3095,0.2469,0.4435,A,0.5489,1-1,0.1162,0-0,D,0,0,0,1.3987,A,-0.125,-1.0
2026-04-05,I1,Inter,Roma,0.6891,0.1832,0.1277,H,0.5998,2-0,0.1146,5-2,H,1,0,1,0.3724,H,0.0637,0.67
2026-04-05,F1,Angers,Lyon,0.2425,0.2512,0.5063,A,0.4774,1-1,0.1196,0-0,D,0,0,1,1.3814,H,-0.1429,-1.0
2026-04-05,B1,Westerlo,Charleroi,0.475,0.269,0.256,H,0.4985,1-1,0.1281,2-0,H,1,0,1,0.7444,H,-0.1273,1.4
2026-04-05,G1,Levadeiakos,Aris,0.3313,0.2977,0.371,A,0.3722,1-1,0.1367,1-1,D,0,1,1,1.2116,A,0.0156,-1.0
2026-04-05,SP1,Getafe,Ath Bilbao,0.314,0.298,0.3879,A,0.4577,1-1,0.142,2-0,H,0,0,1,1.1582,A,0.102,-1.0
2026-04-05,G1,Volos NFC,OFI Crete,0.4505,0.2945,0.255,H,0.416,1-1,0.1385,1-1,D,0,1,1,1.2224,H,0.0465,-1.0
2026-04-05,G1,PAOK,Panathinaikos,0.4145,0.2761,0.3093,H,0.4869,1-1,0.1316,0-0,D,0,0,1,1.2869,A,-0.0435,-1.0
2026-04-05,T1,Karagumruk,Rizespor,0.3089,0.2727,0.4184,A,0.4832,1-1,0.13,2-1,H,0,0,0,1.1747,,,
2026-04-05,T1,Samsunspor,Konyaspor,0.436,0.3016,0.2624,H,0.445,1-1,0.1433,2-2,D,0,0,0,1.1986,,,
2026-04-05,T1,Antalyaspor,Eyupspor,0.4063,0.2975,0.2962,H,0.3918,1-1,0.1384,3-0,H,1,0,0,0.9006,A,-0.0952,-1.0
2026-04-05,T1,Fenerbahce,Besiktas,0.5014,0.2454,0.2532,H,0.6064,1-1,0.112,1-0,H,1,0,0,0.6903,,,
2026-04-05,G1,Olympiakos,AEK,0.5302,0.2535,0.2163,H,0.4352,1-0,0.1411,0-1,A,0,0,1,1.5312,,,
2026-04-05,F1,Le Havre,Auxerre,0.4149,0.3011,0.284,H,0.3567,1-1,0.136,1-1,D,0,1,1,1.2004,H,0.0612,-1.0
2026-04-05,F1,Lorient,Paris FC,0.4155,0.3051,0.2795,H,0.4234,1-1,0.1442,1-1,D,0,1,1,1.1873,,,
2026-04-05,F1,Metz,Nantes,0.3589,0.285,0.3561,H,0.4458,1-1,0.1354,0-0,D,0,0,1,1.2552,,,
2026-04-05,F1,Monaco,Marseille,0.4651,0.2694,0.2654,H,0.4841,1-1,0.1284,2-1,H,1,0,0,0.7654,,,
2026-04-05,SP1,Valencia,Celta,0.3371,0.3023,0.3606,A,0.4662,1-1,0.1441,2-3,A,1,0,0,1.02,A,0.0323,2.2
2026-04-05,SP1,Oviedo,Sevilla,0.3677,0.2895,0.3429,H,0.4941,1-1,0.1378,1-0,H,1,0,1,1.0006,,,
2026-04-05,SP1,Alaves,Osasuna,0.3431,0.2873,0.3696,A,0.4842,1-1,0.1369,2-2,D,0,0,0,1.2471,A,0.1027,-1.0
2026-04-06,SP1,Girona,Villarreal,0.2433,0.2475,0.5092,A,0.5254,1-1,0.1176,1-0,H,0,0,0,1.4134,A,-0.0638,-1.0
2026-04-06,E1,Preston,QPR,0.3873,0.2859,0.3268,H,0.4442,1-1,0.1358,1-1,D,0,1,1,1.2521,,,
2026-04-06,E1,Blackburn,West Brom,0.3822,0.2938,0.324,H,0.4026,1-1,0.1375,0-0,D,0,0,1,1.2248,,,
2026-04-06,E1,Swansea,Middlesbrough,0.3286,0.2824,0.389,A,0.4687,1-1,0.1346,2-2,D,0,0,0,1.2646,H,0.0,-1.0
2026-04-06,I1,Lecce,Atalanta,0.1734,0.2166,0.61,A,0.536,0-1,0.1113,0-3,A,1,0,1,0.4943,A,0.0802,0.75
2026-04-06,I1,Juventus,Genoa,0.7288,0.1655,0.1057,H,0.6151,2-0,0.1202,2-0,H,1,1,0,0.3164,H,-0.0282,0.38
2026-04-06,T1,Kocaelispor,Buyuksehyr,0.2553,0.255,0.4897,A,0.5068,1-1,0.1215,0-0,D,0,0,0,1.3666,A,0.1667,-1.0
2026-04-06,E1,Watford,Charlton,0.5014,0.2657,0.2329,H,0.4532,1-1,0.1259,1-1,D,0,1,1,1.3253,,,
2026-04-06,E1,Sheffield Weds,Leicester,0.2615,0.2281,0.5104,A,0.4767,0-1,0.1365,1-1,D,0,0,1,1.4781,H,-0.0714,-1.0
2026-04-06,E1,Ipswich,Birmingham,0.5912,0.2425,0.1663,H,0.5412,1-1,0.1152,2-1,H,1,0,1,0.5256,,,
2026-04-06,E1,Derby,Stoke,0.4312,0.2851,0.2837,H,0.4689,1-1,0.1358,2-0,H,1,0,1,0.8411,A,-0.1789,-1.0
2026-04-06,E1,Bristol City,Sheffield United,0.4292,0.2833,0.2874,H,0.4547,1-1,0.1348,1-0,H,1,0,1,0.8457,H,0.1176,1.85
2026-04-06,I1,Udinese,Como,0.1832,0.2324,0.5844,A,0.4871,0-1,0.1202,0-0,D,0,0,1,1.4591,,,
2026-04-06,E1,Millwall,Norwich,0.4256,0.2919,0.2825,H,0.471,1-1,0.1391,1-2,A,0,0,0,1.2639,,,
2026-04-06,E1,Portsmouth,Oxford,0.4915,0.2714,0.2371,H,0.4338,1-1,0.1276,2-2,D,0,0,0,1.3042,,,
2026-04-06,I1,Napoli,Milan,0.431,0.2881,0.2809,H,0.4231,1-1,0.1359,1-0,H,1,0,1,0.8416,H,0.0625,1.55
2026-04-06,P1,Casa Pia,Benfica,0.0788,0.1437,0.7775,A,0.5733,0-2,0.1485,1-1,D,0,0,0,1.9401,,,
2026-04-06,P1,Arouca,Estoril,0.4047,0.2869,0.3084,H,0.503,1-1,0.1364,3-2,H,1,0,1,0.9047,,,
2026-04-06,B1,Gent,Mechelen,0.4929,0.2621,0.2449,H,0.5473,1-1,0.1235,1-1,D,0,1,0,1.3389,,,
2026-04-06,B1,RAAL La Louviere,Dender,0.444,0.2841,0.2719,H,0.498,1-1,0.1352,0-1,A,0,0,1,1.3023,A,0.1538,3.5
2026-04-06,B1,Club Brugge,Anderlecht,0.6741,0.1836,0.1422,H,0.6735,2-1,0.1018,4-2,H,1,0,1,0.3943,H,0.0725,0.48
2026-04-06,E1,Hull,Coventry,0.2228,0.2545,0.5227,A,0.4855,1-1,0.1212,0-0,D,0,0,1,1.3684,,,
2026-04-07,E1,Wrexham,Southampton,0.3826,0.267,0.3504,H,0.5029,1-1,0.1271,1-5,A,0,0,1,1.0486,,,
2026-04-08,G1,Atromitos,Kifisia,0.4645,0.2934,0.2421,H,0.3696,1-0,0.1466,0-0,D,0,0,1,1.2262,,,
2026-04-08,G1,Larisa,Panetolikos,0.4082,0.309,0.2828,H,0.379,1-1,0.1427,1-2,A,0,0,0,1.263,,,
2026-04-08,G1,Panserraikos,Asteras Tripolis,0.4189,0.3006,0.2804,H,0.3585,1-0,0.1373,0-0,D,0,0,1,1.2019,H,-0.0351,-1.0
2026-04-08,T1,Goztep,Galatasaray,0.1923,0.2264,0.5813,A,0.5519,1-2,0.1126,1-3,A,1,0,1,0.5425,,,
2026-04-09,T1,Rizespor,Samsunspor,0.3897,0.3014,0.3089,H,0.4213,1-1,0.1424,4-1,H,1,0,0,0.9423,,,
2026-04-10,E0,West Ham,Wolves,0.4339,0.2915,0.2747,H,0.4307,1-1,0.1379,4-0,H,1,0,0,0.835,A,-0.0378,-1.0
2026-04-10,I1,Roma,Pisa,0.6899,0.2082,0.1019,H,0.4454,1-0,0.1677,3-0,H,1,0,0,0.3712,,,
2026-04-10,T1,Besiktas,Antalyaspor,0.7427,0.1672,0.09,H,0.5871,2-0,0.1316,4-2,H,1,0,1,0.2974,H,0.0,0.3
2026-04-10,B1,Charleroi,Antwerp,0.4198,0.2973,0.283,H,0.4538,1-1,0.1415,2-1,H,1,0,0,0.8681,A,0.131,-1.0
2026-04-10,E1,West Brom,Millwall,0.3891,0.2646,0.3463,H,0.4554,1-1,0.1258,0-0,D,0,0,1,1.3296,A,0.0323,-1.0
2026-04-10,P1,Famalicao,Moreirense,0.5721,0.2617,0.1662,H,0.4321,1-0,0.1469,1-1,D,0,0,1,1.3405,D,0.0,3.2
2026-04-10,D1,Augsburg,Hoffenheim,0.3488,0.2747,0.3765,A,0.5706,1-1,0.127,2-2,D,0,0,1,1.2919,H,-0.0278,-1.0
2026-04-10,F1,Marseille,Metz,0.7539,0.1643,0.0818,H,0.5868,2-0,0.1342,3-1,H,1,0,1,0.2825,,,
2026-04-10,SP1,Real Madrid,Girona,0.7885,0.1427,0.0688,H,0.6487,2-0,0.1245,1-1,D,0,0,0,1.9468,H,0.0,-1.0
2026-04-10,N1,Twente,Volendam,0.8074,0.1254,0.0672,H,0.6534,2-0,0.1288,2-1,H,1,0,1,0.214,,,
2026-04-10,F1,Paris FC,Monaco,0.2342,0.2635,0.5023,A,0.4703,1-1,0.1254,4-1,H,0,0,0,1.4514,,,
2026-04-11,F1,Auxerre,Nantes,0.4517,0.3004,0.2479,H,0.3898,1-1,0.1394,0-0,D,0,0,1,1.2027,,,
2026-04-11,I1,Cagliari,Cremonese,0.4922,0.2863,0.2215,H,0.4326,1-1,0.1351,1-0,H,1,0,1,0.7089,H,0.0488,1.15
2026-04-11,I1,Torino,Verona,0.565,0.2584,0.1765,H,0.4994,1-1,0.1232,2-1,H,1,0,0,0.5709,H,-0.05,0.9
2026-04-11,I1,Milan,Udinese,0.6233,0.2416,0.1351,H,0.4202,1-0,0.1601,0-3,A,0,0,0,2.002,D,0.0393,-1.0
2026-04-11,I1,Atalanta,Juventus,0.4046,0.2774,0.3181,H,0.508,1-1,0.1318,0-1,A,0,0,0,1.1455,H,0.0,-1.0
2026-04-11,F1,Rennes,Angers,0.6523,0.214,0.1337,H,0.51,1-0,0.1278,2-1,H,1,0,1,0.4273,,,
2026-04-11,SC0,Celtic,St Mirren,0.7916,0.1417,0.0667,H,0.6535,2-0,0.1236,1-0,H,1,0,0,0.2337,,,
2026-04-11,E1,Southampton,Derby,0.5726,0.245,0.1824,H,0.5402,1-1,0.1163,2-1,H,1,0,1,0.5575,H,0.0962,0.71
2026-04-11,SC0,Dundee United,Livingston,0.6461,0.2135,0.1404,H,0.4748,1-0,0.1463,3-2,H,1,0,0,0.4368,H,-0.0556,0.53
2026-04-11,SC0,Kilmarnock,Dundee,0.4332,0.2926,0.2742,H,0.5069,1-1,0.1389,2-2,D,0,0,1,1.2291,,,
2026-04-11,E1,Coventry,Sheffield Weds,0.8397,0.1052,0.0551,H,0.5903,2-0,0.163,0-0,D,0,0,0,2.2521,,,
2026-04-11,D1,St Pauli,Bayern Munich,0.0883,0.1397,0.772,A,0.7769,1-2,0.0958,0-5,A,1,0,1,0.2588,A,0.0462,0.36
2026-04-11,D1,Wolfsburg,Ein Frankfurt,0.2248,0.2435,0.5317,A,0.5554,1-1,0.1149,1-2,A,1,0,1,0.6316,A,-0.0304,1.55
2026-04-11,D1,RB Leipzig,M'gladbach,0.697,0.1855,0.1175,H,0.6145,2-0,0.1121,1-0,H,1,0,0,0.361,H,0.0338,0.53
2026-04-11,D1,Heidenheim,Union Berlin,0.3343,0.2611,0.4046,A,0.4791,1-1,0.1245,3-1,H,0,0,0,1.0957,,,
2026-04-11,E1,Stoke,Blackburn,0.4629,0.2818,0.2553,H,0.4618,1-1,0.1341,1-1,D,0,1,1,1.2666,H,-0.0481,-1.0
2026-04-11,D1,Dortmund,Leverkusen,0.5007,0.2573,0.242,H,0.5983,1-1,0.1175,0-1,A,0,0,0,1.4188,,,
2026-04-11,E1,Norwich,Ipswich,0.4203,0.2775,0.3022,H,0.4764,1-1,0.1323,0-2,A,0,0,1,1.1966,H,0.0556,-1.0
2026-04-11,E1,QPR,Bristol City,0.4782,0.2757,0.2461,H,0.4552,1-1,0.131,0-0,D,0,0,1,1.2885,H,-0.0222,-1.0
2026-04-11,E1,Charlton,Preston,0.4237,0.2905,0.2858,H,0.4125,1-1,0.1364,1-2,A,0,0,0,1.2526,,,
2026-04-11,E1,Leicester,Swansea,0.5152,0.2585,0.2263,H,0.48,1-1,0.1231,0-1,A,0,0,1,1.4858,H,0.1326,-1.0
2026-04-11,E1,Middlesbrough,Portsmouth,0.5694,0.2475,0.1831,H,0.5202,1-1,0.1179,0-1,A,0,0,0,1.6979,A,-0.1071,5.25
2026-04-11,E1,Oxford,Watford,0.3687,0.286,0.3454,H,0.4591,1-1,0.1362,2-0,H,1,0,1,0.9979,A,0.0,-1.0
2026-04-11,E1,Sheffield United,Hull,0.4364,0.2914,0.2722,H,0.4578,1-1,0.1387,2-1,H,1,0,0,0.8292,A,-0.0889,-1.0
2026-04-11,SC0,Aberdeen,Hibernian,0.2182,0.2558,0.526,A,0.4947,1-1,0.1219,2-0,H,0,0,1,1.5223,A,-0.0465,-1.0
2026-04-11,SP1,Sevilla,Ath Madrid,0.2135,0.2364,0.5501,A,0.5357,1-1,0.1124,2-1,H,0,0,1,1.5442,A,-0.125,-1.0
2026-04-11,SC0,Hearts,Motherwell,0.5114,0.2584,0.2302,H,0.5048,1-1,0.1231,3-1,H,1,0,1,0.6706,,,
2026-04-11,B1,Cercle Brugge,RAAL La Louviere,0.4599,0.2871,0.253,H,0.5294,1-1,0.1358,3-0,H,1,0,1,0.7768,,,
2026-04-11,N1,Groningen,Go Ahead Eagles,0.3463,0.2956,0.3581,A,0.5517,1-1,0.1376,0-0,D,0,0,0,1.2188,A,-0.1224,-1.0
2026-04-11,N1,Heracles,Ajax,0.1263,0.1935,0.6802,A,0.6079,0-2,0.11,0-3,A,1,0,1,0.3853,A,0.0261,0.57
2026-04-11,SP1,Sociedad,Alaves,0.478,0.2815,0.2405,H,0.5406,1-1,0.1326,3-3,D,0,0,1,1.2678,A,0.097,-1.0
2026-04-11,E0,Liverpool,Fulham,0.5841,0.2304,0.1855,H,0.5893,1-1,0.1074,2-0,H,1,0,0,0.5377,,,
2026-04-11,E0,Burnley,Brighton,0.1942,0.2556,0.5502,A,0.4708,0-1,0.1267,0-2,A,1,0,1,0.5975,,,
2026-04-11,E0,Brentford,Everton,0.3748,0.2754,0.3498,H,0.4698,1-1,0.1312,2-2,D,0,0,0,1.2895,A,0.0,-1.0
2026-04-11,E0,Arsenal,Bournemouth,0.7166,0.1749,0.1085,H,0.5629,1-0,0.13,1-2,A,0,0,1,2.2212,H,0.0,-1.0
2026-04-11,B1,Standard,Westerlo,0.349,0.3024,0.3486,H,0.4598,1-1,0.1441,1-2,A,0,0,0,1.0538,,,
2026-04-11,B1,St Truiden,Club Brugge,0.2106,0.2391,0.5503,A,0.5742,1-1,0.1118,1-2,A,1,0,1,0.5972,A,0.0167,0.83
2026-04-11,N1,Sparta Rotterdam,PSV Eindhoven,0.1603,0.2099,0.6298,A,0.6356,1-2,0.1059,0-2,A,1,0,0,0.4624,A,-0.0789,0.75
2026-04-11,SP1,Barcelona,Espanol,0.8674,0.0894,0.0432,H,0.7153,3-0,0.1232,4-1,H,1,0,1,0.1422,,,
2026-04-11,N1,Utrecht,Telstar,0.6369,0.2212,0.1418,H,0.5805,2-0,0.1059,4-1,H,1,0,1,0.4511,H,0.0,0.62
2026-04-11,T1,Alanyaspor,Trabzonspor,0.2436,0.2607,0.4956,A,0.5214,1-1,0.1239,1-1,D,0,1,0,1.3442,A,-0.0217,-1.0
2026-04-11,T1,Kayserispor,Fenerbahce,0.1476,0.2066,0.6458,A,0.5716,0-2,0.1102,0-4,A,1,0,1,0.4373,,,
2026-04-11,P1,Santa Clara,Rio Ave,0.4301,0.3117,0.2582,H,0.4034,1-1,0.1461,0-2,A,0,0,1,1.354,A,0.0,3.75
2026-04-11,SP1,Elche,Valencia,0.3566,0.2946,0.3488,H,0.4856,1-1,0.1403,1-0,H,1,0,1,1.0311,,,
2026-04-11,P1,AVS,Guimaraes,0.2446,0.2391,0.5164,A,0.5242,1-1,0.1137,1-1,D,0,1,0,1.4311,H,-0.087,-1.0
2026-04-11,T1,Buyuksehyr,Genclerbirligi,0.7239,0.174,0.1021,H,0.5385,2-0,0.1398,3-0,H,1,0,1,0.3231,H,0.0196,0.56
2026-04-11,P1,Estrela,Sp Lisbon,0.0969,0.1583,0.7448,A,0.6072,0-2,0.1271,0-1,A,1,0,0,0.2946,,,
2026-04-12,B1,Genk,Oud-Heverlee Leuven,0.6781,0.1958,0.1261,H,0.646,2-1,0.1006,0-0,D,0,0,0,1.6307,H,0.0,-1.0
2026-04-12,P1,Estoril,Porto,0.1538,0.2123,0.6339,A,0.5275,0-1,0.1207,1-3,A,1,0,1,0.4558,,,
2026-04-12,D1,FC Koln,Werder Bremen,0.3509,0.2993,0.3498,H,0.4816,1-1,0.1426,3-1,H,1,0,0,1.0472,A,0.0667,-1.0
2026-04-12,N1,For Sittard,NAC Breda,0.4833,0.2681,0.2486,H,0.5429,1-1,0.1265,1-1,D,0,1,0,1.3163,H,-0.0607,-1.0
2026-04-12,N1,Nijmegen,Feyenoord,0.4118,0.2518,0.3364,H,0.598,1-1,0.1148,1-1,D,0,1,0,1.3791,A,-0.1143,-1.0
2026-04-12,N1,Zwolle,Excelsior,0.4631,0.2853,0.2516,H,0.4952,1-1,0.1359,2-2,D,0,0,0,1.2541,,,
2026-04-12,N1,AZ Alkmaar,Heerenveen,0.5414,0.2611,0.1975,H,0.6191,1-1,0.1173,3-0,H,1,0,1,0.6137,D,0.0,-1.0
2026-04-12,E0,Chelsea,Man City,0.2752,0.2419,0.4829,A,0.4996,1-1,0.1153,0-3,A,1,0,0,0.728,A,0.1257,1.15
2026-04-12,E0,Sunderland,Tottenham,0.443,0.2811,0.276,H,0.4762,1-1,0.134,1-0,H,1,0,1,0.8143,H,-0.069,1.7
2026-04-12,E0,Nott'm Forest,Aston Villa,0.2972,0.2732,0.4297,A,0.4463,1-1,0.1295,1-1,D,0,1,1,1.2977,A,-0.1,-1.0
2026-04-12,B1,Anderlecht,Gent,0.4529,0.2704,0.2767,H,0.5367,1-1,0.1276,3-1,H,1,0,1,0.7921,,,
2026-04-12,E0,Crystal Palace,Newcastle,0.3601,0.2783,0.3615,A,0.4932,1-1,0.1326,2-1,H,0,0,0,1.0212,H,0.0,2.0
2026-04-12,D1,Mainz,Freiburg,0.4666,0.2733,0.2601,H,0.5553,1-1,0.128,0-1,A,0,0,0,1.3468,H,0.0,-1.0
2026-04-12,P1,Alverca,Casa Pia,0.4443,0.2946,0.2611,H,0.4183,1-1,0.1388,3-1,H,1,0,0,0.8113,,,
2026-04-12,T1,Konyaspor,Karagumruk,0.4733,0.3002,0.2264,H,0.4501,1-1,0.1427,3-0,H,1,0,0,0.7479,D,0.0571,-1.0
2026-04-12,T1,Goztep,Kasimpasa,0.5485,0.2709,0.1805,H,0.4673,1-1,0.1287,3-3,D,0,0,0,1.3058,H,0.0,-1.0
2026-04-12,P1,Sp Braga,Arouca,0.7215,0.1729,0.1056,H,0.6094,2-0,0.1194,1-0,H,1,0,0,0.3265,H,-0.0352,0.37
2026-04-12,T1,Galatasaray,Kocaelispor,0.8433,0.109,0.0477,H,0.6728,2-0,0.1321,1-1,D,0,0,0,2.2167,,,
2026-04-12,SC0,Falkirk,Rangers,0.1578,0.2003,0.6419,A,0.6499,1-2,0.0989,3-6,A,1,0,1,0.4433,A,-0.0806,0.71
2026-04-12,E1,Birmingham,Wrexham,0.433,0.2599,0.3072,H,0.4513,1-1,0.1234,2-0,H,1,0,1,0.8371,A,0.0,-1.0
2026-04-12,B1,Dender,Waregem,0.427,0.2801,0.2929,H,0.5014,1-1,0.1333,1-2,A,0,0,1,1.2278,H,0.0,-1.0
2026-04-12,D1,Stuttgart,Hamburg,0.7181,0.1735,0.1084,H,0.6616,2-0,0.1032,4-0,H,1,0,1,0.3312,H,0.0853,0.4
2026-04-12,B1,Mechelen,St. Gilloise,0.1607,0.2221,0.6172,A,0.5496,0-2,0.1086,0-1,A,1,0,0,0.4826,A,0.051,0.65
2026-04-12,SP1,Osasuna,Betis,0.3804,0.2963,0.3233,H,0.4504,1-1,0.141,1-1,D,0,1,1,1.2164,A,0.0645,-1.0
2026-04-12,P1,Benfica,Nacional,0.8608,0.0947,0.0445,H,0.6524,2-0,0.146,2-0,H,1,1,0,0.1499,,,
2026-04-12,SP1,Mallorca,Vallecano,0.3308,0.2994,0.3699,A,0.4885,1-1,0.1425,3-0,H,0,0,0,1.1063,A,0.0417,-1.0
2026-04-12,I1,Como,Inter,0.2845,0.2472,0.4684,A,0.5426,1-1,0.1167,3-4,A,1,0,1,0.7585,A,-0.0546,1.25
2026-04-12,F1,Lyon,Lorient,0.536,0.2575,0.2065,H,0.5036,1-1,0.1227,2-0,H,1,0,0,0.6236,,,
2026-04-12,F1,Toulouse,Lille,0.2802,0.2824,0.4374,A,0.4239,1-1,0.1332,0-4,A,1,0,0,0.8269,,,
2026-04-12,F1,Nice,Le Havre,0.4744,0.2959,0.2297,H,0.4316,1-1,0.1399,1-1,D,0,1,1,1.2176,,,
2026-04-12,SP1,Celta,Oviedo,0.603,0.2485,0.1484,H,0.5393,1-1,0.1182,0-3,A,0,0,1,1.9075,H,0.0,-1.0
2026-04-12,SP1,Ath Bilbao,Villarreal,0.3253,0.2728,0.4019,A,0.5062,1-1,0.1297,1-2,A,1,0,1,0.9117,A,-0.1622,2.1
2026-04-12,I1,Bologna,Lecce,0.6533,0.214,0.1327,H,0.4866,1-0,0.1405,2-0,H,1,0,1,0.4257,H,-0.0164,0.8
2026-04-12,I1,Parma,Napoli,0.1654,0.2254,0.6092,A,0.4985,0-1,0.1268,1-1,D,0,0,1,1.4897,,,
2026-04-12,I1,Genoa,Sassuolo,0.4638,0.2942,0.242,H,0.4399,1-1,0.1395,2-1,H,1,0,0,0.7682,,,
2026-04-13,T1,Rizespor,Gaziantep,0.5341,0.2585,0.2074,H,0.5053,1-1,0.1232,2-1,H,1,0,1,0.6271,,,
2026-04-13,I1,Fiorentina,Lazio,0.3513,0.3223,0.3264,H,0.3873,1-1,0.1504,1-0,H,1,0,1,1.046,A,0.0303,-1.0
2026-04-13,T1,Eyupspor,Samsunspor,0.3133,0.2778,0.4089,A,0.4908,1-1,0.1324,1-2,A,1,0,0,0.8943,H,-0.03,-1.0
2026-04-13,E0,Man United,Leeds,0.5896,0.2328,0.1776,H,0.4797,1-0,0.1339,1-2,A,0,0,0,1.7282,,,
2026-04-13,P1,Tondela,Gil Vicente,0.2581,0.2473,0.4946,A,0.4559,0-1,0.1256,2-2,D,0,0,0,1.397,,,
2026-04-13,SP1,Levante,Getafe,0.3365,0.3155,0.3479,A,0.4372,1-1,0.15,1-0,H,0,0,1,1.089,,,
2026-04-14,E1,Southampton,Blackburn,0.617,0.2248,0.1581,H,0.506,2-0,0.12,3-0,H,1,0,1,0.4828,,,
2026-04-14,E1,Portsmouth,Ipswich,0.2895,0.2507,0.4598,A,0.4715,1-1,0.1194,2-0,H,0,0,1,1.2397,H,0.0714,2.75
2026-04-17,T1,Fenerbahce,Rizespor,0.721,0.1808,0.0982,H,0.6721,2-1,0.1082,2-2,D,0,0,1,1.7105,,,
2026-04-17,E1,Blackburn,Coventry,0.2244,0.238,0.5376,A,0.4468,0-1,0.136,1-1,D,0,0,1,1.4355,A,0.0269,-1.0
2026-04-17,T1,Antalyaspor,Konyaspor,0.3459,0.315,0.3391,H,0.4719,1-1,0.1501,0-2,A,0,0,1,1.0815,,,
2026-04-17,P1,Rio Ave,AVS,0.6028,0.2466,0.1506,H,0.453,1-0,0.1396,2-2,D,0,0,0,1.4001,H,0.012,-1.0
2026-04-17,I1,Sassuolo,Como,0.1982,0.2395,0.5623,A,0.5184,1-1,0.1141,2-1,H,0,0,1,1.6183,H,-0.08,4.75
2026-04-17,I1,Inter,Cagliari,0.8339,0.1145,0.0516,H,0.6815,2-0,0.1253,3-0,H,1,0,1,0.1816,,,
2026-04-17,F1,Lens,Toulouse,0.6317,0.2196,0.1488,H,0.5687,2-0,0.108,3-2,H,1,0,1,0.4594,,,
2026-04-17,D1,St Pauli,FC Koln,0.3404,0.2818,0.3777,A,0.5048,1-1,0.1339,1-1,D,0,1,0,1.2664,,,
2026-04-18,B1,Charleroi,Standard,0.4814,0.2881,0.2305,H,0.4737,1-1,0.1373,1-2,A,0,0,0,1.4677,,,
2026-04-18,B1,Mechelen,Anderlecht,0.3634,0.283,0.3536,H,0.5276,1-1,0.1336,1-2,A,0,0,1,1.0397,,,
2026-04-18,E1,Sheffield Weds,Charlton,0.3155,0.2677,0.4168,A,0.4767,1-1,0.1276,1-1,D,0,1,1,1.3177,H,0.1585,-1.0
2026-04-18,E1,Preston,West Brom,0.3312,0.3019,0.3669,A,0.4379,1-1,0.1434,0-2,A,1,0,1,1.0027,H,0.0588,-1.0
2026-04-18,E1,Hull,Birmingham,0.4145,0.296,0.2895,H,0.4544,1-1,0.141,1-1,D,0,1,1,1.2172,,,
2026-04-18,E1,Bristol City,Norwich,0.3068,0.2921,0.4011,A,0.4584,1-1,0.1391,2-4,A,1,0,0,0.9137,A,0.0638,1.5
2026-04-18,E1,Portsmouth,Leicester,0.3606,0.2687,0.3707,A,0.5054,1-1,0.1278,1-0,H,0,0,0,1.0199,A,0.0667,-1.0
2026-04-18,E1,Millwall,QPR,0.4952,0.2799,0.225,H,0.4953,1-1,0.1334,2-0,H,1,0,1,0.7029,D,-0.0132,-1.0
2026-04-18,E1,Derby,Oxford,0.4596,0.28,0.2604,H,0.464,1-1,0.1333,1-0,H,1,0,1,0.7774,A,0.1081,-1.0
2026-04-18,D1,Ein Frankfurt,RB Leipzig,0.3124,0.2874,0.4002,A,0.5396,1-1,0.1349,1-3,A,1,0,1,0.9157,D,0.0256,-1.0
2026-04-18,T1,Genclerbirligi,Galatasaray,0.1084,0.1713,0.7202,A,0.6294,0-2,0.1128,1-2,A,1,0,1,0.3282,,,
2026-04-18,T1,Karagumruk,Eyupspor,0.5097,0.2732,0.2171,H,0.4064,1-0,0.1397,1-2,A,0,0,0,1.5275,,,
2026-04-18,D1,Union Berlin,Wolfsburg,0.531,0.2695,0.1996,H,0.5447,1-1,0.1271,1-2,A,0,0,1,1.6114,H,0.0,-1.0
2026-04-18,D1,Leverkusen,Augsburg,0.6929,0.1904,0.1167,H,0.6474,2-0,0.1014,1-2,A,0,0,1,2.1486,,,
2026-04-18,D1,Werder Bremen,Hamburg,0.5011,0.2741,0.2248,H,0.5121,1-1,0.1304,3-1,H,1,0,1,0.6909,,,
2026-04-18,P1,Nacional,Alverca,0.4048,0.2642,0.3311,H,0.4372,1-1,0.1249,1-0,H,1,0,1,0.9044,A,0.0,-1.0
2026-04-18,P1,Casa Pia,Santa Clara,0.3781,0.3106,0.3114,H,0.4438,1-1,0.1478,0-0,D,0,0,1,1.1693,H,0.0556,-1.0
2026-04-18,P1,Gil Vicente,Guimaraes,0.4592,0.2722,0.2686,H,0.5189,1-1,0.1292,0-1,A,0,0,0,1.3146,,,
2026-04-18,D1,Hoffenheim,Dortmund,0.2613,0.2387,0.5,A,0.6159,1-1,0.1079,2-1,H,0,0,1,1.342,A,-0.1667,-1.0
2026-04-18,T1,Kocaelispor,Goztep,0.3162,0.2961,0.3877,A,0.4284,1-1,0.1402,1-1,D,0,1,1,1.217,A,0.1042,-1.0
2026-04-18,B1,Antwerp,Oud-Heverlee Leuven,0.4472,0.289,0.2637,H,0.497,1-1,0.1376,2-0,H,1,0,1,0.8046,,,
2026-04-18,B1,Westerlo,Genk,0.3162,0.2766,0.4072,A,0.5379,1-1,0.1302,1-2,A,1,0,1,0.8984,,,
2026-04-18,E0,Tottenham,Brighton,0.2517,0.2779,0.4704,A,0.4483,1-1,0.1319,2-2,D,0,0,0,1.2805,A,0.1163,-1.0
2026-04-18,E0,Chelsea,Man United,0.3778,0.2724,0.3498,H,0.5355,1-1,0.1284,0-1,A,0,0,0,1.0503,A,0.0,2.2
2026-04-18,E0,Newcastle,Bournemouth,0.3993,0.2756,0.3251,H,0.4939,1-1,0.1313,1-2,A,0,0,0,1.1235,A,0.1667,2.5
2026-04-18,E0,Leeds,Wolves,0.5763,0.2414,0.1823,H,0.4734,1-0,0.1291,3-0,H,1,0,0,0.5511,,,
2026-04-18,E0,Brentford,Fulham,0.4417,0.2873,0.2711,H,0.4944,1-1,0.1368,0-0,D,0,0,1,1.2473,D,-0.0132,2.75
2026-04-18,I1,Udinese,Parma,0.4946,0.2888,0.2165,H,0.3958,1-0,0.1446,0-1,A,0,0,1,1.53,H,-0.0227,-1.0
2026-04-18,F1,Lorient,Marseille,0.2593,0.2711,0.4696,A,0.4912,1-1,0.1292,2-0,H,0,0,1,1.3496,H,-0.0526,3.5
2026-04-18,F1,Angers,Le Havre,0.3918,0.2979,0.3103,H,0.4014,1-1,0.1395,1-1,D,0,1,1,1.211,H,-0.1,-1.0
2026-04-18,F1,Lille,Nice,0.7136,0.1806,0.1058,H,0.5028,1-0,0.1484,0-0,D,0,0,0,1.7114,H,0.0,-1.0
2026-04-18,G1,Kifisia,Asteras Tripolis,0.5058,0.2732,0.2209,H,0.4147,1-0,0.1345,0-0,D,0,0,1,1.2974,,,
2026-04-18,G1,Atromitos,Larisa,0.4901,0.2871,0.2227,H,0.3958,1-0,0.1419,3-2,H,1,0,0,0.7131,,,
2026-04-18,G1,OFI Crete,Levadeiakos,0.3723,0.2981,0.3296,H,0.4531,1-1,0.1419,2-0,H,1,0,1,0.988,H,-0.05,1.85
2026-04-18,G1,Panetolikos,Panserraikos,0.4604,0.3028,0.2368,H,0.3409,1-0,0.1634,2-3,A,0,0,0,1.4405,A,0.1579,4.5
2026-04-18,G1,Aris,Volos NFC,0.5889,0.2454,0.1657,H,0.4401,1-0,0.1454,3-2,H,1,0,0,0.5296,,,
2026-04-18,E1,Wrexham,Stoke,0.4578,0.2683,0.2738,H,0.5366,1-1,0.1268,2-0,H,1,0,0,0.7813,A,0.1538,-1.0
2026-04-18,E1,Swansea,Southampton,0.2707,0.2726,0.4566,A,0.4996,1-1,0.1298,1-2,A,1,0,0,0.7838,D,0.0,-1.0
2026-04-18,I1,Napoli,Lazio,0.6442,0.2215,0.1343,H,0.4618,1-0,0.1511,0-2,A,0,0,1,2.0075,,,
2026-04-18,I1,Roma,Atalanta,0.3554,0.2855,0.3591,A,0.4661,1-1,0.1361,1-1,D,0,1,1,1.2534,A,0.0,-1.0
2026-04-18,E1,Watford,Sheffield United,0.397,0.2764,0.3266,H,0.4954,1-1,0.1316,0-2,A,0,0,1,1.1189,H,-0.0603,-1.0
2026-04-19,G1,AEK,PAOK,0.4465,0.2793,0.2741,H,0.4336,1-1,0.1321,3-0,H,1,0,0,0.8062,,,
2026-04-19,I1,Pisa,Genoa,0.3299,0.279,0.3911,A,0.4148,1-1,0.1311,1-2,A,1,0,0,0.9388,H,0.0833,-1.0
2026-04-19,D1,M'gladbach,Mainz,0.3361,0.2903,0.3736,A,0.5335,1-1,0.1366,1-1,D,0,1,0,1.2367,A,-0.0938,-1.0
2026-04-19,D1,Bayern Munich,Stuttgart,0.7416,0.1591,0.0994,H,0.7227,2-1,0.0919,4-2,H,1,0,1,0.299,H,-0.0667,0.4
2026-04-19,I1,Verona,Milan,0.1839,0.2376,0.5786,A,0.4311,0-1,0.1527,0-1,A,1,1,1,0.5472,H,-0.0385,-1.0
2026-04-19,I1,Cremonese,Torino,0.3173,0.2762,0.4065,A,0.4576,1-1,0.1314,0-0,D,0,0,1,1.2867,A,0.0,-1.0
2026-04-19,D1,Freiburg,Heidenheim,0.6115,0.2314,0.1571,H,0.6051,1-1,0.1076,2-1,H,1,0,1,0.4919,H,0.0121,0.67
2026-04-19,E0,Everton,Liverpool,0.3782,0.2822,0.3396,H,0.5485,1-1,0.132,1-2,A,0,0,1,1.08,H,-0.0312,-1.0
2026-04-19,P1,Arouca,Estrela,0.4964,0.2843,0.2193,H,0.477,1-1,0.1355,1-0,H,1,0,1,0.7005,H,-0.0864,1.01
2026-04-19,P1,Sp Lisbon,Benfica,0.4719,0.2771,0.251,H,0.4917,1-1,0.1321,1-2,A,0,0,0,1.3824,,,
2026-04-19,P1,Porto,Tondela,0.8527,0.1011,0.0462,H,0.6029,2-0,0.1621,2-0,H,1,1,0,0.1593,,,
2026-04-19,T1,Trabzonspor,Buyuksehyr,0.5403,0.2611,0.1985,H,0.5046,1-1,0.1245,1-1,D,0,1,0,1.3428,H,0.0391,-1.0
2026-04-19,P1,Sp Braga,Famalicao,0.6545,0.2134,0.132,H,0.5776,2-0,0.1106,2-2,D,0,0,1,1.5444,H,-0.0376,-1.0
2026-04-19,I1,Juventus,Bologna,0.6341,0.2326,0.1332,H,0.4828,1-0,0.1384,2-0,H,1,0,1,0.4555,,,
2026-04-19,T1,Samsunspor,Besiktas,0.2594,0.2547,0.4859,A,0.5332,1-1,0.1206,2-1,H,0,0,1,1.3494,,,
2026-04-19,F1,Nantes,Brest,0.3558,0.2491,0.3951,A,0.4223,0-1,0.1215,1-1,D,0,0,1,1.3898,A,0.0,-1.0
2026-04-19,E0,Aston Villa,Sunderland,0.5913,0.2442,0.1645,H,0.5146,1-1,0.1164,4-3,H,1,0,1,0.5253,,,
2026-04-19,F1,Strasbourg,Rennes,0.3945,0.2833,0.3222,H,0.5142,1-1,0.1344,0-3,A,0,0,1,1.1327,H,-0.3256,-1.0
2026-04-19,F1,Paris SG,Lyon,0.7929,0.1305,0.0766,H,0.5646,2-0,0.1548,1-2,A,0,0,1,2.569,H,-0.0226,-1.0
2026-04-19,F1,Monaco,Auxerre,0.683,0.1998,0.1172,H,0.494,2-0,0.1407,2-2,D,0,0,0,1.6105,H,-0.0556,-1.0
2026-04-19,E0,Nott'm Forest,Burnley,0.5984,0.2384,0.1632,H,0.5205,1-0,0.116,4-1,H,1,0,1,0.5135,,,
2026-04-19,B1,Gent,St Truiden,0.438,0.2791,0.2829,H,0.5209,1-1,0.1322,0-0,D,0,0,0,1.2763,H,0.0408,-1.0
2026-04-19,B1,Dender,Cercle Brugge,0.3535,0.2723,0.3742,A,0.554,1-1,0.1272,1-4,A,1,0,1,0.9829,H,-0.0811,-1.0
2026-04-19,B1,St. Gilloise,Club Brugge,0.488,0.2671,0.245,H,0.558,1-1,0.1254,2-1,H,1,0,1,0.7175,H,0.0476,1.2
2026-04-19,B1,RAAL La Louviere,Waregem,0.425,0.2873,0.2877,H,0.5141,1-1,0.1362,0-2,A,0,0,0,1.2458,H,0.1364,-1.0
2026-04-19,E1,Ipswich,Middlesbrough,0.4638,0.2698,0.2664,H,0.4577,1-1,0.1283,2-2,D,0,0,0,1.31,H,0.0,-1.0
2026-04-19,T1,Kasimpasa,Alanyaspor,0.3509,0.3104,0.3388,H,0.4776,1-1,0.1479,1-0,H,1,0,1,1.0473,,,
2026-04-19,E0,Man City,Arsenal,0.4245,0.2783,0.2972,H,0.5304,1-1,0.1315,2-1,H,1,0,1,0.8569,A,0.0244,-1.0
2026-04-19,G1,Panathinaikos,Olympiakos,0.3184,0.2751,0.4065,A,0.4329,1-1,0.1301,0-2,A,1,0,1,0.9002,H,0.0714,-1.0
2026-04-19,F1,Metz,Paris FC,0.2787,0.2572,0.4641,A,0.4264,0-1,0.1311,1-3,A,1,0,0,0.7677,,,
2026-04-20,P1,Moreirense,Estoril,0.384,0.2958,0.3203,H,0.4705,1-1,0.141,1-0,H,1,0,1,0.9572,H,0.1673,2.0
2026-04-20,T1,Gaziantep,Kayserispor,0.5031,0.2759,0.221,H,0.4831,1-1,0.1315,3-0,H,1,0,0,0.6869,H,-0.0455,1.1
2026-04-20,E0,Crystal Palace,West Ham,0.4979,0.2772,0.225,H,0.4783,1-1,0.1321,0-0,D,0,0,1,1.2831,H,-0.0951,-1.0
2026-04-20,I1,Lecce,Fiorentina,0.273,0.2742,0.4528,A,0.4318,1-1,0.1294,1-1,D,0,1,1,1.294,,,
2026-04-21,E1,Norwich,Derby,0.5002,0.2675,0.2324,H,0.4785,1-1,0.1274,2-1,H,1,0,0,0.6928,,,
2026-04-21,E1,Coventry,Portsmouth,0.65,0.2113,0.1387,H,0.5292,2-0,0.1228,5-1,H,1,0,1,0.4309,H,0.1027,0.61
2026-04-21,E1,Oxford,Wrexham,0.4292,0.2717,0.299,H,0.4296,1-1,0.1283,0-1,A,0,0,1,1.2072,H,0.0217,-1.0
2026-04-21,E1,QPR,Swansea,0.4345,0.2868,0.2786,H,0.4481,1-1,0.1363,1-2,A,0,0,0,1.2779,,,
2026-04-21,E1,Southampton,Bristol City,0.6464,0.2066,0.1471,H,0.5266,2-0,0.122,2-2,D,0,0,1,1.5771,A,-0.0588,-1.0
2026-04-21,E1,Stoke,Millwall,0.3263,0.2599,0.4138,A,0.4603,1-1,0.1236,1-3,A,1,0,0,0.8823,H,-0.1778,-1.0
2026-04-21,E1,West Brom,Watford,0.5077,0.2541,0.2382,H,0.4281,1-0,0.137,3-0,H,1,0,0,0.6778,A,-0.05,-1.0
2026-04-21,E1,Leicester,Hull,0.4715,0.263,0.2655,H,0.46,1-1,0.125,2-2,D,0,0,0,1.3355,,,
2026-04-21,SP1,Real Madrid,Alaves,0.8027,0.1311,0.0662,H,0.6669,2-0,0.1222,2-1,H,1,0,1,0.2198,,,
2026-04-21,B1,Oud-Heverlee Leuven,Westerlo,0.3034,0.2858,0.4108,A,0.5022,1-1,0.1359,0-2,A,1,0,0,0.8897,,,
2026-04-21,B1,Genk,Charleroi,0.6554,0.2073,0.1373,H,0.6207,2-0,0.1005,1-1,D,0,0,0,1.5735,H,0.0457,-1.0
2026-04-21,E0,Brighton,Chelsea,0.475,0.2736,0.2514,H,0.4717,1-1,0.1303,3-0,H,1,0,0,0.7445,H,0.1111,1.5
2026-04-21,SP1,Ath Bilbao,Osasuna,0.4522,0.2894,0.2584,H,0.448,1-1,0.1375,1-0,H,1,0,1,0.7937,A,0.0714,-1.0
2026-04-21,SP1,Mallorca,Valencia,0.4062,0.2948,0.2989,H,0.4699,1-1,0.1405,1-1,D,0,1,1,1.2213,H,-0.037,-1.0
2026-04-21,SP1,Girona,Betis,0.3199,0.2978,0.3822,A,0.4778,1-1,0.142,2-3,A,1,0,0,0.9617,A,0.0,2.0
2026-04-21,B1,Standard,Antwerp,0.3991,0.2961,0.3048,H,0.4542,1-1,0.141,1-2,A,0,0,0,1.188,H,0.0,-1.0
2026-04-22,E1,Birmingham,Preston,0.5129,0.2631,0.2241,H,0.4461,1-0,0.1263,2-1,H,1,0,0,0.6678,A,-0.1739,-1.0
2026-04-22,E0,Burnley,Man City,0.1214,0.1853,0.6933,A,0.5782,0-2,0.1219,0-1,A,1,0,0,0.3663,D,0.0588,-1.0
2026-04-22,E0,Bournemouth,Leeds,0.481,0.29,0.2289,H,0.4242,1-1,0.1365,2-2,D,0,0,0,1.2378,,,
2026-04-22,G1,Panserraikos,Atromitos,0.3427,0.2935,0.3638,A,0.4077,1-1,0.1377,0-4,A,1,0,0,1.0112,A,0.2791,1.75
2026-04-22,G1,Larisa,Kifisia,0.3723,0.2892,0.3385,H,0.4176,1-1,0.1363,1-1,D,0,1,1,1.2407,,,
2026-04-22,G1,Asteras Tripolis,Panetolikos,0.366,0.294,0.34,H,0.4013,1-1,0.1376,2-1,H,1,0,0,1.0052,A,0.0606,-1.0
2026-04-22,SP1,Sociedad,Getafe,0.448,0.3002,0.2518,H,0.4779,1-1,0.1431,0-1,A,0,0,1,1.379,H,0.0,-1.0
2026-04-22,SP1,Elche,Ath Madrid,0.2193,0.2391,0.5416,A,0.538,1-1,0.1134,3-2,H,0,0,1,1.5174,A,-0.0926,-1.0
2026-04-22,E1,Sheffield United,Blackburn,0.5293,0.2638,0.2069,H,0.4752,1-1,0.1255,1-3,A,0,0,0,1.5757,,,
2026-04-22,E1,Middlesbrough,Sheffield Weds,0.771,0.1468,0.0822,H,0.6546,2-0,0.1186,1-0,H,1,0,0,0.2601,,,
2026-04-22,B1,St. Gilloise,Gent,0.7798,0.1461,0.0741,H,0.6334,2-0,0.1278,0-0,D,0,0,0,1.9236,H,0.0588,-1.0
2026-04-22,B1,Club Brugge,Mechelen,0.806,0.1215,0.0725,H,0.6705,2-0,0.1226,6-1,H,1,0,1,0.2157,,,
2026-04-22,E1,Charlton,Ipswich,0.2906,0.2487,0.4607,A,0.4382,0-1,0.1253,1-2,A,1,0,0,0.7749,H,-0.1739,-1.0
2026-04-22,N1,Telstar,Sparta Rotterdam,0.3524,0.2836,0.364,A,0.5957,1-1,0.1283,4-1,H,0,0,1,1.0431,,,
2026-04-22,SP1,Barcelona,Celta,0.7969,0.1349,0.0682,H,0.6476,2-0,0.1272,1-0,H,1,0,0,0.2271,,,
2026-04-22,F1,Paris SG,Nantes,0.878,0.0826,0.0394,H,0.6578,2-0,0.1505,3-0,H,1,0,1,0.1301,,,
2026-04-23,SP1,Vallecano,Espanol,0.5594,0.2541,0.1865,H,0.5046,1-1,0.1211,1-0,H,1,0,0,0.5809,H,0.0,1.1
2026-04-23,SP1,Oviedo,Villarreal,0.2147,0.2444,0.5409,A,0.5304,1-1,0.1161,1-1,D,0,1,0,1.4088,A,-0.0889,-1.0
2026-04-23,N1,PSV Eindhoven,Zwolle,0.8413,0.1095,0.0491,H,0.7247,2-0,0.1107,6-1,H,1,0,1,0.1728,,,
2026-04-23,SP1,Levante,Sevilla,0.4481,0.2956,0.2563,H,0.4468,1-1,0.1404,2-0,H,1,0,1,0.8026,H,-0.04,1.4
2026-04-23,P1,Casa Pia,Sp Braga,0.1691,0.2103,0.6206,A,0.5222,0-1,0.1192,0-1,A,1,1,0,0.4771,,,
2026-04-23,B1,St Truiden,Anderlecht,0.4388,0.2784,0.2829,H,0.5055,1-1,0.1324,2-0,H,1,0,0,0.8238,,,
2026-04-23,N1,Go Ahead Eagles,AZ Alkmaar,0.318,0.2778,0.4042,A,0.5885,1-1,0.1267,0-0,D,0,0,0,1.2808,,,
2026-04-24,P1,Alverca,Arouca,0.3632,0.3113,0.3254,H,0.4704,1-1,0.1484,2-1,H,1,0,0,1.0127,A,-0.0571,-1.0
2026-04-24,F1,Brest,Lens,0.2096,0.2418,0.5486,A,0.5298,1-1,0.115,3-3,D,0,0,1,1.4197,H,-0.0833,-1.0
2026-04-24,E0,Sunderland,Nott'm Forest,0.3419,0.305,0.3531,A,0.4721,1-1,0.1454,0-5,A,1,0,0,1.0409,,,
2026-04-24,B1,Cercle Brugge,Dender,0.668,0.1928,0.1392,H,0.6308,2-0,0.1016,2-1,H,1,0,1,0.4035,,,
2026-04-24,D1,RB Leipzig,Union Berlin,0.741,0.1634,0.0957,H,0.6286,2-0,0.1188,3-1,H,1,0,1,0.2998,H,-0.0452,0.48
2026-04-24,E1,Leicester,Millwall,0.3984,0.2666,0.3349,H,0.4434,1-1,0.1264,1-1,D,0,1,1,1.3219,H,0.0,-1.0
2026-04-24,SP1,Betis,Real Madrid,0.2163,0.2411,0.5427,A,0.5307,1-1,0.1145,1-1,D,0,1,0,1.4226,,,
2026-04-24,T1,Buyuksehyr,Kasimpasa,0.6222,0.2329,0.1449,H,0.5503,1-1,0.1107,4-0,H,1,0,1,0.4745,H,0.0,0.66
2026-04-24,I1,Napoli,Cremonese,0.7878,0.1447,0.0675,H,0.5065,2-0,0.1691,4-0,H,1,0,1,0.2386,H,0.0,0.33
2026-04-25,T1,Kayserispor,Rizespor,0.3315,0.2785,0.39,A,0.473,1-1,0.1328,2-0,H,0,0,1,1.1041,,,
2026-04-25,T1,Eyupspor,Gaziantep,0.3633,0.3012,0.3355,H,0.4509,1-1,0.1434,3-0,H,1,0,0,1.0126,,,
2026-04-25,I1,Verona,Lecce,0.4018,0.2822,0.316,H,0.3589,1-0,0.1384,0-0,D,0,0,1,1.2651,H,0.0588,-1.0
2026-04-25,E0,Wolves,Tottenham,0.3837,0.2886,0.3278,H,0.4932,1-1,0.1374,0-1,A,0,0,1,1.1154,H,0.0,-1.0
2026-04-25,I1,Parma,Pisa,0.5212,0.2638,0.215,H,0.4434,1-0,0.1325,1-0,H,1,1,1,0.6516,H,-0.0455,1.1
2026-04-25,F1,Toulouse,Monaco,0.2576,0.2624,0.48,A,0.5058,1-1,0.1249,2-2,D,0,0,1,1.3379,,,
2026-04-25,F1,Angers,Paris SG,0.0893,0.1463,0.7644,A,0.6371,0-2,0.1231,0-3,A,1,0,1,0.2687,,,
2026-04-25,F1,Lyon,Auxerre,0.5782,0.2574,0.1645,H,0.4586,1-0,0.1305,3-2,H,1,0,0,0.5479,,,
2026-04-25,E0,Fulham,Aston Villa,0.3569,0.2736,0.3695,A,0.4218,1-1,0.1289,1-0,H,0,0,1,1.0303,,,
2026-04-25,E0,Liverpool,Crystal Palace,0.6269,0.2248,0.1484,H,0.5657,2-0,0.1078,3-1,H,1,0,1,0.467,D,0.1111,-1.0
2026-04-25,E0,West Ham,Everton,0.314,0.2742,0.4118,A,0.5057,1-1,0.1304,2-1,H,0,0,1,1.1582,A,0.0357,-1.0
2026-04-25,I1,Bologna,Roma,0.3894,0.2929,0.3177,H,0.436,1-1,0.1389,0-2,A,0,0,1,1.1465,H,-0.1842,-1.0
2026-04-25,E0,Arsenal,Newcastle,0.7148,0.1701,0.1151,H,0.6091,2-0,0.1175,1-0,H,1,0,0,0.3357,H,0.0507,0.45
2026-04-25,D1,Augsburg,Ein Frankfurt,0.3627,0.2899,0.3474,H,0.5253,1-1,0.1368,1-1,D,0,1,0,1.2383,D,-0.0256,2.8
2026-04-25,N1,Heerenveen,For Sittard,0.5122,0.2685,0.2193,H,0.6144,1-1,0.1209,2-1,H,1,0,1,0.6691,D,-0.0952,-1.0
2026-04-25,E1,Stoke,Portsmouth,0.419,0.2909,0.2901,H,0.4379,1-1,0.138,1-3,A,0,0,0,1.2376,H,0.3171,-1.0
2026-04-25,E1,Sheffield United,Preston,0.5213,0.2668,0.2119,H,0.4834,1-1,0.1271,2-3,A,0,0,0,1.5514,D,-0.0526,-1.0
2026-04-25,E1,QPR,Derby,0.3599,0.2808,0.3593,H,0.4648,1-1,0.1338,2-3,A,0,0,0,1.0236,H,-0.0806,-1.0
2026-04-25,E1,Oxford,Sheffield Weds,0.6348,0.2228,0.1424,H,0.4169,1-0,0.1675,4-1,H,1,0,0,0.4545,,,
2026-04-25,E1,Norwich,Swansea,0.536,0.2544,0.2096,H,0.5314,1-1,0.1209,1-1,D,0,1,0,1.3688,,,
2026-04-25,E1,Birmingham,Bristol City,0.4985,0.2628,0.2387,H,0.4505,1-1,0.1245,2-1,H,1,0,0,0.6962,A,0.3571,-1.0
2026-04-25,N1,Feyenoord,Groningen,0.6744,0.2108,0.1147,H,0.6059,2-0,0.1077,3-1,H,1,0,1,0.3939,H,-0.0471,0.62
2026-04-25,D1,Hamburg,Hoffenheim,0.3038,0.2535,0.4427,A,0.5655,1-1,0.1183,1-2,A,1,0,1,0.8148,H,-0.1111,-1.0
2026-04-25,D1,Mainz,Bayern Munich,0.1116,0.1752,0.7132,A,0.7658,1-2,0.1072,3-4,A,1,0,1,0.338,A,-0.0973,0.67
2026-04-25,B1,Westerlo,Antwerp,0.5483,0.248,0.2037,H,0.4753,1-0,0.1249,2-4,A,0,0,0,1.5912,H,-0.0455,-1.0
2026-04-25,B1,Genk,Standard,0.6456,0.2216,0.1328,H,0.6023,1-1,0.104,1-1,D,0,1,0,1.5067,H,0.051,-1.0
2026-04-25,B1,Oud-Heverlee Leuven,Charleroi,0.3683,0.2973,0.3344,H,0.5183,1-1,0.1406,0-2,A,0,0,0,1.0953,H,0.0784,-1.0
2026-04-25,D1,Heidenheim,St Pauli,0.4076,0.2824,0.31,H,0.4534,1-1,0.1343,2-0,H,1,0,1,0.8974,,,
2026-04-25,D1,FC Koln,Leverkusen,0.2035,0.2165,0.58,A,0.6052,1-2,0.1042,1-2,A,1,1,1,0.5448,A,-0.0314,0.85
2026-04-25,D1,Wolfsburg,M'gladbach,0.3555,0.2853,0.3593,A,0.5561,1-1,0.1328,0-0,D,0,0,0,1.2544,A,-0.0769,-1.0
2026-04-25,P1,Benfica,Moreirense,0.8595,0.0948,0.0456,H,0.5976,2-0,0.1663,4-1,H,1,0,1,0.1514,,,
2026-04-25,P1,Tondela,Nacional,0.3748,0.2901,0.3351,H,0.4493,1-1,0.138,0-2,A,0,0,1,1.0934,H,0.0377,-1.0
2026-04-25,SP1,Alaves,Mallorca,0.406,0.3037,0.2903,H,0.4785,1-1,0.1448,2-1,H,1,0,0,0.9014,A,0.027,-1.0
2026-04-25,N1,NAC Breda,Ajax,0.2147,0.2379,0.5474,A,0.5579,1-1,0.1121,0-2,A,1,0,0,0.6026,A,0.0,1.05
2026-04-25,N1,Twente,Nijmegen,0.4893,0.2804,0.2303,H,0.5736,1-1,0.1296,1-1,D,0,1,0,1.2716,D,-0.0762,3.0
2026-04-25,E1,Charlton,Hull,0.3544,0.274,0.3716,A,0.456,1-1,0.1304,2-1,H,0,0,0,1.0374,,,
2026-04-25,E1,Middlesbrough,Watford,0.6082,0.2264,0.1654,H,0.5093,1-0,0.1229,5-1,H,1,0,1,0.4973,D,0.1585,-1.0
2026-04-25,T1,Goztep,Antalyaspor,0.5645,0.2653,0.1702,H,0.4957,1-1,0.1264,2-0,H,1,0,1,0.5718,,,
2026-04-25,SC0,Aberdeen,Kilmarnock,0.4176,0.2862,0.2962,H,0.5132,1-1,0.1357,1-0,H,1,0,0,0.8732,A,-0.0256,-1.0
2026-04-25,SC0,St Mirren,Livingston,0.5673,0.2647,0.168,H,0.4473,1-0,0.1383,0-2,A,0,0,1,1.7838,,,
2026-04-25,SC0,Celtic,Falkirk,0.7781,0.1465,0.0754,H,0.6743,2-0,0.1131,3-1,H,1,0,1,0.2509,H,0.128,0.41
2026-04-25,E1,West Brom,Ipswich,0.3854,0.2627,0.3519,H,0.4535,1-1,0.1248,0-0,D,0,0,1,1.3368,H,0.1562,-1.0
2026-04-25,SP1,Getafe,Barcelona,0.1365,0.2088,0.6547,A,0.5465,0-1,0.1193,0-2,A,1,0,0,0.4235,A,0.0637,0.67
2026-04-25,SP1,Valencia,Girona,0.4293,0.3025,0.2682,H,0.4329,1-1,0.1434,2-1,H,1,0,0,0.8455,,,
2026-04-25,SP1,Ath Madrid,Ath Bilbao,0.5182,0.2579,0.2239,H,0.5438,1-1,0.1221,3-2,H,1,0,1,0.6574,H,0.1,1.2
2026-04-25,P1,Guimaraes,Rio Ave,0.515,0.2807,0.2043,H,0.5042,1-1,0.1337,2-0,H,1,0,0,0.6636,,,
2026-04-26,SP1,Vallecano,Sociedad,0.4956,0.2779,0.2265,H,0.4671,1-1,0.1322,3-3,D,0,0,0,1.2806,H,0.0,-1.0
2026-04-26,SP1,Oviedo,Elche,0.4337,0.2939,0.2724,H,0.476,1-1,0.1401,1-2,A,0,0,0,1.3006,H,0.0909,-1.0
2026-04-26,E1,Coventry,Wrexham,0.64,0.2066,0.1535,H,0.5241,2-0,0.1221,3-1,H,1,0,1,0.4464,H,0.1932,1.1
2026-04-26,T1,Galatasaray,Fenerbahce,0.483,0.2614,0.2555,H,0.5681,1-1,0.1219,3-0,H,1,0,1,0.7277,H,0.199,1.35
2026-04-26,SP1,Villarreal,Celta,0.5755,0.2468,0.1776,H,0.5357,1-1,0.1174,2-1,H,1,0,1,0.5525,H,0.0733,1.05
2026-04-26,SP1,Osasuna,Sevilla,0.5516,0.2709,0.1775,H,0.4472,1-0,0.1328,2-1,H,1,0,0,0.5949,H,0.0789,1.05
2026-04-26,T1,Genclerbirligi,Kocaelispor,0.334,0.286,0.38,A,0.4681,1-1,0.1363,1-0,H,0,0,1,1.0966,A,0.0255,-1.0
2026-04-26,I1,Genoa,Como,0.2784,0.263,0.4586,A,0.4979,1-1,0.1253,0-2,A,1,0,1,0.7796,H,-0.2174,-1.0
2026-04-26,SC0,Dundee United,Dundee,0.5235,0.2642,0.2123,H,0.5453,1-1,0.1248,3-0,H,1,0,1,0.6473,H,-0.0195,1.01
2026-04-26,I1,Fiorentina,Sassuolo,0.52,0.2751,0.2049,H,0.4394,1-1,0.1298,0-0,D,0,0,1,1.2905,,,
2026-04-26,F1,Le Havre,Metz,0.5403,0.2739,0.1857,H,0.4776,1-1,0.1304,4-4,D,0,0,0,1.2949,D,-0.0762,3.0
2026-04-26,F1,Paris FC,Lille,0.2175,0.2515,0.531,A,0.447,0-1,0.1295,0-1,A,1,1,1,0.6331,A,0.1235,0.91
2026-04-26,F1,Rennes,Nantes,0.7457,0.1663,0.0879,H,0.5846,2-0,0.1332,2-1,H,1,0,1,0.2934,H,-0.0405,0.42
2026-04-26,F1,Marseille,Nice,0.6219,0.239,0.1391,H,0.496,1-0,0.1243,1-1,D,0,0,1,1.4312,,,
2026-04-26,N1,Excelsior,Utrecht,0.2105,0.2169,0.5727,A,0.5884,1-2,0.1017,5-0,H,0,0,1,1.5583,A,0.0,-1.0
2026-04-26,N1,Heracles,Volendam,0.3499,0.2798,0.3703,A,0.5016,1-1,0.1331,0-2,A,1,0,0,0.9934,A,0.0345,2.0
2026-04-26,P1,AVS,Sp Lisbon,0.0897,0.1531,0.7572,A,0.5483,0-2,0.1473,1-1,D,0,0,0,1.8766,D,0.1176,8.5
2026-04-26,P1,Santa Clara,Sp Braga,0.1918,0.2343,0.5739,A,0.4541,0-1,0.1392,2-1,H,0,0,0,1.6513,A,-0.2456,-1.0
2026-04-26,P1,Estrela,Porto,0.1351,0.195,0.6699,A,0.4878,0-1,0.1447,1-2,A,1,0,0,0.4007,,,
2026-04-26,P1,Estoril,Famalicao,0.2986,0.2839,0.4175,A,0.4601,1-1,0.1352,0-1,A,1,0,1,0.8735,,,
2026-04-26,B1,Gent,Club Brugge,0.178,0.2055,0.6165,A,0.6494,1-2,0.1039,0-2,A,1,0,0,0.4836,A,0.1111,0.7
2026-04-26,B1,Mechelen,St Truiden,0.3152,0.2839,0.4009,A,0.5178,1-1,0.1345,1-4,A,1,0,1,0.9139,,,
2026-04-26,B1,Anderlecht,St. Gilloise,0.2057,0.2382,0.5561,A,0.6017,1-1,0.1098,1-3,A,1,0,1,0.5868,A,0.1677,0.95
2026-04-26,B1,Waregem,RAAL La Louviere,0.4401,0.2876,0.2722,H,0.4812,1-1,0.1371,4-0,H,1,0,0,0.8206,,,
2026-04-26,G1,Kifisia,Panetolikos,0.4406,0.2898,0.2696,H,0.3925,1-1,0.1344,0-0,D,0,0,1,1.2387,A,-0.0762,-1.0
2026-04-26,G1,Atromitos,Asteras Tripolis,0.5653,0.2646,0.1701,H,0.3986,1-0,0.1535,2-1,H,1,0,0,0.5703,H,0.1667,1.45
2026-04-26,G1,Larisa,Panserraikos,0.4413,0.2875,0.2713,H,0.3944,1-1,0.1335,0-1,A,0,0,1,1.3046,A,-0.28,3.5
2026-04-26,SC0,Rangers,Motherwell,0.7375,0.1606,0.1019,H,0.6385,2-0,0.1153,2-3,A,0,0,1,2.284,H,-0.0988,-1.0
2026-04-26,SC0,Hibernian,Hearts,0.3078,0.2864,0.4058,A,0.4457,1-1,0.1361,1-2,A,1,0,0,0.9019,,,
2026-04-26,F1,Lorient,Strasbourg,0.3502,0.3008,0.349,H,0.4526,1-1,0.1433,2-3,A,0,0,0,1.0527,A,0.0323,2.2
2026-04-26,I1,Milan,Juventus,0.336,0.2935,0.3704,A,0.4355,1-1,0.1392,0-0,D,0,0,1,1.2257,,,
2026-04-26,I1,Torino,Inter,0.1255,0.1849,0.6897,A,0.6546,0-2,0.0994,2-2,D,0,0,1,1.6881,,,
2026-04-26,D1,Dortmund,Freiburg,0.5917,0.2449,0.1634,H,0.5817,1-1,0.115,4-0,H,1,0,1,0.5247,D,0.05,-1.0
2026-04-26,D1,Stuttgart,Werder Bremen,0.6312,0.2088,0.16,H,0.6423,2-1,0.0992,1-1,D,0,0,0,1.5661,,,
2026-04-27,T1,Alanyaspor,Samsunspor,0.4176,0.3069,0.2755,H,0.4447,1-1,0.1459,2-3,A,0,0,0,1.2892,,,
2026-04-27,I1,Lazio,Udinese,0.5422,0.268,0.1898,H,0.4463,1-0,0.132,3-3,D,0,0,0,1.3166,H,-0.1333,-1.0
2026-04-27,T1,Besiktas,Karagumruk,0.7614,0.1602,0.0784,H,0.6603,2-0,0.1132,0-0,D,0,0,0,1.8312,H,-0.0511,-1.0
2026-04-27,T1,Konyaspor,Trabzonspor,0.2491,0.2629,0.488,A,0.492,1-1,0.1253,2-1,H,0,0,0,1.39,A,0.0488,-1.0
2026-04-27,SP1,Espanol,Levante,0.3538,0.3121,0.3342,H,0.4465,1-1,0.1486,0-0,D,0,0,1,1.1645,A,0.1176,-1.0
2026-04-27,I1,Cagliari,Atalanta,0.2002,0.2401,0.5597,A,0.4615,0-1,0.1313,3-2,H,0,0,0,1.6085,A,0.0405,-1.0
2026-04-27,E0,Man United,Brentford,0.5358,0.2625,0.2017,H,0.5024,1-1,0.1251,2-1,H,1,0,1,0.6239,,,
2026-04-27,P1,Gil Vicente,Casa Pia,0.5478,0.2626,0.1896,H,0.4568,1-0,0.1321,2-1,H,1,0,0,0.6019,A,0.2105,-1.0
2026-04-28,E1,Southampton,Ipswich,0.4988,0.2665,0.2347,H,0.5208,1-1,0.1266,2-2,D,0,0,1,1.3222,H,0.0244,-1.0
2026-04-29,P1,Sp Lisbon,Tondela,0.8698,0.0891,0.0411,H,0.6729,2-0,0.1412,2-2,D,0,0,1,2.4176,,,
2026-05-01,T1,Rizespor,Konyaspor,0.4151,0.2963,0.2887,H,0.4564,1-1,0.1411,3-2,H,1,0,0,0.8793,A,-0.1111,-1.0
2026-05-01,SP1,Girona,Mallorca,0.4365,0.2968,0.2667,H,0.4864,1-1,0.1414,0-1,A,0,0,1,1.3218,,,
2026-05-01,T1,Gaziantep,Besiktas,0.2373,0.2501,0.5125,A,0.5618,1-1,0.1172,0-2,A,1,0,0,0.6684,,,
2026-05-01,I1,Pisa,Lecce,0.4135,0.2825,0.304,H,0.3552,1-0,0.1442,1-2,A,0,0,0,1.1909,H,0.0294,-1.0
2026-05-01,B1,Cercle Brugge,Waregem,0.5522,0.2605,0.1873,H,0.5935,1-1,0.1204,2-3,A,0,0,1,1.6753,H,0.0053,-1.0
2026-05-01,E0,Leeds,Burnley,0.6258,0.2312,0.143,H,0.514,1-0,0.1223,3-1,H,1,0,1,0.4687,A,0.1176,-1.0
2026-05-01,SC0,Livingston,Aberdeen,0.3254,0.2812,0.3934,A,0.4896,1-1,0.134,2-2,D,0,0,0,1.2686,,,
2026-05-02,B1,Charleroi,Genk,0.2648,0.2653,0.4699,A,0.5407,1-1,0.1252,2-0,H,0,0,0,1.3287,A,-0.0588,-1.0
2026-05-02,F1,Metz,Monaco,0.1846,0.2214,0.594,A,0.5577,1-2,0.1054,1-2,A,1,1,1,0.5208,D,-0.0435,-1.0
2026-05-02,E1,Bristol City,Stoke,0.4422,0.2762,0.2816,H,0.5068,1-1,0.1314,2-0,H,1,0,0,0.8161,,,
2026-05-02,F1,Nice,Lens,0.2087,0.2296,0.5617,A,0.5335,1-1,0.1093,1-1,D,0,1,0,1.4713,,,
2026-05-02,F1,Nantes,Marseille,0.2066,0.2284,0.565,A,0.5347,1-1,0.1087,3-0,H,0,0,1,1.577,,,
2026-05-02,D1,Bayern Munich,Heidenheim,0.8778,0.0816,0.0406,H,0.8617,3-0,0.0787,3-3,D,0,0,1,2.5061,,,
2026-05-02,F1,Paris SG,Lorient,0.8341,0.1099,0.056,H,0.677,2-0,0.1276,2-2,D,0,0,1,2.2082,H,-0.0441,-1.0
2026-05-02,B1,Westerlo,Oud-Heverlee Leuven,0.572,0.2496,0.1784,H,0.5171,1-1,0.1189,3-3,D,0,0,1,1.3877,H,0.0,-1.0
2026-05-02,E1,Derby,Sheffield United,0.4275,0.2786,0.2938,H,0.5065,1-1,0.1324,1-2,A,0,0,1,1.2247,A,0.1471,2.9
2026-05-02,E0,Arsenal,Fulham,0.6213,0.2322,0.1465,H,0.5131,1-0,0.1218,3-0,H,1,0,1,0.4759,,,
2026-05-02,E0,Wolves,Sunderland,0.3376,0.2882,0.3742,A,0.4277,1-1,0.1363,1-1,D,0,1,1,1.2439,H,-0.1389,-1.0
2026-05-02,D1,Ein Frankfurt,Hamburg,0.6399,0.2148,0.1452,H,0.6165,1-1,0.0997,1-2,A,0,0,1,1.9294,H,0.0359,-1.0
2026-05-02,E0,Newcastle,Brighton,0.3321,0.2793,0.3886,A,0.4527,1-1,0.1329,3-1,H,0,0,0,1.1023,,,
2026-05-02,E0,Brentford,West Ham,0.5225,0.2692,0.2083,H,0.5012,1-1,0.1283,3-0,H,1,0,1,0.6492,,,
2026-05-02,N1,Utrecht,NAC Breda,0.6605,0.2013,0.1382,H,0.591,2-0,0.1098,2-0,H,1,1,0,0.4148,H,0.0588,0.8
2026-05-02,N1,Groningen,Excelsior,0.4856,0.28,0.2344,H,0.5355,1-1,0.1322,2-3,A,0,0,1,1.4507,D,0.025,-1.0
2026-05-02,N1,Ajax,PSV Eindhoven,0.2864,0.2419,0.4717,A,0.57,1-1,0.1128,2-2,D,0,0,1,1.4192,A,-0.0392,-1.0
2026-05-02,N1,Nijmegen,Telstar,0.6716,0.1964,0.132,H,0.6251,2-0,0.1035,1-1,D,0,0,0,1.6278,H,0.0,-1.0
2026-05-02,I1,Como,Napoli,0.3399,0.2638,0.3963,A,0.4983,1-1,0.1256,0-0,D,0,0,1,1.3325,A,-0.0571,-1.0
2026-05-02,I1,Atalanta,Genoa,0.6133,0.237,0.1497,H,0.5221,1-0,0.1152,0-0,D,0,0,0,1.4398,,,
2026-05-02,P1,Arouca,Santa Clara,0.4173,0.2968,0.2858,H,0.4163,1-1,0.1399,2-2,D,0,0,0,1.2146,H,0.07,-1.0
2026-05-02,P1,Porto,Alverca,0.8375,0.112,0.0504,H,0.6655,2-0,0.1331,1-0,H,1,0,0,0.1773,,,
2026-05-02,P1,Famalicao,Benfica,0.197,0.2503,0.5527,A,0.5909,1-1,0.1156,2-2,D,0,0,1,1.3852,,,
2026-05-02,I1,Udinese,Torino,0.4874,0.2825,0.2301,H,0.4274,1-1,0.1331,2-0,H,1,0,1,0.7187,H,0.15,1.3
2026-05-02,D1,Hoffenheim,Stuttgart,0.3724,0.2705,0.3571,H,0.6162,1-1,0.1205,3-3,D,0,0,1,1.3074,D,0.0244,3.2
2026-05-02,D1,Leverkusen,RB Leipzig,0.3768,0.2844,0.3389,H,0.6176,1-1,0.1259,4-1,H,1,0,1,0.9762,D,0.05,-1.0
2026-05-02,D1,Werder Bremen,Augsburg,0.4701,0.2782,0.2517,H,0.5251,1-1,0.1319,1-3,A,0,0,1,1.3795,,,
2026-05-02,E1,Hull,Norwich,0.3632,0.2918,0.345,H,0.4939,1-1,0.1389,2-1,H,1,0,0,1.0127,A,0.2258,-1.0
2026-05-02,E1,Ipswich,QPR,0.5899,0.229,0.1811,H,0.5726,1-1,0.1079,3-0,H,1,0,1,0.5279,A,0.1111,-1.0
2026-05-02,E1,Millwall,Oxford,0.5255,0.2672,0.2073,H,0.4732,1-1,0.1271,2-0,H,1,0,1,0.6434,D,0.05,-1.0
2026-05-02,E1,Portsmouth,Birmingham,0.3676,0.2873,0.3451,H,0.4447,1-1,0.1365,1-1,D,0,1,1,1.2472,,,
2026-05-02,E1,Preston,Southampton,0.3035,0.2607,0.4358,A,0.5005,1-1,0.1241,1-3,A,1,0,1,0.8306,,,
2026-05-02,E1,Sheffield Weds,West Brom,0.1827,0.2256,0.5917,A,0.5638,1-2,0.1288,2-1,H,0,0,1,1.7,,,
2026-05-02,E1,Swansea,Charlton,0.4729,0.2827,0.2444,H,0.4533,1-1,0.1343,3-1,H,1,0,0,0.7489,D,0.0556,-1.0
2026-05-02,E1,Watford,Coventry,0.2148,0.2197,0.5655,A,0.525,0-1,0.1139,0-4,A,1,0,1,0.57,A,-0.1767,0.91
2026-05-02,E1,Wrexham,Middlesbrough,0.2586,0.2731,0.4683,A,0.468,1-1,0.1301,2-2,D,0,0,0,1.298,A,0.119,-1.0
2026-05-02,G1,Asteras Tripolis,Atromitos,0.2833,0.2912,0.4255,A,0.4151,1-1,0.1368,4-2,H,0,0,0,1.2612,A,0.0976,-1.0
2026-05-02,D1,Union Berlin,FC Koln,0.3865,0.29,0.3235,H,0.5186,1-1,0.1372,2-2,D,0,0,1,1.2379,,,
2026-05-02,T1,Samsunspor,Galatasaray,0.2131,0.2412,0.5457,A,0.5595,1-1,0.1133,4-1,H,0,0,1,1.5458,,,
2026-05-02,T1,Fenerbahce,Buyuksehyr,0.6078,0.2174,0.1748,H,0.5808,1-1,0.1027,3-1,H,1,0,1,0.4979,,,
2026-05-02,G1,Panserraikos,Larisa,0.4333,0.287,0.2798,H,0.4096,1-1,0.1345,1-1,D,0,1,1,1.2484,H,-0.1188,-1.0
2026-05-02,T1,Trabzonspor,Goztep,0.5309,0.2651,0.2039,H,0.5361,1-1,0.1257,1-1,D,0,1,0,1.3275,,,
2026-05-02,SP1,Osasuna,Barcelona,0.1602,0.215,0.6247,A,0.5429,0-1,0.1132,1-2,A,1,0,1,0.4704,A,0.018,0.7
2026-05-02,B1,St Truiden,St. Gilloise,0.1858,0.2374,0.5768,A,0.5353,1-1,0.1129,2-1,H,0,0,1,1.683,A,0.0,-1.0
2026-05-02,P1,Nacional,AVS,0.5212,0.2705,0.2083,H,0.4231,1-0,0.1333,1-2,A,0,0,0,1.569,A,0.12,6.0
2026-05-02,E1,Blackburn,Leicester,0.3279,0.2813,0.3908,A,0.5073,1-1,0.1337,0-1,A,1,0,0,0.9396,A,0.0,2.2
2026-05-02,SC0,Dundee,St Mirren,0.4096,0.2923,0.2982,H,0.4572,1-1,0.1392,1-0,H,1,0,1,0.8927,H,0.1136,1.45
2026-05-02,SC0,Falkirk,Motherwell,0.3298,0.2685,0.4017,A,0.5063,1-1,0.1277,1-0,H,0,0,0,1.1094,,,
2026-05-02,G1,Panetolikos,Kifisia,0.3537,0.2953,0.3509,H,0.4141,1-1,0.1391,0-1,A,0,0,1,1.0472,A,0.1481,2.1
2026-05-02,SC0,Kilmarnock,Dundee United,0.297,0.2775,0.4255,A,0.5294,1-1,0.1311,3-0,H,0,0,1,1.214,A,-0.0806,-1.0
2026-05-02,SP1,Villarreal,Levante,0.6632,0.2252,0.1116,H,0.4902,1-0,0.1361,5-1,H,1,0,0,0.4107,H,-0.0286,0.7
2026-05-02,SP1,Valencia,Ath Madrid,0.3368,0.2676,0.3957,A,0.4698,1-1,0.1275,0-2,A,1,0,1,0.9272,A,-0.0762,3.0
2026-05-02,SP1,Alaves,Ath Bilbao,0.3465,0.2885,0.3651,A,0.4697,1-1,0.1375,2-4,A,1,0,0,1.0077,,,
2026-05-02,P1,Moreirense,Estrela,0.4257,0.2964,0.2778,H,0.4588,1-1,0.1412,3-2,H,1,0,0,0.8539,H,-0.1935,1.5
2026-05-03,B1,Anderlecht,Club Brugge,0.2009,0.2237,0.5754,A,0.6625,1-1,0.0979,1-3,A,1,0,1,0.5527,,,
2026-05-03,B1,Antwerp,Standard,0.4693,0.2868,0.2439,H,0.4981,1-1,0.1366,0-5,A,0,0,0,1.4111,,,
2026-05-03,G1,PAOK,Olympiakos,0.2648,0.2763,0.4589,A,0.4423,1-1,0.1308,3-1,H,0,0,0,1.3289,A,-0.098,-1.0
2026-05-03,G1,OFI Crete,Aris,0.2404,0.2739,0.4857,A,0.4743,1-1,0.1304,0-2,A,1,0,1,0.7221,A,-0.0444,1.15
2026-05-03,I1,Sassuolo,Milan,0.2478,0.2679,0.4843,A,0.4545,1-1,0.127,2-0,H,0,0,1,1.3951,H,0.0,3.5
2026-05-03,I1,Juventus,Verona,0.8277,0.1176,0.0547,H,0.6066,2-0,0.1513,1-1,D,0,0,0,2.1405,,,
2026-05-03,I1,Inter,Parma,0.7951,0.1375,0.0674,H,0.6508,2-0,0.1259,2-0,H,1,1,0,0.2292,,,
2026-05-03,G1,Levadeiakos,Volos NFC,0.4398,0.2997,0.2606,H,0.4445,1-1,0.1424,5-2,H,1,0,0,0.8215,A,0.0,-1.0
2026-05-03,B1,Mechelen,Gent,0.3494,0.2887,0.3619,A,0.489,1-1,0.1375,1-0,H,0,0,1,1.0516,,,
2026-05-03,G1,Panathinaikos,AEK,0.3748,0.2885,0.3367,H,0.4438,1-1,0.1371,0-0,D,0,0,1,1.243,H,-0.2379,-1.0
2026-05-03,F1,Strasbourg,Toulouse,0.5473,0.2527,0.2,H,0.5348,1-1,0.1201,1-2,A,0,0,1,1.6095,H,-0.1233,-1.0
2026-05-03,P1,Sp Braga,Estoril,0.7243,0.1872,0.0885,H,0.4838,1-0,0.1568,1-1,D,0,0,1,1.6756,H,0.098,-1.0
2026-05-03,D1,St Pauli,Mainz,0.3086,0.261,0.4305,A,0.5145,1-1,0.1241,1-2,A,1,0,1,0.8429,A,0.04,1.6
2026-05-03,T1,Kayserispor,Eyupspor,0.4531,0.3007,0.2462,H,0.4173,1-1,0.1413,1-1,D,0,1,1,1.2015,D,-0.0385,2.75
2026-05-03,T1,Kasimpasa,Kocaelispor,0.4419,0.2991,0.259,H,0.4285,1-1,0.1415,1-1,D,0,1,1,1.2069,,,
2026-05-03,T1,Karagumruk,Genclerbirligi,0.4808,0.2922,0.2269,H,0.4121,1-1,0.1367,1-0,H,1,0,1,0.7322,H,0.0936,1.57
2026-05-03,T1,Antalyaspor,Alanyaspor,0.3278,0.2917,0.3804,A,0.48,1-1,0.139,0-0,D,0,0,1,1.2319,,,
2026-05-03,D1,M'gladbach,Dortmund,0.1929,0.2152,0.5919,A,0.6361,1-2,0.0982,1-0,H,0,0,0,1.6458,A,0.0053,-1.0
2026-05-03,SP1,Espanol,Real Madrid,0.1091,0.1704,0.7204,A,0.6279,0-2,0.1141,0-2,A,1,1,0,0.3279,A,-0.0114,0.73
2026-05-03,SP1,Betis,Oviedo,0.6037,0.2446,0.1517,H,0.5584,1-1,0.116,3-0,H,1,0,1,0.5046,,,
2026-05-03,SP1,Getafe,Vallecano,0.3841,0.3034,0.3125,H,0.4151,1-1,0.1431,0-2,A,0,0,1,1.1632,A,0.0244,3.2
2026-05-03,SP1,Celta,Elche,0.5382,0.2709,0.191,H,0.5161,1-1,0.1289,3-1,H,1,0,1,0.6196,,,
2026-05-03,D1,Freiburg,Wolfsburg,0.6389,0.2183,0.1427,H,0.6038,1-1,0.1021,1-1,D,0,1,0,1.5217,H,0.2439,-1.0
2026-05-03,SC0,Hibernian,Celtic,0.2,0.2422,0.5578,A,0.5322,1-1,0.1152,1-2,A,1,0,1,0.5838,,,
2026-05-03,P1,Casa Pia,Tondela,0.4727,0.2751,0.2522,H,0.4414,1-1,0.1301,0-1,A,0,0,1,1.3774,H,-0.0222,-1.0
2026-05-03,I1,Bologna,Cagliari,0.5786,0.2568,0.1646,H,0.4425,1-0,0.142,0-0,D,0,0,1,1.3593,H,-0.2,-1.0
2026-05-03,F1,Lille,Le Havre,0.7522,0.1673,0.0805,H,0.5046,2-0,0.1567,1-1,D,0,0,0,1.7879,H,0.029,-1.0
2026-05-03,F1,Auxerre,Angers,0.5073,0.2734,0.2193,H,0.4573,1-1,0.1298,3-1,H,1,0,0,0.6787,A,0.2222,-1.0
2026-05-03,F1,Paris FC,Brest,0.4498,0.2781,0.2721,H,0.4581,1-1,0.1323,4-0,H,1,0,0,0.7988,,,
2026-05-03,F1,Lyon,Rennes,0.3755,0.2915,0.3329,H,0.4885,1-1,0.1389,4-2,H,1,0,0,0.9794,D,-0.0789,-1.0
2026-05-03,E0,Man United,Liverpool,0.4525,0.2766,0.2709,H,0.5186,1-1,0.1312,3-2,H,1,0,1,0.793,H,-0.0213,1.3
2026-05-03,E0,Bournemouth,Crystal Palace,0.5341,0.2666,0.1993,H,0.4544,1-0,0.1311,3-0,H,1,0,0,0.6271,D,0.0,-1.0
2026-05-03,N1,Volendam,Heerenveen,0.2935,0.2385,0.468,A,0.5965,1-1,0.1094,0-2,A,1,0,0,0.7593,,,
2026-05-03,N1,For Sittard,Feyenoord,0.1742,0.2153,0.6105,A,0.6268,1-2,0.1002,1-2,A,1,1,1,0.4935,,,
2026-05-03,N1,Zwolle,Heracles,0.5495,0.262,0.1885,H,0.5371,1-1,0.1244,1-0,H,1,0,0,0.5987,D,0.0526,-1.0
2026-05-03,N1,AZ Alkmaar,Twente,0.4352,0.2877,0.2771,H,0.5137,1-1,0.1365,2-2,D,0,0,1,1.2457,H,0.2,-1.0
2026-05-03,N1,Sparta Rotterdam,Go Ahead Eagles,0.3941,0.2969,0.309,H,0.5032,1-1,0.141,2-2,D,0,0,1,1.2144,D,0.0,2.9
2026-05-03,P1,Rio Ave,Gil Vicente,0.3528,0.2943,0.3529,A,0.4775,1-1,0.1403,0-0,D,0,0,1,1.2233,H,-0.05,-1.0
2026-05-03,E0,Aston Villa,Tottenham,0.601,0.2351,0.1639,H,0.5288,1-0,0.1133,1-2,A,0,0,1,1.8087,H,-0.0444,-1.0
2026-05-04,E0,Chelsea,Nott'm Forest,0.3989,0.2888,0.3123,H,0.4926,1-1,0.1375,1-3,A,0,0,0,1.1639,A,-0.3214,3.75
2026-05-04,E0,Everton,Man City,0.2501,0.2225,0.5274,A,0.6043,1-1,0.1025,3-3,D,0,0,1,1.5027,H,0.0,-1.0
2026-05-04,SC0,Hearts,Rangers,0.2992,0.2532,0.4476,A,0.5187,1-1,0.1204,2-1,H,0,0,1,1.2068,A,0.0667,-1.0
2026-05-04,I1,Roma,Fiorentina,0.4873,0.2879,0.2247,H,0.4774,1-1,0.1372,4-0,H,1,0,0,0.7188,D,-0.03,-1.0
2026-05-04,I1,Cremonese,Lazio,0.2188,0.2561,0.5252,A,0.4405,0-1,0.1344,1-2,A,1,0,0,0.644,A,0.0504,1.5
2026-05-04,SP1,Sevilla,Sociedad,0.3477,0.2872,0.3652,A,0.4695,1-1,0.1369,1-0,H,0,0,1,1.0565,A,-0.0645,-1.0
2026-05-04,P1,Sp Lisbon,Guimaraes,0.7788,0.1437,0.0775,H,0.6638,2-0,0.1172,5-1,H,1,0,1,0.25,,,
2026-05-08,F1,Lens,Nantes,0.7649,0.1562,0.0788,H,0.631,2-0,0.1241,1-0,H,1,0,0,0.268,H,0.0,0.45
2026-05-08,SP1,Levante,Osasuna,0.3315,0.2928,0.3756,A,0.4507,1-1,0.1394,3-2,H,0,0,0,1.104,A,0.0667,-1.0
2026-05-08,I1,Torino,Sassuolo,0.3795,0.3105,0.31,H,0.4296,1-1,0.1473,2-1,H,1,0,0,0.969,,,
2026-05-08,B1,Standard,Oud-Heverlee Leuven,0.5368,0.2585,0.2047,H,0.5277,1-1,0.1228,2-1,H,1,0,1,0.6222,H,0.0526,1.0
2026-05-08,D1,Dortmund,Ein Frankfurt,0.5944,0.233,0.1726,H,0.59,1-1,0.109,3-2,H,1,0,1,0.5201,,,
2026-05-09,I1,Lazio,Inter,0.2271,0.2386,0.5343,A,0.542,1-1,0.1131,0-3,A,1,0,1,0.6268,,,
2026-05-09,I1,Lecce,Juventus,0.1071,0.1945,0.6985,A,0.4534,0-2,0.1565,0-1,A,1,0,1,0.3588,A,0.0357,0.45
2026-05-09,SC0,Aberdeen,Dundee United,0.3434,0.3001,0.3565,A,0.4681,1-1,0.143,2-0,H,0,0,1,1.0689,A,-0.0588,-1.0
2026-05-09,D1,Augsburg,M'gladbach,0.453,0.2865,0.2606,H,0.5234,1-1,0.1356,3-1,H,1,0,1,0.792,D,-0.0625,-1.0
2026-05-09,SC0,Motherwell,Hearts,0.2918,0.2872,0.4211,A,0.4866,1-1,0.1368,1-1,D,0,1,1,1.2477,A,0.0435,-1.0
2026-05-09,SC0,St Mirren,Kilmarnock,0.4288,0.2895,0.2818,H,0.4319,1-1,0.137,0-3,A,0,0,0,1.2667,A,-0.0263,2.7
2026-05-09,I1,Cagliari,Udinese,0.3112,0.3024,0.3864,A,0.3957,1-1,0.1412,0-2,A,1,0,1,0.9509,A,-0.0333,1.9
2026-05-09,SC0,Falkirk,Hibernian,0.3744,0.29,0.3355,H,0.4446,1-1,0.1378,1-3,A,0,0,0,1.0921,,,
2026-05-09,SC0,Dundee,Livingston,0.5287,0.2639,0.2074,H,0.5447,1-1,0.1246,3-0,H,1,0,1,0.6374,D,0.0,-1.0
2026-05-09,D1,RB Leipzig,St Pauli,0.7991,0.1291,0.0718,H,0.6512,2-0,0.1266,2-1,H,1,0,1,0.2243,H,0.0236,0.3
2026-05-09,D1,Stuttgart,Leverkusen,0.4041,0.2624,0.3335,H,0.6276,1-1,0.116,3-1,H,1,0,1,0.906,,,
2026-05-09,D1,Wolfsburg,Bayern Munich,0.1126,0.1589,0.7285,A,0.7593,1-2,0.096,0-1,A,1,0,0,0.3168,A,0.1149,0.65
2026-05-09,E0,Man City,Brentford,0.7188,0.1658,0.1154,H,0.612,2-0,0.1185,3-0,H,1,0,1,0.3302,,,
2026-05-09,E0,Sunderland,Man United,0.217,0.2425,0.5405,A,0.5205,1-1,0.1155,0-0,D,0,0,0,1.4166,A,-0.1395,-1.0
2026-05-09,E0,Fulham,Bournemouth,0.3227,0.2874,0.3898,A,0.4297,1-1,0.136,0-1,A,1,0,1,0.942,,,
2026-05-09,E0,Brighton,Wolves,0.7297,0.1697,0.1006,H,0.5662,2-0,0.1331,3-0,H,1,0,1,0.3151,,,
2026-05-09,E0,Liverpool,Chelsea,0.5949,0.2341,0.171,H,0.5149,1-0,0.1167,1-1,D,0,0,0,1.4522,H,-0.085,-1.0
2026-05-09,B1,RAAL La Louviere,Cercle Brugge,0.2904,0.2809,0.4287,A,0.5551,1-1,0.1311,4-1,H,0,0,1,1.2366,,,
2026-05-09,B1,Waregem,Dender,0.5588,0.2437,0.1974,H,0.5582,1-1,0.115,2-1,H,1,0,1,0.5819,,,
2026-05-09,B1,Club Brugge,St Truiden,0.6895,0.1842,0.1263,H,0.6467,2-0,0.1016,2-0,H,1,1,0,0.3719,H,0.0507,0.45
2026-05-09,G1,Panserraikos,Kifisia,0.332,0.2942,0.3738,A,0.4035,1-1,0.1377,1-2,A,1,0,0,0.9839,H,-0.0571,-1.0
2026-05-09,D1,Hoffenheim,Werder Bremen,0.5443,0.2503,0.2053,H,0.6241,1-1,0.1128,1-0,H,1,0,0,0.6082,D,0.0526,-1.0
2026-05-09,G1,Larisa,Asteras Tripolis,0.4297,0.2898,0.2805,H,0.4025,1-1,0.1354,1-1,D,0,1,1,1.2387,H,-0.1296,-1.0
2026-05-09,G1,Atromitos,Panetolikos,0.5068,0.2788,0.2145,H,0.4198,1-0,0.1338,1-2,A,0,0,0,1.5396,H,0.129,-1.0
2026-05-09,T1,Eyupspor,Rizespor,0.3088,0.2951,0.3962,A,0.4666,1-1,0.1406,4-0,H,0,0,0,1.1752,A,0.3778,-1.0
2026-05-09,T1,Genclerbirligi,Kasimpasa,0.3632,0.2942,0.3426,H,0.4436,1-1,0.1398,3-2,H,1,0,0,1.0127,A,-0.1176,-1.0
2026-05-09,T1,Goztep,Gaziantep,0.5659,0.2581,0.176,H,0.5613,1-1,0.1215,2-1,H,1,0,1,0.5694,D,0.0,-1.0
2026-05-09,T1,Kocaelispor,Karagumruk,0.4319,0.307,0.2612,H,0.4038,1-1,0.1438,0-1,A,0,0,1,1.3426,D,0.0,-1.0
2026-05-09,SP1,Elche,Alaves,0.4193,0.2799,0.3009,H,0.5152,1-1,0.1328,1-1,D,0,1,0,1.2734,,,
2026-05-09,T1,Konyaspor,Fenerbahce,0.1838,0.2372,0.5791,A,0.6048,1-1,0.109,0-3,A,1,0,1,0.5464,H,0.2778,-1.0
2026-05-09,T1,Buyuksehyr,Samsunspor,0.4314,0.2777,0.2908,H,0.4874,1-1,0.1324,3-0,H,1,0,0,0.8406,A,-0.025,-1.0
2026-05-09,T1,Alanyaspor,Kayserispor,0.5007,0.2871,0.2122,H,0.4407,1-1,0.1358,3-1,H,1,0,0,0.6917,H,-0.14,1.15
2026-05-09,T1,Besiktas,Trabzonspor,0.5052,0.2729,0.2219,H,0.4839,1-1,0.1301,1-2,A,0,0,0,1.5056,H,0.2202,-1.0
2026-05-09,T1,Galatasaray,Antalyaspor,0.8043,0.1375,0.0583,H,0.5999,2-0,0.1433,4-2,H,1,0,1,0.2178,,,
2026-05-09,SP1,Sevilla,Espanol,0.4811,0.2887,0.2302,H,0.4037,1-1,0.1342,2-1,H,1,0,0,0.7316,,,
2026-05-09,SP1,Ath Madrid,Celta,0.5932,0.2386,0.1682,H,0.5755,1-1,0.1121,0-1,A,0,0,0,1.7828,H,0.1389,-1.0
2026-05-09,SP1,Sociedad,Betis,0.32,0.2932,0.3868,A,0.5003,1-1,0.1394,2-2,D,0,0,1,1.2268,A,0.0266,-1.0
2026-05-10,N1,Excelsior,Volendam,0.5242,0.2604,0.2153,H,0.5128,1-1,0.124,1-1,D,0,1,0,1.3454,,,
2026-05-10,N1,Feyenoord,AZ Alkmaar,0.5365,0.26,0.2035,H,0.5255,1-1,0.1235,1-1,D,0,1,0,1.347,,,
2026-05-10,N1,For Sittard,Zwolle,0.4449,0.297,0.2582,H,0.52,1-1,0.1406,3-2,H,1,0,1,0.81,D,0.0,-1.0
2026-05-10,N1,Groningen,Nijmegen,0.2713,0.2742,0.4545,A,0.6194,1-1,0.1221,2-1,H,0,0,1,1.3044,,,
2026-05-10,SP1,Barcelona,Real Madrid,0.5296,0.2597,0.2108,H,0.5024,1-1,0.1238,2-0,H,1,0,0,0.6357,D,0.0526,-1.0
2026-05-10,N1,NAC Breda,Heerenveen,0.3072,0.2377,0.4551,A,0.5457,1-1,0.1122,2-0,H,0,0,0,1.1802,A,-0.0192,-1.0
2026-05-10,N1,Telstar,Heracles,0.5977,0.2377,0.1646,H,0.5238,1-0,0.1157,3-0,H,1,0,1,0.5147,D,0.1053,-1.0
2026-05-10,N1,Twente,Sparta Rotterdam,0.6401,0.2253,0.1345,H,0.5745,2-0,0.1077,4-0,H,1,0,1,0.4461,D,0.0526,-1.0
2026-05-10,N1,Go Ahead Eagles,PSV Eindhoven,0.1809,0.2182,0.6009,A,0.6402,1-2,0.1053,1-4,A,1,0,1,0.5093,,,
2026-05-10,F1,Toulouse,Lyon,0.2551,0.2722,0.4727,A,0.501,1-1,0.1296,2-1,H,0,0,1,1.3662,H,0.1703,3.33
2026-05-10,F1,Le Havre,Marseille,0.2341,0.2525,0.5133,A,0.507,1-1,0.1203,0-1,A,1,0,0,0.6668,A,0.0526,1.0
2026-05-10,F1,Paris SG,Brest,0.8473,0.0993,0.0534,H,0.6525,2-0,0.1419,1-0,H,1,0,0,0.1657,,,
2026-05-10,F1,Monaco,Lille,0.3325,0.2907,0.3767,A,0.4511,1-1,0.1383,0-1,A,1,0,1,0.9762,D,0.027,-1.0
2026-05-10,F1,Metz,Lorient,0.282,0.235,0.4829,A,0.4806,0-1,0.118,0-4,A,1,0,0,0.7279,A,-0.0652,1.15
2026-05-10,F1,Auxerre,Nice,0.4278,0.2829,0.2893,H,0.4399,1-1,0.1342,2-1,H,1,0,0,0.8491,H,0.0294,1.45
2026-05-10,F1,Angers,Strasbourg,0.2524,0.2542,0.4934,A,0.5265,1-1,0.1208,1-1,D,0,1,0,1.3697,A,-0.0588,-1.0
2026-05-10,G1,Volos NFC,Levadeiakos,0.3762,0.2869,0.3369,H,0.4229,1-1,0.1354,0-3,A,0,0,0,1.088,,,
2026-05-10,D1,Mainz,Union Berlin,0.5701,0.2495,0.1804,H,0.5629,1-1,0.1177,1-3,A,0,0,1,1.7127,,,
2026-05-10,D1,FC Koln,Heidenheim,0.5062,0.2643,0.2296,H,0.5682,1-1,0.1234,1-3,A,0,0,1,1.4716,D,0.0,-1.0
2026-05-10,SC0,Celtic,Rangers,0.4593,0.2634,0.2773,H,0.5944,1-1,0.1204,3-1,H,1,0,1,0.778,,,
2026-05-10,SP1,Oviedo,Getafe,0.4076,0.3083,0.2841,H,0.4131,1-1,0.1453,0-0,D,0,0,1,1.1765,H,0.0714,-1.0
2026-05-10,D1,Hamburg,Freiburg,0.3072,0.2655,0.4273,A,0.5482,1-1,0.1247,3-2,H,0,0,1,1.1804,A,0.0909,-1.0
2026-05-10,F1,Rennes,Paris FC,0.5767,0.2505,0.1728,H,0.5676,1-1,0.1179,2-1,H,1,0,1,0.5504,D,0.0,-1.0
2026-05-10,G1,Aris,OFI Crete,0.6156,0.2347,0.1497,H,0.4467,1-0,0.1481,3-1,H,1,0,0,0.4852,H,0.0805,0.61
2026-05-10,N1,Ajax,Utrecht,0.5269,0.2566,0.2165,H,0.5699,1-1,0.12,1-2,A,0,0,1,1.5301,D,0.031,-1.0
2026-05-10,G1,Olympiakos,PAOK,0.5635,0.2488,0.1877,H,0.4652,1-0,0.1329,1-1,D,0,0,1,1.391,,,
2026-05-10,E0,Burnley,Aston Villa,0.2142,0.2378,0.548,A,0.522,1-1,0.1133,2-2,D,0,0,1,1.4363,,,
2026-05-10,G1,AEK,Panathinaikos,0.4869,0.2651,0.2481,H,0.4442,1-1,0.1252,2-1,H,1,0,0,0.7198,A,-0.0385,-1.0
2026-05-10,B1,Genk,Westerlo,0.5812,0.2425,0.1763,H,0.5996,1-1,0.1125,3-0,H,1,0,1,0.5427,,,
2026-05-10,B1,St. Gilloise,Mechelen,0.8094,0.1262,0.0643,H,0.633,2-0,0.1357,3-0,H,1,0,1,0.2114,H,-0.0634,0.33
2026-05-10,B1,Antwerp,Charleroi,0.4034,0.2927,0.3039,H,0.4994,1-1,0.1392,0-1,A,0,0,1,1.1909,,,
2026-05-10,B1,Gent,Anderlecht,0.402,0.2891,0.3089,H,0.5158,1-1,0.1369,1-1,D,0,1,0,1.241,,,
2026-05-10,SP1,Mallorca,Villarreal,0.2227,0.249,0.5283,A,0.5173,1-1,0.1185,1-1,D,0,1,0,1.3904,A,0.0909,-1.0
2026-05-10,SP1,Ath Bilbao,Valencia,0.5049,0.2847,0.2104,H,0.5008,1-1,0.1356,0-1,A,0,0,0,1.5588,D,0.0,-1.0
2026-05-10,P1,AVS,Porto,0.1012,0.1769,0.7219,A,0.568,0-2,0.1314,3-1,H,0,0,1,2.2906,D,0.2381,-1.0
2026-05-10,P1,Alverca,Estoril,0.4412,0.2969,0.2619,H,0.4283,1-1,0.1404,1-1,D,0,1,1,1.2145,H,-0.06,-1.0
2026-05-10,E0,Crystal Palace,Everton,0.3707,0.284,0.3453,H,0.5192,1-1,0.1344,2-2,D,0,0,1,1.2587,,,
2026-05-10,E0,Nott'm Forest,Newcastle,0.4787,0.2621,0.2592,H,0.5109,1-1,0.1246,1-1,D,0,1,0,1.3391,H,-0.2571,-1.0
2026-05-10,I1,Fiorentina,Genoa,0.4452,0.2955,0.2593,H,0.404,1-1,0.1383,0-0,D,0,0,1,1.219,,,
2026-05-10,I1,Milan,Atalanta,0.408,0.2906,0.3014,H,0.461,1-1,0.1384,2-3,A,0,0,0,1.1992,A,0.0769,2.5
2026-05-10,E0,West Ham,Arsenal,0.1722,0.2332,0.5945,A,0.6005,1-1,0.1085,0-1,A,1,0,0,0.52,,,
2026-05-10,I1,Parma,Roma,0.2236,0.2547,0.5216,A,0.4438,0-1,0.128,2-3,A,1,0,0,0.6508,H,-0.2647,-1.0
2026-05-10,I1,Cremonese,Pisa,0.4497,0.2763,0.2739,H,0.4134,1-0,0.1316,3-0,H,1,0,0,0.7991,A,0.2821,-1.0
2026-05-10,I1,Verona,Como,0.2039,0.2344,0.5618,A,0.449,0-1,0.137,0-1,A,1,1,1,0.5767,H,0.0,-1.0
2026-05-11,I1,Napoli,Bologna,0.6012,0.2401,0.1587,H,0.4301,1-0,0.1529,2-3,A,0,0,0,1.8408,,,
2026-05-11,E0,Tottenham,Leeds,0.3251,0.2918,0.3831,A,0.456,1-1,0.139,1-1,D,0,1,1,1.2316,A,-0.1071,-1.0
2026-05-11,P1,Tondela,Moreirense,0.4182,0.2807,0.301,H,0.4221,1-1,0.1323,2-0,H,1,0,1,0.8717,A,0.025,-1.0
2026-05-11,P1,Santa Clara,Nacional,0.4528,0.2934,0.2538,H,0.4385,1-1,0.1391,2-0,H,1,0,1,0.7924,,,
2026-05-11,P1,Gil Vicente,Arouca,0.4858,0.2784,0.2358,H,0.4552,1-1,0.1323,1-3,A,0,0,0,1.4448,A,-0.05,3.75
2026-05-11,P1,Guimaraes,Casa Pia,0.6446,0.2194,0.136,H,0.5313,2-0,0.1195,0-1,A,0,0,0,1.9951,H,0.0301,-1.0
2026-05-11,SP1,Vallecano,Girona,0.5493,0.2594,0.1913,H,0.4767,1-1,0.1234,1-1,D,0,1,1,1.3493,H,0.0222,-1.0
2026-05-11,P1,Rio Ave,Sp Lisbon,0.1286,0.1797,0.6917,A,0.5952,0-2,0.1162,1-4,A,1,0,1,0.3687,H,-0.2308,-1.0
2026-05-11,P1,Benfica,Sp Braga,0.6411,0.2039,0.155,H,0.5739,2-0,0.1088,2-2,D,0,0,1,1.5899,,,
2026-05-11,P1,Estrela,Famalicao,0.2474,0.2473,0.5053,A,0.4781,0-1,0.1195,0-0,D,0,0,1,1.3971,A,-0.0439,-1.0
2026-05-12,G1,Panetolikos,Larisa,0.4638,0.2945,0.2418,H,0.4139,1-1,0.1381,1-1,D,0,1,1,1.2225,H,-0.1429,-1.0
2026-05-12,SP1,Celta,Levante,0.4827,0.281,0.2363,H,0.5443,1-1,0.1324,2-3,A,0,0,1,1.4425,D,0.027,-1.0
2026-05-12,SP1,Betis,Elche,0.5879,0.2509,0.1612,H,0.5519,1-1,0.1188,2-1,H,1,0,1,0.5312,D,0.0561,-1.0
2026-05-12,G1,Kifisia,Atromitos,0.4541,0.2874,0.2585,H,0.3699,1-0,0.1428,0-3,A,0,0,0,1.3529,H,-0.1321,-1.0
2026-05-12,G1,Asteras Tripolis,Panserraikos,0.4217,0.296,0.2823,H,0.383,1-1,0.1368,1-0,H,1,0,1,0.8635,A,0.0,-1.0
2026-05-12,SC0,Kilmarnock,Dundee,0.4846,0.2789,0.2365,H,0.503,1-1,0.1327,3-1,H,1,0,1,0.7244,,,
2026-05-12,SC0,Dundee United,Livingston,0.608,0.2361,0.1559,H,0.5153,1-0,0.1178,0-0,D,0,0,0,1.4437,H,0.0,-1.0
2026-05-12,SC0,Aberdeen,St Mirren,0.4383,0.2966,0.2651,H,0.3756,1-0,0.1382,0-2,A,0,0,1,1.3276,D,0.0294,-1.0
2026-05-12,SP1,Osasuna,Ath Madrid,0.3393,0.2825,0.3782,A,0.4906,1-1,0.1346,1-2,A,1,0,0,0.9723,,,
2026-05-13,G1,Levadeiakos,OFI Crete,0.5371,0.2765,0.1864,H,0.4432,1-0,0.133,3-2,H,1,0,0,0.6215,D,0.05,-1.0
2026-05-13,G1,PAOK,AEK,0.3243,0.2995,0.3763,A,0.3853,1-1,0.1389,1-1,D,0,1,1,1.2058,A,0.3889,-1.0
2026-05-13,G1,Olympiakos,Panathinaikos,0.53,0.2568,0.2132,H,0.4476,1-0,0.125,1-0,H,1,1,1,0.6349,A,0.0,-1.0
2026-05-13,SP1,Alaves,Barcelona,0.1017,0.1691,0.7292,A,0.6143,0-2,0.1204,1-0,H,0,0,0,2.2862,A,-0.0227,-1.0
2026-05-13,G1,Volos NFC,Aris,0.2501,0.2635,0.4864,A,0.4745,1-1,0.1255,1-2,A,1,0,0,0.7207,H,0.3531,-1.0
2026-05-13,SP1,Getafe,Mallorca,0.3724,0.3006,0.3271,H,0.4602,1-1,0.1432,3-1,H,1,0,0,0.9879,A,-0.0278,-1.0
2026-05-13,SP1,Espanol,Ath Bilbao,0.3194,0.2831,0.3974,A,0.4834,1-1,0.135,2-0,H,0,0,1,1.1412,A,-0.0625,-1.0
2026-05-13,SC0,Hearts,Falkirk,0.7071,0.1802,0.1127,H,0.5886,2-0,0.1221,3-0,H,1,0,1,0.3466,H,0.0144,0.41
2026-05-13,SC0,Motherwell,Celtic,0.1945,0.2186,0.5869,A,0.5678,1-2,0.1068,2-3,A,1,0,1,0.5329,,,
2026-05-13,SC0,Rangers,Hibernian,0.6944,0.1911,0.1145,H,0.5788,2-0,0.1209,1-2,A,0,0,1,2.1676,H,-0.0268,-1.0
2026-05-13,F1,Brest,Strasbourg,0.3242,0.2913,0.3845,A,0.4373,1-1,0.1382,1-2,A,1,0,0,0.9558,,,
2026-05-13,F1,Lens,Paris SG,0.2933,0.2548,0.452,A,0.5735,1-1,0.1182,0-2,A,1,0,0,0.7941,,,
2026-05-13,E0,Man City,Crystal Palace,0.7944,0.1265,0.0791,H,0.5838,2-0,0.1475,3-0,H,1,0,1,0.2302,,,
2026-05-13,SP1,Villarreal,Sevilla,0.6988,0.2,0.1012,H,0.5568,2-0,0.1273,2-3,A,0,0,1,2.2905,H,0.0,-1.0
2026-05-14,SP1,Real Madrid,Oviedo,0.8015,0.1359,0.0626,H,0.6239,2-0,0.1364,2-0,H,1,1,0,0.2213,,,
2026-05-14,SP1,Girona,Sociedad,0.4085,0.2965,0.2951,H,0.4589,1-1,0.1412,1-1,D,0,1,1,1.2158,D,0.0,2.8
2026-05-14,SP1,Valencia,Vallecano,0.39,0.3048,0.3052,H,0.4473,1-1,0.145,1-1,D,0,1,1,1.1882,,,
2026-05-15,T1,Rizespor,Besiktas,0.2647,0.2756,0.4597,A,0.5252,1-1,0.1304,2-2,D,0,0,1,1.2889,D,0.04,2.9
2026-05-15,B1,Oud-Heverlee Leuven,Antwerp,0.3474,0.2949,0.3577,A,0.4499,1-1,0.1403,3-0,H,0,0,0,1.0572,,,
2026-05-15,E0,Aston Villa,Liverpool,0.3543,0.2764,0.3693,A,0.5373,1-1,0.1301,4-2,H,0,0,1,1.0375,,,
2026-05-16,B1,St Truiden,Gent,0.5009,0.2754,0.2236,H,0.487,1-1,0.1313,1-1,D,0,1,1,1.2894,,,
2026-05-16,B1,Standard,Genk,0.3092,0.2688,0.422,A,0.5416,1-1,0.1265,0-0,D,0,0,0,1.3138,,,
2026-05-16,B1,Charleroi,Westerlo,0.452,0.277,0.271,H,0.4748,1-1,0.132,0-1,A,0,0,1,1.3057,,,
2026-05-16,D1,Werder Bremen,Dortmund,0.2427,0.245,0.5123,A,0.5684,1-1,0.1146,0-2,A,1,0,0,0.6688,,,
2026-05-16,P1,Porto,Santa Clara,0.8071,0.1329,0.06,H,0.6299,2-0,0.1361,1-0,H,1,0,0,0.2143,H,0.0656,0.3
2026-05-16,P1,Arouca,Tondela,0.539,0.2629,0.198,H,0.4395,1-0,0.135,3-1,H,1,0,0,0.618,H,0.0,2.1
2026-05-16,P1,Nacional,Guimaraes,0.3608,0.2548,0.3844,A,0.4722,1-1,0.1214,2-0,H,0,0,1,1.0194,A,0.0606,-1.0
2026-05-16,P1,Sp Braga,Estrela,0.6892,0.2092,0.1016,H,0.5317,2-0,0.1299,2-2,D,0,0,1,1.5644,H,-0.0542,-1.0
2026-05-16,P1,Estoril,Benfica,0.1282,0.1795,0.6923,A,0.5428,0-2,0.1306,1-3,A,1,0,1,0.3677,,,
2026-05-16,P1,Famalicao,Alverca,0.613,0.2331,0.1539,H,0.5105,1-0,0.1187,1-0,H,1,1,0,0.4894,,,
2026-05-16,P1,Sp Lisbon,Gil Vicente,0.8142,0.1266,0.0592,H,0.6869,2-0,0.1175,3-0,H,1,0,1,0.2056,,,
2026-05-16,D1,Union Berlin,Augsburg,0.357,0.2907,0.3523,H,0.5393,1-1,0.1364,4-0,H,1,0,1,1.03,D,-0.025,-1.0
2026-05-16,P1,Moreirense,AVS,0.474,0.2909,0.2351,H,0.414,1-1,0.1364,0-0,D,0,0,1,1.2346,D,0.1143,2.9
2026-05-16,P1,Casa Pia,Rio Ave,0.3793,0.2937,0.3269,H,0.4143,1-1,0.1383,1-1,D,0,1,1,1.225,A,0.1547,-1.0
2026-05-16,D1,Heidenheim,Mainz,0.3343,0.2573,0.4083,A,0.5254,1-1,0.122,0-2,A,1,0,0,0.8957,A,0.0303,2.4
2026-05-16,T1,Samsunspor,Goztep,0.4545,0.2782,0.2673,H,0.496,1-1,0.1325,3-0,H,1,0,0,0.7885,H,-0.2258,1.4
2026-05-16,G1,Larisa,Atromitos,0.3223,0.2731,0.4046,A,0.4673,1-1,0.1301,2-1,H,0,0,0,1.1324,A,0.0526,-1.0
2026-05-16,SC0,Hibernian,Motherwell,0.4586,0.2839,0.2575,H,0.4589,1-1,0.135,0-1,A,0,0,1,1.3566,H,0.2439,-1.0
2026-05-16,SC0,Falkirk,Rangers,0.1676,0.2036,0.6288,A,0.5811,0-2,0.1064,2-5,A,1,0,1,0.4639,A,0.1401,0.79
2026-05-16,SC0,Celtic,Hearts,0.5071,0.2704,0.2225,H,0.4663,1-1,0.1287,3-1,H,1,0,0,0.6791,D,0.0244,-1.0
2026-05-16,T1,Gaziantep,Buyuksehyr,0.2475,0.2699,0.4826,A,0.5556,1-1,0.1264,1-2,A,1,0,1,0.7286,D,-0.0378,-1.0
2026-05-16,D1,Bayern Munich,FC Koln,0.8139,0.1268,0.0593,H,0.7799,2-1,0.0909,5-1,H,1,0,1,0.206,,,
2026-05-16,D1,Ein Frankfurt,Stuttgart,0.2956,0.2562,0.4482,A,0.604,1-1,0.1161,2-2,D,0,0,1,1.3617,D,0.0,3.33
2026-05-16,D1,Freiburg,RB Leipzig,0.2497,0.253,0.4973,A,0.6106,1-1,0.1145,4-1,H,0,0,1,1.3874,A,-0.098,-1.0
2026-05-16,D1,Leverkusen,Hamburg,0.7459,0.1659,0.0882,H,0.6627,2-0,0.1087,1-1,D,0,0,0,1.7966,,,
2026-05-16,T1,Karagumruk,Alanyaspor,0.3214,0.2973,0.3813,A,0.4627,1-1,0.1417,2-1,H,0,0,0,1.1352,,,
2026-05-16,D1,St Pauli,Wolfsburg,0.3934,0.287,0.3195,H,0.4329,1-1,0.136,1-3,A,0,0,0,1.1409,H,0.098,-1.0
2026-05-16,G1,Asteras Tripolis,Kifisia,0.3508,0.2905,0.3586,A,0.4217,1-1,0.1371,0-0,D,0,0,1,1.2361,A,-0.3429,-1.0
2026-05-16,D1,M'gladbach,Hoffenheim,0.2763,0.2712,0.4525,A,0.572,1-1,0.1257,4-0,H,0,0,1,1.2864,D,-0.0526,-1.0
2026-05-17,E0,Man United,Nott'm Forest,0.5456,0.2555,0.1989,H,0.5775,1-1,0.1192,3-2,H,1,0,1,0.6058,,,
2026-05-17,I1,Como,Parma,0.7125,0.1828,0.1047,H,0.5668,2-0,0.1295,1-0,H,1,0,0,0.339,,,
2026-05-17,I1,Genoa,Milan,0.2777,0.2876,0.4347,A,0.4054,1-1,0.1342,1-2,A,1,0,0,0.833,H,-0.1,-1.0
2026-05-17,I1,Juventus,Fiorentina,0.738,0.1606,0.1013,H,0.4906,1-0,0.1602,0-2,A,0,0,1,2.2894,H,0.0,-1.0
2026-05-17,I1,Pisa,Napoli,0.1485,0.1971,0.6544,A,0.4625,0-1,0.1535,0-3,A,1,0,0,0.4241,H,0.0588,-1.0
2026-05-17,I1,Roma,Lazio,0.4941,0.2702,0.2357,H,0.4664,1-1,0.1286,2-0,H,1,0,1,0.7051,A,-0.1154,-1.0
2026-05-17,I1,Atalanta,Bologna,0.5188,0.2777,0.2035,H,0.4431,1-1,0.1313,0-1,A,0,0,1,1.592,D,0.05,-1.0
2026-05-17,N1,Utrecht,For Sittard,0.6304,0.2186,0.151,H,0.6374,1-1,0.0995,2-0,H,1,0,0,0.4613,,,
2026-05-17,N1,Volendam,Telstar,0.3452,0.2686,0.3862,A,0.5639,1-1,0.1249,1-2,A,1,0,1,0.9514,,,
2026-05-17,N1,Zwolle,Feyenoord,0.152,0.2016,0.6464,A,0.613,1-2,0.1031,0-2,A,1,0,0,0.4364,A,0.1,0.65
2026-05-17,I1,Sassuolo,Lecce,0.5272,0.2845,0.1883,H,0.4105,1-0,0.143,2-3,A,0,0,0,1.6699,H,0.0588,-1.0
2026-05-17,T1,Antalyaspor,Kocaelispor,0.3981,0.3077,0.2942,H,0.4185,1-1,0.1453,1-0,H,1,0,1,0.9211,A,0.369,-1.0
2026-05-17,I1,Cagliari,Torino,0.3758,0.2996,0.3246,H,0.4041,1-1,0.1405,2-1,H,1,0,0,0.9786,A,-0.1351,-1.0
2026-05-17,I1,Inter,Verona,0.8202,0.1227,0.0571,H,0.6072,2-0,0.149,1-1,D,0,0,0,2.0979,,,
2026-05-17,T1,Fenerbahce,Eyupspor,0.8087,0.1344,0.0569,H,0.6919,2-0,0.1139,3-3,D,0,0,1,2.0068,,,
2026-05-17,E0,Brentford,Crystal Palace,0.4859,0.2773,0.2368,H,0.4659,1-1,0.132,2-2,D,0,0,0,1.2826,D,0.0769,3.2
2026-05-17,T1,Trabzonspor,Genclerbirligi,0.731,0.1858,0.0832,H,0.5108,2-0,0.1477,0-3,A,0,0,1,2.487,H,0.2037,-1.0
2026-05-17,SP1,Barcelona,Betis,0.7226,0.1775,0.0999,H,0.5668,2-0,0.1325,3-1,H,1,0,1,0.3249,,,
2026-05-17,SP1,Vallecano,Villarreal,0.2819,0.2818,0.4364,A,0.4976,1-1,0.1341,2-0,H,0,0,1,1.2663,A,-0.2892,-1.0
2026-05-17,SP1,Sociedad,Valencia,0.4306,0.2998,0.2696,H,0.4769,1-1,0.1429,3-4,A,0,0,0,1.311,,,
2026-05-17,N1,PSV Eindhoven,Twente,0.6659,0.1976,0.1365,H,0.6609,2-1,0.0955,5-1,H,1,0,1,0.4066,H,-0.0465,1.05
2026-05-17,SP1,Sevilla,Real Madrid,0.1333,0.2126,0.6541,A,0.5791,0-2,0.1101,0-1,A,1,0,0,0.4245,A,0.1026,1.15
2026-05-17,SP1,Oviedo,Alaves,0.3821,0.2925,0.3254,H,0.4848,1-1,0.1393,0-1,A,0,0,1,1.1226,H,0.0571,-1.0
2026-05-17,SP1,Osasuna,Espanol,0.5354,0.2757,0.1889,H,0.4486,1-1,0.1305,1-2,A,0,0,0,1.6664,H,-0.0238,-1.0
2026-05-17,SP1,Levante,Mallorca,0.4593,0.2823,0.2584,H,0.4976,1-1,0.1344,2-0,H,1,0,1,0.7781,,,
2026-05-17,SP1,Elche,Getafe,0.3621,0.3154,0.3225,H,0.4329,1-1,0.1498,1-0,H,1,0,1,1.0158,A,-0.0556,-1.0
2026-05-17,SP1,Ath Madrid,Girona,0.6764,0.1991,0.1244,H,0.5436,2-0,0.1243,1-0,H,1,0,0,0.3909,H,-0.0546,0.73
2026-05-17,B1,Anderlecht,Mechelen,0.5707,0.2476,0.1817,H,0.5262,1-1,0.1179,2-2,D,0,0,1,1.3959,H,-0.0108,-1.0
2026-05-17,B1,Club Brugge,St. Gilloise,0.4573,0.2819,0.2607,H,0.5066,1-1,0.1341,5-0,H,1,0,1,0.7823,,,
2026-05-17,SP1,Ath Bilbao,Celta,0.4555,0.284,0.2604,H,0.4897,1-1,0.1353,1-1,D,0,1,1,1.2587,,,
2026-05-17,T1,Kasimpasa,Galatasaray,0.1517,0.2034,0.6449,A,0.5623,0-2,0.1125,1-0,H,0,0,0,1.886,A,-0.1116,-1.0
2026-05-17,N1,Nijmegen,Go Ahead Eagles,0.5239,0.2675,0.2086,H,0.5975,1-1,0.1225,2-1,H,1,0,1,0.6465,A,-0.125,-1.0
2026-05-17,N1,Sparta Rotterdam,Excelsior,0.4111,0.3017,0.2872,H,0.5475,1-1,0.1408,2-3,A,0,0,1,1.2475,D,0.0,-1.0
2026-05-17,N1,Heerenveen,Ajax,0.2652,0.2689,0.4659,A,0.5921,1-1,0.1231,0-0,D,0,0,0,1.3136,D,0.0,2.9
2026-05-17,E0,Everton,Sunderland,0.61,0.227,0.1629,H,0.5849,1-1,0.1069,1-3,A,0,0,1,1.8144,H,0.0286,-1.0
2026-05-17,E0,Leeds,Brighton,0.3374,0.2788,0.3837,A,0.4976,1-1,0.1327,1-0,H,0,0,1,1.0865,H,-0.0857,2.2
2026-05-17,E0,Wolves,Fulham,0.2667,0.2628,0.4705,A,0.4005,0-1,0.1315,1-1,D,0,0,1,1.3364,,,
2026-05-17,SC0,Dundee,Aberdeen,0.3794,0.3046,0.3161,H,0.4667,1-1,0.1452,3-2,H,1,0,0,0.9693,,,
2026-05-17,SC0,Livingston,Kilmarnock,0.3177,0.2741,0.4081,A,0.4864,1-1,0.1307,1-4,A,1,0,0,0.8962,,,
2026-05-17,SC0,St Mirren,Dundee United,0.3672,0.2882,0.3446,H,0.4502,1-1,0.1371,1-1,D,0,1,1,1.2442,A,0.0333,-1.0
2026-05-17,T1,Kayserispor,Konyaspor,0.3686,0.3004,0.331,H,0.4594,1-1,0.1431,2-1,H,1,0,0,0.998,A,-0.122,-1.0
2026-05-17,N1,Heracles,Groningen,0.2402,0.2615,0.4983,A,0.5518,1-1,0.1233,1-2,A,1,0,1,0.6966,H,-0.1364,-1.0
2026-05-17,F1,Brest,Angers,0.5087,0.2784,0.2129,H,0.4292,1-0,0.1329,1-1,D,0,0,1,1.2787,,,
2026-05-17,F1,Lille,Auxerre,0.7368,0.1749,0.0883,H,0.513,2-0,0.1516,0-2,A,0,0,0,2.4265,H,-0.0423,-1.0
2026-05-17,F1,Lorient,Le Havre,0.5506,0.2578,0.1916,H,0.5072,1-1,0.1229,0-2,A,0,0,0,1.6525,H,0.1087,-1.0
2026-05-17,F1,Lyon,Lens,0.3613,0.2815,0.3572,H,0.53,1-1,0.1328,0-4,A,0,0,1,1.0293,A,-0.18,3.1
2026-05-17,F1,Marseille,Rennes,0.4193,0.2776,0.303,H,0.4917,1-1,0.1323,3-1,H,1,0,0,0.8691,,,
2026-05-17,E0,Newcastle,West Ham,0.5508,0.2634,0.1858,H,0.5258,1-1,0.1253,3-1,H,1,0,1,0.5964,H,0.0244,1.1
2026-05-17,F1,Nice,Metz,0.5809,0.2546,0.1645,H,0.4809,1-0,0.129,0-0,D,0,0,1,1.3681,D,-0.1304,4.0
2026-05-17,F1,Paris FC,Paris SG,0.1443,0.2135,0.6423,A,0.6442,1-2,0.1004,2-1,H,0,0,1,1.9362,A,0.0338,-1.0
2026-05-17,F1,Strasbourg,Monaco,0.3771,0.2745,0.3484,H,0.5082,1-1,0.1304,5-4,H,1,0,1,0.9752,H,-0.1273,1.88
2026-05-17,G1,Panathinaikos,PAOK,0.446,0.2752,0.2788,H,0.3874,1-0,0.1391,2-2,D,0,0,0,1.2903,H,-0.0854,-1.0
2026-05-17,G1,AEK,Olympiakos,0.3872,0.2849,0.3279,H,0.4433,1-1,0.1353,1-1,D,0,1,1,1.2556,H,0.1636,-1.0
2026-05-17,N1,AZ Alkmaar,NAC Breda,0.7496,0.1678,0.0826,H,0.5899,2-0,0.133,3-3,D,0,0,1,1.7849,H,0.0615,-1.0
2026-05-17,I1,Udinese,Cremonese,0.6331,0.2235,0.1434,H,0.5293,1-0,0.118,0-1,A,0,0,0,1.942,H,-0.0417,-1.0
2026-05-17,G1,OFI Crete,Volos NFC,0.4443,0.29,0.2657,H,0.4806,1-1,0.1383,3-1,H,1,0,0,0.8113,D,-0.075,-1.0
2026-05-17,F1,Nantes,Toulouse,0.4208,0.2608,0.3185,H,0.4481,1-1,0.1237,0-0,D,0,0,1,1.3442,H,-0.1667,-1.0
2026-05-17,G1,Panserraikos,Panetolikos,0.377,0.3017,0.3213,H,0.3715,1-1,0.1386,1-1,D,0,1,1,1.1983,,,
2026-05-17,G1,Aris,Levadeiakos,0.5443,0.2626,0.1931,H,0.4616,1-0,0.1285,3-0,H,1,0,0,0.6082,H,0.0105,0.93
2026-05-18,E0,Arsenal,Burnley,0.8306,0.1151,0.0543,H,0.6032,2-0,0.1529,1-0,H,1,0,0,0.1856,,,
2026-05-19,E0,Bournemouth,Man City,0.2446,0.2519,0.5035,A,0.5405,1-1,0.1191,1-1,D,0,1,0,1.3787,H,-0.0526,-1.0
2026-05-19,E0,Chelsea,Tottenham,0.482,0.2771,0.2409,H,0.5278,1-1,0.1313,2-1,H,1,0,1,0.7298,,,
2026-05-19,B1,Westerlo,Standard,0.4378,0.2866,0.2756,H,0.498,1-1,0.1364,1-2,A,0,0,0,1.2889,,,
2026-05-19,B1,Genk,Antwerp,0.633,0.2196,0.1474,H,0.5659,2-0,0.1093,0-0,D,0,0,0,1.5158,,,
2026-05-19,B1,Charleroi,Oud-Heverlee Leuven,0.5232,0.2768,0.2,H,0.4674,1-1,0.1317,1-1,D,0,1,1,1.2845,D,-0.1579,3.0
2026-05-21,G1,Atromitos,Panserraikos,0.5556,0.2539,0.1904,H,0.446,1-0,0.1352,6-0,H,1,0,0,0.5877,,,
2026-05-21,B1,Gent,St. Gilloise,0.1619,0.2102,0.6279,A,0.532,0-1,0.1179,0-0,D,0,0,0,1.5597,A,-0.0789,-1.0
2026-05-21,B1,Mechelen,Club Brugge,0.1102,0.1649,0.7249,A,0.6341,0-2,0.114,2-2,D,0,0,1,1.8024,A,0.0147,-1.0
2026-05-21,G1,Panetolikos,Asteras Tripolis,0.425,0.3026,0.2724,H,0.3804,1-1,0.1397,1-2,A,0,0,0,1.3004,,,
2026-05-21,G1,Kifisia,Larisa,0.513,0.2739,0.2132,H,0.3797,1-0,0.1526,3-2,H,1,0,0,0.6675,H,0.2366,1.3
2026-05-21,B1,Anderlecht,St Truiden,0.4153,0.3012,0.2836,H,0.4882,1-1,0.1434,3-1,H,1,0,0,0.8789,D,-0.0385,-1.0
2026-05-22,I1,Fiorentina,Atalanta,0.3129,0.2984,0.3887,A,0.4178,1-1,0.1407,1-1,D,0,1,1,1.2093,,,
2026-05-23,B1,Antwerp,Westerlo,0.3856,0.2852,0.3292,H,0.4932,1-1,0.1358,2-0,H,1,0,1,0.9529,A,0.0,-1.0
2026-05-23,B1,Oud-Heverlee Leuven,Genk,0.2014,0.2453,0.5533,A,0.5678,1-1,0.1154,0-2,A,1,0,0,0.5918,A,0.1078,0.85
2026-05-23,B1,Standard,Charleroi,0.4341,0.2962,0.2697,H,0.4688,1-1,0.1412,0-2,A,0,0,1,1.3104,,,
2026-05-23,I1,Lazio,Pisa,0.7207,0.191,0.0883,H,0.5477,2-0,0.1358,2-1,H,1,0,1,0.3275,H,-0.0882,0.55
2026-05-23,SP1,Alaves,Vallecano,0.3712,0.3154,0.3134,H,0.4575,1-1,0.1503,1-2,A,0,0,0,1.1602,D,0.0303,-1.0
2026-05-23,SP1,Betis,Levante,0.5333,0.2593,0.2075,H,0.543,1-1,0.1227,2-1,H,1,0,1,0.6287,H,-0.0217,1.25
2026-05-23,SP1,Espanol,Sociedad,0.3732,0.3005,0.3263,H,0.4567,1-1,0.1432,1-1,D,0,1,1,1.2023,D,-0.0278,2.5
2026-05-23,SP1,Getafe,Osasuna,0.3934,0.2959,0.3106,H,0.452,1-1,0.1409,1-0,H,1,0,1,0.9329,A,0.1333,-1.0
2026-05-23,SP1,Girona,Elche,0.4396,0.2982,0.2622,H,0.4394,1-1,0.1415,1-1,D,0,1,1,1.21,D,0.0263,2.9
2026-05-23,SP1,Mallorca,Oviedo,0.5218,0.266,0.2122,H,0.4681,1-1,0.1265,3-0,H,1,0,0,0.6505,A,0.12,-1.0
2026-05-23,SP1,Real Madrid,Ath Bilbao,0.7312,0.1764,0.0923,H,0.5968,2-0,0.1246,4-2,H,1,0,1,0.313,H,-0.0323,0.5
2026-05-23,SP1,Valencia,Barcelona,0.1233,0.1983,0.6784,A,0.5866,0-2,0.1143,3-1,H,0,0,1,2.0935,A,-0.0314,-1.0
2026-05-23,I1,Bologna,Inter,0.2245,0.2345,0.541,A,0.5274,1-1,0.1117,3-3,D,0,0,1,1.4502,A,0.1,-1.0
2026-05-23,SP1,Celta,Sevilla,0.4642,0.3022,0.2336,H,0.5014,1-1,0.1437,1-0,H,1,0,0,0.7674,D,0.0857,-1.0
2026-05-24,B1,St Truiden,Mechelen,0.5962,0.2392,0.1646,H,0.5269,1-1,0.114,3-0,H,1,0,1,0.5172,H,0.0278,0.85
2026-05-24,B1,St. Gilloise,Anderlecht,0.713,0.1769,0.1101,H,0.6679,2-0,0.1004,5-1,H,1,0,1,0.3382,H,0.0345,0.5
2026-05-24,B1,Club Brugge,Gent,0.8159,0.1202,0.0639,H,0.6682,2-0,0.1261,5-0,H,1,0,1,0.2035,H,0.2535,0.78
2026-05-24,I1,Verona,Roma,0.1996,0.2503,0.5501,A,0.4717,0-1,0.1312,0-2,A,1,0,1,0.5976,H,0.0526,-1.0
2026-05-24,I1,Torino,Juventus,0.1493,0.2066,0.6441,A,0.508,0-2,0.1279,2-2,D,0,0,1,1.577,,,
2026-05-24,I1,Milan,Cagliari,0.6238,0.2451,0.1311,H,0.4757,1-0,0.1348,1-2,A,0,0,0,2.0314,D,0.1579,-1.0
2026-05-24,I1,Lecce,Genoa,0.3223,0.3019,0.3758,A,0.3993,1-1,0.1412,1-0,H,0,0,1,1.1322,A,0.1111,-1.0
2026-05-24,I1,Cremonese,Como,0.1991,0.2361,0.5648,A,0.4789,0-1,0.1202,1-4,A,1,0,0,0.5712,,,
2026-05-24,I1,Napoli,Udinese,0.6752,0.2006,0.1242,H,0.5148,2-0,0.1319,1-0,H,1,0,0,0.3927,H,-0.0452,0.48
2026-05-24,I1,Parma,Sassuolo,0.3761,0.2999,0.324,H,0.4059,1-1,0.1408,1-0,H,1,0,1,0.9778,,,
2026-05-24,SP1,Villarreal,Ath Madrid,0.4738,0.2823,0.2439,H,0.5003,1-1,0.1344,5-1,H,1,0,1,0.7469,H,-0.02,1.45
2026-05-24,E0,West Ham,Leeds,0.3081,0.2847,0.4072,A,0.4734,1-1,0.1357,3-0,H,0,0,0,1.1772,A,-0.1667,-1.0
2026-05-24,E0,Tottenham,Everton,0.3653,0.2694,0.3653,H,0.5004,1-1,0.1282,1-0,H,1,0,0,1.0069,A,-0.0732,-1.0
2026-05-24,E0,Sunderland,Chelsea,0.3589,0.2762,0.3649,A,0.4325,1-1,0.1307,2-1,H,0,0,0,1.0247,H,0.0909,2.6
2026-05-24,E0,Nott'm Forest,Bournemouth,0.3446,0.2792,0.3762,A,0.504,1-1,0.1327,1-1,D,0,1,0,1.2759,H,-0.1081,-1.0
2026-05-24,E0,Man City,Aston Villa,0.6966,0.167,0.1364,H,0.6359,2-0,0.1077,1-2,A,0,0,1,1.9921,A,0.3846,8.0
2026-05-24,E0,Liverpool,Brentford,0.5297,0.2584,0.2119,H,0.5784,1-1,0.1205,1-1,D,0,1,0,1.3533,D,0.05,3.2
2026-05-24,E0,Fulham,Newcastle,0.3891,0.282,0.3289,H,0.4885,1-1,0.1344,2-0,H,1,0,1,0.9438,H,0.152,1.88
2026-05-24,E0,Crystal Palace,Arsenal,0.2065,0.2319,0.5616,A,0.4914,0-1,0.1208,1-2,A,1,0,0,0.577,,,
2026-05-24,E0,Burnley,Wolves,0.4041,0.2895,0.3065,H,0.4389,1-1,0.1374,1-1,D,0,1,1,1.2397,,,
2026-05-24,E0,Brighton,Man United,0.4047,0.284,0.3113,H,0.5324,1-1,0.1339,0-3,A,0,0,1,1.1669,D,-0.03,-1.0
2026-07-31,SC0,Dundee United,Rangers,0.1793,0.2059,0.6148,A,0.6267,1-1,0.0955,1-1,D,0,1,0,1.5804,,,
2026-08-01,SC0,Aberdeen,Hearts,0.1505,0.2171,0.6323,A,0.5378,0-2,0.1153,2-1,H,0,0,1,1.8937,A,-0.0444,-1.0
2026-08-01,SC0,Falkirk,St Mirren,0.4055,0.2977,0.2968,H,0.4609,1-1,0.1418,0-2,A,0,0,1,1.2149,D,0.0286,-1.0
2026-08-02,SC0,St Johnstone,Kilmarnock,0.2999,0.2752,0.4248,A,0.4518,1-1,0.1309,4-3,H,0,0,0,1.2042,A,-0.1795,-1.0
2026-08-02,SC0,Hibernian,Motherwell,0.3681,0.2967,0.3352,H,0.4397,1-1,0.1409,1-2,A,0,0,0,1.0931,A,-0.2841,2.1
2026-08-03,SC0,Celtic,Dundee,0.8364,0.1109,0.0527,H,0.7017,2-0,0.1187,1-0,H,1,0,0,0.1787,,,
2026-08-07,N1,Cambuur,Excelsior,0.2354,0.2546,0.5099,A,0.5311,1-1,0.1206,0-4,A,1,0,1,0.6735,A,0.08,1.7
2026-08-07,P1,Estoril,Famalicao,0.2339,0.2598,0.5064,A,0.4509,0-1,0.126,1-1,D,0,0,1,1.3479,A,0.0435,-1.0
2026-08-07,B1,Club Brugge,Kortrijk,0.8222,0.1223,0.0555,H,0.7503,2-0,0.0959,3-0,H,1,0,1,0.1958,,,
2026-08-08,N1,PSV Eindhoven,For Sittard,0.8408,0.1086,0.0506,H,0.7281,2-0,0.1093,2-2,D,0,0,1,2.2197,,,
2026-08-08,SC0,Dundee,Aberdeen,0.4049,0.2903,0.3048,H,0.4687,1-1,0.1383,2-0,H,1,0,1,0.9041,H,-0.0702,1.65
2026-08-08,SC0,St Mirren,St Johnstone,0.5265,0.2706,0.2029,H,0.4628,1-1,0.1285,1-0,H,1,0,1,0.6415,H,-0.1245,1.25
2026-08-08,B1,Standard,Cercle Brugge,0.3956,0.2915,0.3129,H,0.5279,1-1,0.1375,2-2,D,0,0,1,1.2329,D,-0.0278,2.5
2026-08-08,B1,St Truiden,Lommel SK,0.5821,0.2598,0.158,H,0.5699,1-1,0.1232,1-1,D,0,1,0,1.3477,,,
2026-08-08,B1,Westerlo,St. Gilloise,0.1341,0.1988,0.6671,A,0.5945,0-2,0.1103,1-5,A,1,0,1,0.4048,A,0.1486,0.7
2026-08-08,N1,AZ Alkmaar,Den Haag,0.7816,0.138,0.0803,H,0.6729,2-0,0.1153,2-0,H,1,1,0,0.2463,H,0.0662,0.45
2026-08-08,P1,Maritimo,Casa Pia,0.4005,0.2773,0.3222,H,0.4035,1-1,0.1295,1-0,H,1,0,1,0.915,,,
2026-08-08,P1,Guimaraes,Arouca,0.3883,0.291,0.3207,H,0.4567,1-1,0.1386,0-1,A,0,0,1,1.1371,A,0.0,3.0
2026-08-08,P1,Estrela,Sp Lisbon,0.1027,0.1514,0.7459,A,0.5938,0-2,0.1313,2-2,D,0,0,1,1.8875,,,
2026-08-08,N1,Nijmegen,Telstar,0.5836,0.2383,0.1781,H,0.6457,1-1,0.1062,1-2,A,0,0,1,1.7253,,,
2026-08-08,N1,Go Ahead Eagles,Willem II,0.5461,0.2583,0.1957,H,0.5219,1-1,0.123,4-1,H,1,0,1,0.605,,,
2026-08-09,B1,Gent,Mechelen,0.4101,0.2911,0.2988,H,0.4201,1-1,0.1374,2-0,H,1,0,1,0.8914,A,-0.1,-1.0
2026-08-09,B1,Waregem,Genk,0.2157,0.245,0.5392,A,0.5745,1-1,0.1151,2-1,H,0,0,1,1.5337,A,0.0995,-1.0
2026-08-09,B1,Anderlecht,RAAL La Louviere,0.5444,0.2517,0.2039,H,0.5933,1-1,0.1164,2-1,H,1,0,1,0.608,,,
2026-08-09,B1,Antwerp,Beveren,0.4513,0.2928,0.2559,H,0.517,1-1,0.1388,2-1,H,1,0,1,0.7956,A,0.6037,-1.0
2026-08-09,P1,Porto,Alverca,0.8089,0.1292,0.0619,H,0.5619,2-0,0.1617,2-0,H,1,1,0,0.2121,,,
2026-08-09,P1,Benfica,Academico Viseu,0.8027,0.1388,0.0586,H,0.6525,2-0,0.1266,2-2,D,0,0,1,1.975,D,0.0,8.0
2026-08-09,P1,Gil Vicente,Rio Ave,0.4252,0.2909,0.2839,H,0.4366,1-1,0.1379,1-0,H,1,0,1,0.8552,A,0.1176,-1.0
2026-08-09,B1,Charleroi,Oud-Heverlee Leuven,0.501,0.2822,0.2168,H,0.4742,1-1,0.1345,3-1,H,1,0,0,0.6912,,,
2026-08-09,P1,Moreirense,Sp Braga,0.1873,0.2377,0.5749,A,0.4382,0-1,0.145,2-2,D,0,0,0,1.4366,,,
2026-08-09,SC0,Hearts,Dundee United,0.6861,0.1892,0.1246,H,0.5878,2-0,0.1166,4-0,H,1,0,1,0.3767,H,-0.108,0.57
2026-08-09,SC0,Motherwell,Falkirk,0.595,0.2466,0.1584,H,0.53,1-1,0.1175,0-0,D,0,0,0,1.4,H,-0.011,-1.0
2026-08-09,SC0,Rangers,Hibernian,0.7092,0.1784,0.1124,H,0.5961,2-0,0.1209,1-2,A,0,0,1,2.1861,H,0.1037,-1.0
2026-08-09,N1,Sparta Rotterdam,Feyenoord,0.1393,0.1932,0.6675,A,0.5898,1-2,0.1121,0-1,A,1,0,0,0.4042,A,0.0494,0.7
2026-08-09,N1,Groningen,Utrecht,0.2901,0.2788,0.4311,A,0.5641,1-1,0.1295,2-1,H,0,0,1,1.2375,A,-0.0625,-1.0
2026-08-09,N1,Zwolle,Ajax,0.1623,0.1985,0.6392,A,0.5745,0-2,0.1095,0-2,A,1,1,0,0.4476,,,
2026-08-09,N1,Heerenveen,Twente,0.2612,0.2602,0.4786,A,0.5938,1-1,0.1193,1-0,H,0,0,0,1.3425,A,0.0476,-1.0
2026-08-09,SC0,Kilmarnock,Celtic,0.1704,0.2204,0.6092,A,0.6357,1-2,0.1131,1-5,A,1,0,1,0.4956,H,-0.0667,-1.0
2026-08-10,P1,Santa Clara,Nacional,0.4206,0.2996,0.2797,H,0.3885,1-1,0.1391,2-2,D,0,0,0,1.2052,A,-0.1158,-1.0
2026-08-14,E1,Wolves,Blackburn,0.4864,0.289,0.2246,H,0.4209,1-1,0.1356,2-2,D,0,0,0,1.2414,A,-0.1071,-1.0
2026-08-14,P1,Sp Lisbon,Guimaraes,0.8341,0.114,0.0519,H,0.7155,2-0,0.1124,3-2,H,1,0,1,0.1814,H,-0.0647,0.3
2026-08-14,N1,Telstar,Sparta Rotterdam,0.5308,0.2606,0.2086,H,0.508,1-1,0.1242,1-3,A,0,0,1,1.5674,H,-0.0227,-1.0
2026-08-14,T1,Galatasaray,Corum,0.7867,0.1486,0.0647,H,0.6576,2-0,0.1205,2-2,D,0,0,1,1.9063,,,
2026-08-14,B1,Cercle Brugge,St Truiden,0.3685,0.2574,0.3741,A,0.5248,1-1,0.122,3-3,D,0,0,1,1.3572,A,0.152,-1.0
2026-08-15,B1,Oud-Heverlee Leuven,Club Brugge,0.0972,0.1532,0.7496,A,0.6291,0-2,0.1218,0-3,A,1,0,1,0.2882,A,0.0,0.44
2026-08-15,B1,St. Gilloise,Waregem,0.7742,0.1496,0.0762,H,0.7325,2-0,0.0919,0-0,D,0,0,0,1.8999,H,-0.0828,-1.0
2026-08-15,N1,Willem II,Nijmegen,0.1736,0.2118,0.6146,A,0.6308,1-2,0.0971,1-4,A,1,0,1,0.4868,,,
2026-08-15,N1,Utrecht,AZ Alkmaar,0.4612,0.276,0.2628,H,0.5549,1-1,0.1293,1-4,A,0,0,1,1.3362,H,-0.0517,-1.0
2026-08-15,N1,Excelsior,PSV Eindhoven,0.1538,0.2009,0.6453,A,0.706,1-2,0.1009,1-2,A,1,1,1,0.4381,A,0.0828,0.57
2026-08-15,SP1,Alaves,Getafe,0.4153,0.2984,0.2863,H,0.3873,1-1,0.1382,3-0,H,1,0,0,0.8788,A,-0.0132,-1.0
2026-08-15,SP1,Sevilla,Vallecano,0.2842,0.2906,0.4251,A,0.4599,1-1,0.1384,2-1,H,0,0,0,1.2579,A,0.0,-1.0
2026-08-15,N1,For Sittard,Cambuur,0.5678,0.2602,0.172,H,0.5557,1-1,0.1227,3-1,H,1,0,1,0.5659,,,
2026-08-15,B1,Genk,Westerlo,0.6405,0.2123,0.1471,H,0.5803,2-0,0.1076,3-2,H,1,0,1,0.4454,H,0.1408,0.62
2026-08-15,B1,Kortrijk,Antwerp,0.3461,0.2637,0.3901,A,0.565,1-1,0.1227,0-3,A,1,0,1,0.9412,A,-0.0182,1.7
2026-08-15,P1,Alverca,Estrela,0.4723,0.2919,0.2359,H,0.4706,1-1,0.1391,2-2,D,0,0,0,1.2315,,,
2026-08-15,P1,Academico Viseu,Santa Clara,0.3167,0.2904,0.3928,A,0.5338,1-1,0.1367,0-1,A,1,0,0,0.9343,,,
2026-08-15,E1,Sheffield United,Birmingham,0.368,0.2728,0.3592,H,0.4735,1-1,0.13,0-0,D,0,0,1,1.2989,,,
2026-08-15,E1,Norwich,West Brom,0.4069,0.2791,0.314,H,0.4893,1-1,0.133,1-2,A,0,0,0,1.1584,A,0.0,2.8
2026-08-15,E1,Middlesbrough,Lincoln,0.5199,0.2669,0.2133,H,0.5328,1-1,0.1267,2-1,H,1,0,1,0.6542,D,0.2222,-1.0
2026-08-15,E1,Charlton,Derby,0.3235,0.2772,0.3993,A,0.4376,1-1,0.1313,2-1,H,0,0,0,1.1285,A,-0.0364,-1.0
2026-08-15,E1,Bristol City,Millwall,0.2705,0.2605,0.4689,A,0.4566,1-1,0.1238,0-2,A,1,0,1,0.7573,A,-0.0364,1.65
2026-08-15,E1,Bolton,Preston,0.2945,0.2587,0.4468,A,0.4435,0-1,0.129,2-1,H,0,0,0,1.2224,A,0.1,-1.0
2026-08-15,E1,Stoke,Swansea,0.376,0.2705,0.3535,H,0.4205,1-1,0.1273,1-2,A,0,0,0,1.0398,A,0.0,2.1
2026-08-15,T1,Konyaspor,Rizespor,0.3887,0.2825,0.3288,H,0.4631,1-1,0.1346,0-1,A,0,0,1,1.1122,,,
2026-08-15,T1,Kasimpasa,Trabzonspor,0.2132,0.2531,0.5337,A,0.4538,0-1,0.1286,1-1,D,0,0,1,1.3739,,,
2026-08-15,T1,Genclerbirligi,Fenerbahce,0.1106,0.1655,0.724,A,0.5613,0-1,0.1327,2-1,H,0,0,1,2.2021,A,-0.1366,-1.0
2026-08-15,P1,Rio Ave,Porto,0.1483,0.1995,0.6522,A,0.5202,0-1,0.1307,0-2,A,1,0,0,0.4274,,,
2026-08-15,T1,Gaziantep,Alanyaspor,0.3198,0.2794,0.4008,A,0.4906,1-1,0.1331,1-1,D,0,1,1,1.2751,A,-0.0702,-1.0
2026-08-15,E1,Portsmouth,QPR,0.3788,0.2711,0.3501,H,0.4739,1-1,0.1292,1-3,A,0,0,0,1.0496,A,-0.0625,2.0
2026-08-16,N1,Den Haag,Groningen,0.2432,0.2617,0.495,A,0.4897,1-1,0.1248,1-4,A,1,0,0,0.7032,A,-0.1185,1.38
2026-08-16,N1,Twente,Zwolle,0.7363,0.1623,0.1014,H,0.6169,2-0,0.1218,3-1,H,1,0,1,0.3061,,,
2026-08-16,N1,Ajax,Heerenveen,0.6139,0.2372,0.1489,H,0.579,1-1,0.1117,2-2,D,0,0,1,1.4389,,,
2026-08-16,T1,Buyuksehyr,Kocaelispor,0.6989,0.1833,0.1178,H,0.5567,2-0,0.1281,2-0,H,1,1,0,0.3582,H,-0.0988,0.46
2026-08-16,T1,Amedspor,Erzurumspor,0.4318,0.2935,0.2747,H,0.478,1-1,0.1399,3-0,H,1,0,0,0.8398,,,
2026-08-16,T1,Besiktas,Eyupspor,0.6622,0.2089,0.1289,H,0.5966,2-0,0.1079,1-0,H,1,0,0,0.4122,,,
2026-08-16,SP1,Santander,Villarreal,0.2437,0.2386,0.5177,A,0.5228,1-1,0.1136,2-2,D,0,0,1,1.4331,A,0.1316,-1.0
2026-08-16,SP1,Espanol,Levante,0.3099,0.2816,0.4085,A,0.4881,1-1,0.1342,3-0,H,0,0,0,1.1716,A,0.0526,-1.0
2026-08-16,N1,Feyenoord,Go Ahead Eagles,0.7537,0.1554,0.0909,H,0.5915,2-0,0.1339,2-2,D,0,0,1,1.8617,H,0.088,-1.0
2026-08-16,E1,Burnley,West Ham,0.2891,0.2815,0.4293,A,0.4676,1-1,0.1341,2-2,D,0,0,0,1.2675,,,
2026-08-16,P1,Famalicao,Maritimo,0.6024,0.2389,0.1587,H,0.4711,1-0,0.1339,1-2,A,0,0,0,1.8406,H,0.0476,-1.0
2026-08-16,P1,Nacional,Estoril,0.4373,0.2646,0.2982,H,0.4643,1-1,0.126,2-0,H,1,0,1,0.8272,H,-0.1167,1.65
2026-08-16,P1,Arouca,Moreirense,0.5218,0.2767,0.2015,H,0.438,1-0,0.1324,4-0,H,1,0,0,0.6504,H,0.1754,1.01
2026-08-16,B1,Beveren,Anderlecht,0.2714,0.2584,0.4702,A,0.5799,1-1,0.1196,1-0,H,0,0,0,1.304,,,
2026-08-16,B1,RAAL La Louviere,Gent,0.4059,0.2732,0.3209,H,0.4659,1-1,0.1301,1-2,A,0,0,0,1.1365,H,-0.0882,-1.0
2026-08-16,B1,Mechelen,Standard,0.2969,0.2842,0.419,A,0.4998,1-1,0.1352,3-3,D,0,0,0,1.2582,A,0.0735,-1.0
2026-08-16,B1,Lommel SK,Charleroi,0.303,0.2892,0.4077,A,0.4715,1-1,0.1379,0-1,A,1,0,1,0.8971,,,
2026-08-16,E1,Watford,Southampton,0.2249,0.2273,0.5479,A,0.4972,0-1,0.1279,2-1,H,0,0,0,1.4923,A,0.0733,-1.0
2026-08-17,E1,Cardiff,Wrexham,0.3875,0.2618,0.3508,H,0.4007,1-0,0.1233,1-1,D,0,0,1,1.3403,,,
2026-08-17,SP1,La Coruna,Elche,0.3683,0.2666,0.3651,H,0.4548,1-1,0.1268,1-1,D,0,1,1,1.3219,A,-0.0278,-1.0
2026-08-17,T1,Samsunspor,Goztep,0.4675,0.272,0.2604,H,0.5322,1-1,0.1287,3-3,D,0,0,1,1.3018,,,
2026-08-17,P1,Casa Pia,Benfica,0.139,0.1896,0.6714,A,0.545,0-2,0.1237,0-7,A,1,0,1,0.3985,H,0.0,-1.0
2026-08-19,SP1,Ath Madrid,Malaga,0.6697,0.2068,0.1235,H,0.5614,2-0,0.1197,2-0,H,1,1,0,0.4009,,,
2026-08-20,SP1,Vallecano,Alaves,0.4397,0.2943,0.266,H,0.5125,1-1,0.1396,1-1,D,0,1,0,1.2231,,,
2026-08-21,T1,Erzurumspor,Galatasaray,0.097,0.1572,0.7458,A,0.6335,0-2,0.1193,0-4,A,1,0,1,0.2933,A,-0.0331,0.46
2026-08-21,SP1,Betis,Sociedad,0.5681,0.2398,0.1922,H,0.5662,1-1,0.1128,1-0,H,1,0,0,0.5655,H,-0.0238,1.05
2026-08-21,B1,Standard,RAAL La Louviere,0.5668,0.2398,0.1934,H,0.5942,1-1,0.1113,2-0,H,1,0,0,0.5677,H,0.0541,0.95
2026-08-21,F1,Marseille,Strasbourg,0.4968,0.2689,0.2343,H,0.575,1-1,0.1246,4-0,H,1,0,1,0.6996,D,0.0,-1.0
2026-08-21,E0,Arsenal,Coventry,0.6504,0.2076,0.142,H,0.6055,2-0,0.1038,3-0,H,1,0,1,0.4302,D,-0.0667,-1.0
2026-08-22,G1,Kalamata,Aris,0.2122,0.2394,0.5484,A,0.5084,1-1,0.1141,2-3,A,1,0,1,0.6007,A,0.0227,1.25
2026-08-22,F1,Troyes,Paris FC,0.1743,0.2201,0.6056,A,0.5206,0-1,0.1174,0-0,D,0,0,0,1.5138,A,0.0952,-1.0
2026-08-22,F1,Toulouse,Lyon,0.2661,0.2686,0.4653,A,0.4796,1-1,0.128,0-2,A,1,0,1,0.7651,A,-0.2188,1.5
2026-08-22,F1,Nice,Lorient,0.3385,0.2904,0.371,A,0.4144,1-1,0.1367,0-0,D,0,0,1,1.2364,A,0.0625,-1.0
2026-08-22,F1,Le Mans,Brest,0.4452,0.2628,0.2921,H,0.4666,1-1,0.1251,2-2,D,0,0,0,1.3365,H,0.02,-1.0
2026-08-22,F1,Lens,Auxerre,0.7098,0.1757,0.1145,H,0.5963,2-0,0.1209,5-2,H,1,0,1,0.3427,H,0.0915,0.55
2026-08-22,I1,Parma,Cagliari,0.3485,0.301,0.3505,A,0.3994,1-1,0.1409,0-1,A,1,0,1,1.0484,A,0.1481,2.1
2026-08-22,I1,Genoa,Napoli,0.1784,0.2279,0.5937,A,0.4502,0-1,0.1432,0-2,A,1,0,1,0.5214,A,-0.0732,0.9
2026-08-22,G1,Olympiakos,Atromitos,0.7398,0.1632,0.097,H,0.6365,2-0,0.1166,1-0,H,1,0,0,0.3014,,,
2026-08-22,G1,AEK,Iraklis,0.769,0.16,0.071,H,0.5785,2-0,0.1426,4-0,H,1,0,1,0.2627,,,
2026-08-22,T1,Corum,Kasimpasa,0.3049,0.2898,0.4053,A,0.5688,1-1,0.1337,0-1,A,1,0,0,0.9031,A,-0.2105,2.0
2026-08-22,T1,Rizespor,Samsunspor,0.3107,0.2843,0.4051,A,0.5447,1-1,0.1332,0-2,A,1,0,0,0.9037,A,-0.1842,2.1
2026-08-22,B1,Antwerp,Genk,0.3135,0.2815,0.405,A,0.5392,1-1,0.1323,4-4,D,0,0,1,1.2677,,,
2026-08-22,B1,Charleroi,Mechelen,0.5882,0.2323,0.1795,H,0.4849,1-0,0.1336,2-0,H,1,0,1,0.5306,H,0.0479,0.75
2026-08-22,B1,Waregem,Beveren,0.5275,0.2634,0.2091,H,0.4738,1-1,0.1254,4-0,H,1,0,0,0.6396,H,-0.0488,0.95
2026-08-22,I1,Udinese,Como,0.2155,0.2542,0.5303,A,0.4453,0-1,0.13,1-1,D,0,0,1,1.3696,,,
2026-08-22,N1,For Sittard,AZ Alkmaar,0.2065,0.2453,0.5482,A,0.5941,1-1,0.1134,0-2,A,1,0,0,0.6011,,,
2026-08-22,N1,Sparta Rotterdam,Utrecht,0.2866,0.2753,0.4381,A,0.5486,1-1,0.1291,3-3,D,0,0,1,1.2898,A,-0.0607,-1.0
2026-08-22,N1,Heerenveen,Zwolle,0.6322,0.2201,0.1477,H,0.5424,2-0,0.1144,0-2,A,0,0,0,1.9128,H,0.0811,-1.0
2026-08-22,SC0,Dundee United,Dundee,0.4013,0.3016,0.2971,H,0.5001,1-1,0.1433,0-2,A,0,0,0,1.2138,,,
2026-08-22,P1,Estoril,Rio Ave,0.4297,0.289,0.2813,H,0.4256,1-1,0.1365,0-2,A,0,0,1,1.2683,A,0.0256,3.0
2026-08-22,P1,Sp Lisbon,Alverca,0.8443,0.1067,0.049,H,0.69,2-0,0.1256,3-1,H,1,0,1,0.1692,,,
2026-08-22,T1,Fenerbahce,Konyaspor,0.8151,0.1244,0.0605,H,0.7163,2-0,0.1073,4-2,H,1,0,1,0.2045,,,
2026-08-22,I1,Inter,Monza,0.8395,0.1075,0.053,H,0.6219,2-0,0.1509,4-1,H,1,0,1,0.175,,,
2026-08-22,P1,Maritimo,Academico Viseu,0.5025,0.2537,0.2439,H,0.4698,1-1,0.1206,2-2,D,0,0,0,1.3717,,,
2026-08-22,E0,Nott'm Forest,Leeds,0.4265,0.2738,0.2997,H,0.4706,1-1,0.1305,0-1,A,0,0,1,1.2049,,,
2026-08-22,SP1,Ath Bilbao,Sevilla,0.4566,0.3081,0.2354,H,0.4839,1-1,0.1468,1-3,A,0,0,0,1.4465,A,0.05,4.25
2026-08-22,SP1,Valencia,Celta,0.3938,0.2893,0.3168,H,0.4459,1-1,0.1375,0-0,D,0,0,1,1.2401,,,
2026-08-22,SP1,Espanol,Real Madrid,0.1151,0.1829,0.7019,A,0.5617,0-2,0.1267,1-2,A,1,0,1,0.3539,A,0.0286,0.44
2026-08-22,E1,Wrexham,Watford,0.51,0.2636,0.2265,H,0.4534,1-1,0.1248,1-1,D,0,1,1,1.3334,,,
2026-08-22,E1,West Ham,Charlton,0.6671,0.2163,0.1165,H,0.5496,2-0,0.121,1-2,A,0,0,1,2.1496,,,
2026-08-22,E1,Swansea,Sheffield United,0.4097,0.2839,0.3063,H,0.5172,1-1,0.1345,0-0,D,0,0,0,1.2591,,,
2026-08-22,E1,Southampton,Stoke,0.6517,0.2057,0.1426,H,0.5776,2-0,0.1109,3-1,H,1,0,1,0.4282,H,0.0064,0.57
2026-08-22,E1,QPR,Bolton,0.5732,0.2396,0.1872,H,0.5294,1-1,0.114,0-0,D,0,0,0,1.4286,H,0.0276,-1.0
2026-08-22,E1,Preston,Wolves,0.3712,0.2752,0.3536,H,0.4433,1-1,0.1306,1-3,A,0,0,0,1.0396,H,0.1351,-1.0
2026-08-22,E1,Derby,Cardiff,0.4697,0.2746,0.2557,H,0.4707,1-1,0.1308,2-2,D,0,0,0,1.2924,,,
2026-08-22,E1,Blackburn,Middlesbrough,0.2681,0.2647,0.4672,A,0.5041,1-1,0.126,2-1,H,0,0,1,1.3163,,,
2026-08-22,E1,Millwall,Norwich,0.5066,0.27,0.2234,H,0.4449,1-0,0.1299,3-0,H,1,0,0,0.6801,H,-0.2376,1.15
2026-08-22,E1,Lincoln,Portsmouth,0.4243,0.2959,0.2798,H,0.5392,1-1,0.1388,1-3,A,0,0,1,1.2737,H,0.0444,-1.0
2026-08-22,E0,Brentford,Tottenham,0.436,0.283,0.281,H,0.4767,1-1,0.1349,3-0,H,1,0,0,0.8302,H,0.2308,1.4
2026-08-22,E1,Birmingham,Bristol City,0.514,0.2574,0.2286,H,0.4641,1-0,0.1242,2-2,D,0,0,0,1.3571,,,
2026-08-22,E0,Hull,Man United,0.144,0.1949,0.6611,A,0.6182,0-2,0.1033,2-0,H,0,0,0,1.9379,H,-0.0556,7.5
2026-08-22,E0,Ipswich,Sunderland,0.4013,0.273,0.3257,H,0.4713,1-1,0.1301,2-1,H,1,0,0,0.9131,H,-0.1,1.7
2026-08-22,E0,Everton,Crystal Palace,0.4429,0.2712,0.2859,H,0.4578,1-1,0.129,2-0,H,1,0,1,0.8144,,,
2026-08-23,P1,Guimaraes,Nacional,0.4953,0.2769,0.2278,H,0.456,1-1,0.1316,1-0,H,1,0,1,0.7027,A,-0.1667,-1.0
2026-08-23,N1,PSV Eindhoven,Groningen,0.7454,0.1667,0.0878,H,0.7001,2-1,0.1043,5-1,H,1,0,1,0.2938,H,0.0462,0.36
2026-08-23,T1,Alanyaspor,Besiktas,0.2584,0.2747,0.4669,A,0.5142,1-1,0.1305,1-0,H,0,0,0,1.3531,,,
2026-08-23,G1,OFI Crete,Volos NFC,0.4376,0.2907,0.2717,H,0.4239,1-1,0.1372,2-0,H,1,0,1,0.8263,,,
2026-08-23,G1,PAOK,Levadeiakos,0.6292,0.226,0.1448,H,0.497,2-0,0.1247,4-0,H,1,0,0,0.4633,A,-0.0526,-1.0
2026-08-23,E1,West Brom,Burnley,0.4646,0.2471,0.2883,H,0.4762,1-1,0.1177,3-1,H,1,0,0,0.7665,H,0.125,1.7
2026-08-23,P1,Santa Clara,Famalicao,0.3027,0.2919,0.4054,A,0.4495,1-1,0.1388,1-0,H,0,0,1,1.1949,A,0.0973,-1.0
2026-08-23,SP1,Elche,Barcelona,0.1129,0.1607,0.7264,A,0.5311,0-2,0.1435,0-5,A,1,0,1,0.3196,,,
2026-08-23,F1,Le Havre,Monaco,0.243,0.2499,0.507,A,0.5274,1-1,0.1187,0-1,A,1,0,0,0.6791,,,
2026-08-23,F1,Rennes,Paris SG,0.2714,0.2309,0.4978,A,0.5905,1-1,0.1072,2-2,D,0,0,1,1.4659,H,-0.0417,-1.0
2026-08-23,B1,Club Brugge,Cercle Brugge,0.7988,0.1319,0.0693,H,0.7698,2-1,0.0977,1-0,H,1,0,0,0.2246,,,
2026-08-23,B1,Lommel SK,Westerlo,0.3958,0.2862,0.318,H,0.4896,1-1,0.1363,4-0,H,1,0,0,0.9269,H,-0.0741,1.5
2026-08-23,SP1,Getafe,Santander,0.4906,0.2826,0.2269,H,0.4401,1-1,0.1338,1-0,H,1,0,1,0.7122,H,-0.0222,1.2
2026-08-23,SP1,Ath Madrid,Villarreal,0.4318,0.2664,0.3017,H,0.4907,1-1,0.127,2-2,D,0,0,0,1.3227,A,0.0,-1.0
2026-08-23,G1,Panetolikos,Asteras Tripolis,0.3667,0.2925,0.3408,H,0.4178,1-1,0.1379,3-1,H,1,0,0,1.0032,,,
2026-08-23,N1,Cambuur,Feyenoord,0.0946,0.1598,0.7457,A,0.5694,0-2,0.1387,2-5,A,1,0,1,0.2935,,,
2026-08-23,F1,Angers,Lille,0.1367,0.1955,0.6679,A,0.4986,0-2,0.1352,0-2,A,1,1,1,0.4037,A,-0.0173,0.7
2026-08-23,P1,Porto,Arouca,0.7032,0.1965,0.1003,H,0.5194,2-0,0.1373,2-0,H,1,1,0,0.3521,,,
2026-08-23,T1,Trabzonspor,Buyuksehyr,0.4036,0.2974,0.2989,H,0.4976,1-1,0.1414,2-1,H,1,0,0,0.9072,D,-0.0769,-1.0
2026-08-23,N1,Go Ahead Eagles,Den Haag,0.7093,0.1757,0.1151,H,0.6298,2-0,0.1109,3-1,H,1,0,1,0.3435,H,0.0359,0.73
2026-08-23,T1,Eyupspor,Gaziantep,0.4413,0.2847,0.274,H,0.4849,1-1,0.1357,0-1,A,0,0,1,1.2947,H,-0.0248,-1.0
2026-08-23,I1,Frosinone,Juventus,0.1408,0.2095,0.6496,A,0.4617,0-1,0.1433,0-1,A,1,1,1,0.4314,,,
2026-08-23,I1,Venezia,Lecce,0.3714,0.2889,0.3397,H,0.3728,1-1,0.1325,0-2,A,0,0,1,1.0798,A,-0.2,2.6
2026-08-23,I1,Atalanta,Sassuolo,0.5809,0.2504,0.1686,H,0.4942,1-1,0.1192,2-1,H,1,0,0,0.5431,,,
2026-08-23,I1,Torino,Milan,0.2558,0.2646,0.4795,A,0.4371,1-1,0.1247,1-2,A,1,0,0,0.7349,H,0.097,-1.0
2026-08-23,T1,Goztep,Genclerbirligi,0.6062,0.2411,0.1527,H,0.5749,1-1,0.1134,0-1,A,0,0,0,1.879,H,-0.1571,-1.0
2026-08-23,E0,Brighton,Aston Villa,0.4131,0.2674,0.3195,H,0.5242,1-1,0.1266,4-0,H,1,0,1,0.8841,,,
2026-08-23,E0,Man City,Bournemouth,0.6196,0.2242,0.1563,H,0.5525,2-0,0.11,2-1,H,1,0,1,0.4787,,,
2026-08-23,E0,Newcastle,Liverpool,0.3108,0.2614,0.4278,A,0.5334,1-1,0.1236,2-2,D,0,0,1,1.3417,H,0.0256,-1.0
2026-08-24,I1,Bologna,Lazio,0.374,0.2795,0.3464,H,0.4122,1-1,0.1312,0-1,A,0,0,1,1.0601,A,0.1667,2.5
2026-08-24,SP1,Osasuna,Levante,0.4622,0.3064,0.2315,H,0.5111,1-1,0.1452,0-0,D,0,0,0,1.183,D,0.0588,2.6
2026-08-24,SP1,Malaga,La Coruna,0.3899,0.2855,0.3246,H,0.4306,1-1,0.1351,1-1,D,0,1,1,1.2536,,,
2026-08-24,T1,Kocaelispor,Amedspor,0.2362,0.2725,0.4913,A,0.4495,1-1,0.1283,2-0,H,0,0,1,1.4432,A,0.0333,-1.0
2026-08-24,I1,Roma,Fiorentina,0.6221,0.2323,0.1456,H,0.4355,1-0,0.1559,4-0,H,1,0,0,0.4747,,,
2026-08-24,E0,Fulham,Chelsea,0.4055,0.2888,0.3057,H,0.3653,1-0,0.1389,2-3,A,0,0,0,1.1853,H,0.0,-1.0
2026-08-24,P1,Gil Vicente,Casa Pia,0.512,0.2899,0.1981,H,0.4451,1-1,0.1375,2-0,H,1,0,1,0.6695,,,
2026-08-25,SP1,Valencia,Betis,0.3149,0.2908,0.3943,A,0.4806,1-1,0.1386,0-1,A,1,0,1,0.9306,,,
2026-08-26,SP1,Real Madrid,Sociedad,0.7996,0.1347,0.0657,H,0.6677,2-0,0.1211,4-1,H,1,0,1,0.2237,H,0.1111,0.3
2026-08-27,SP1,Barcelona,Ath Bilbao,0.8282,0.1145,0.0573,H,0.6657,2-0,0.1302,2-0,H,1,1,0,0.1885,H,0.0902,0.33
2026-08-27,SP1,Celta,Osasuna,0.4657,0.2941,0.2402,H,0.4424,1-1,0.1395,1-2,A,0,0,0,1.4262,,,
2026-08-28,F1,Lille,Paris SG,0.3574,0.2735,0.3691,A,0.4828,1-1,0.1304,2-2,D,0,0,0,1.2964,H,0.1111,-1.0
2026-08-28,SP1,Santander,Elche,0.462,0.2954,0.2426,H,0.4137,1-1,0.1387,3-2,H,1,0,0,0.7722,D,-0.027,-1.0
2026-08-28,SP1,Alaves,Villarreal,0.3191,0.2703,0.4106,A,0.5014,1-1,0.1286,1-0,H,0,0,0,1.1422,,,
2026-08-28,P1,Rio Ave,Sp Lisbon,0.1027,0.1637,0.7336,A,0.5948,0-2,0.1274,0-4,A,1,0,1,0.3097,,,
2026-08-28,T1,Genclerbirligi,Erzurumspor,0.5004,0.2764,0.2233,H,0.412,1-0,0.1298,1-1,D,0,0,1,1.2861,,,
2026-08-28,B1,Genk,Beveren,0.7148,0.1753,0.1099,H,0.597,2-0,0.1212,4-0,H,1,0,1,0.3357,H,-0.0719,0.42
2026-08-28,I1,Milan,Venezia,0.6468,0.2256,0.1276,H,0.4796,1-0,0.1375,2-0,H,1,0,1,0.4357,,,
2026-08-28,D1,Bayern Munich,Stuttgart,0.7228,0.1653,0.1119,H,0.7336,2-1,0.0946,5-1,H,1,0,1,0.3246,D,-0.0667,-1.0
2026-08-28,E0,Crystal Palace,Man City,0.1689,0.2091,0.622,A,0.5294,0-1,0.1175,1-4,A,1,0,1,0.4749,A,0.0309,0.67
2026-08-28,E1,Wrexham,Birmingham,0.4213,0.2935,0.2853,H,0.4765,1-1,0.1399,1-2,A,0,0,0,1.2543,,,
2026-08-28,N1,Groningen,For Sittard,0.5587,0.2485,0.1928,H,0.5722,1-1,0.1167,2-3,A,0,0,1,1.6463,D,0.0,-1.0
2026-08-29,SC0,Hearts,St Johnstone,0.798,0.1309,0.071,H,0.6648,2-0,0.1223,2-1,H,1,0,1,0.2256,H,-0.0175,0.68
2026-08-29,E1,Cardiff,Sheffield United,0.3487,0.2747,0.3765,A,0.4899,1-1,0.1309,2-2,D,0,0,0,1.2919,,,
2026-08-29,SC0,Kilmarnock,Dundee United,0.4786,0.2794,0.242,H,0.484,1-1,0.1332,0-4,A,0,0,0,1.4189,H,-0.06,-1.0
2026-08-29,E1,Charlton,Preston,0.4229,0.2779,0.2992,H,0.5102,1-1,0.132,1-0,H,1,0,0,0.8606,A,0.0286,-1.0
2026-08-29,E1,Norwich,Burnley,0.4486,0.264,0.2874,H,0.4794,1-1,0.1258,4-1,H,1,0,0,0.8016,,,
2026-08-29,G1,Volos NFC,Iraklis,0.3746,0.2864,0.339,H,0.4098,1-1,0.1344,1-1,D,0,1,1,1.2503,A,0.2424,-1.0
2026-08-29,N1,Excelsior,Sparta Rotterdam,0.4461,0.2781,0.2758,H,0.5327,1-1,0.1314,2-1,H,1,0,1,0.8072,H,0.0909,1.4
2026-08-29,N1,AZ Alkmaar,Go Ahead Eagles,0.6435,0.212,0.1445,H,0.6257,2-1,0.1015,5-2,H,1,0,1,0.4408,,,
2026-08-29,N1,Zwolle,Nijmegen,0.2022,0.2455,0.5523,A,0.6113,1-1,0.1129,1-3,A,1,0,1,0.5937,,,
2026-08-29,SC0,Celtic,Falkirk,0.8434,0.0993,0.0573,H,0.7054,2-0,0.1202,2-1,H,1,0,1,0.1704,,,
2026-08-29,G1,Panetolikos,Kalamata,0.5244,0.2548,0.2208,H,0.4976,1-1,0.1215,2-0,H,1,0,1,0.6456,H,0.0,1.2
2026-08-29,E1,Southampton,Millwall,0.411,0.2847,0.3043,H,0.5125,1-1,0.1351,5-1,H,1,0,1,0.8891,A,0.0909,-1.0
2026-08-29,E1,Watford,West Ham,0.2322,0.2274,0.5404,A,0.5929,1-1,0.1059,1-1,D,0,1,0,1.4811,,,
2026-08-29,E1,Bolton,Lincoln,0.3781,0.254,0.3679,H,0.4804,1-1,0.1211,0-1,A,0,0,1,1.0001,A,0.0185,1.75
2026-08-29,B1,Kortrijk,Charleroi,0.2504,0.2498,0.4998,A,0.4977,1-1,0.1191,1-3,A,1,0,0,0.6935,,,
2026-08-29,T1,Konyaspor,Kocaelispor,0.4767,0.2898,0.2335,H,0.4044,1-1,0.1352,1-2,A,0,0,0,1.4547,,,
2026-08-29,T1,Galatasaray,Goztep,0.7184,0.1774,0.1042,H,0.6825,2-1,0.0987,3-2,H,1,0,1,0.3308,,,
2026-08-29,T1,Gaziantep,Rizespor,0.3867,0.2977,0.3156,H,0.4969,1-1,0.1416,1-2,A,0,0,0,1.1532,D,0.0294,-1.0
2026-08-29,E0,Liverpool,Nott'm Forest,0.5342,0.2387,0.2271,H,0.5979,1-1,0.1105,2-2,D,0,0,1,1.4327,A,-0.0417,-1.0
2026-08-29,E0,Bournemouth,Everton,0.5184,0.2633,0.2183,H,0.5001,1-1,0.1255,1-1,D,0,1,0,1.3343,H,-0.0682,-1.0
2026-08-29,SP1,Sociedad,Espanol,0.4196,0.3072,0.2732,H,0.4485,1-1,0.1462,2-1,H,1,0,0,0.8684,D,-0.027,-1.0
2026-08-29,E1,Derby,Swansea,0.4291,0.2892,0.2817,H,0.4962,1-1,0.1377,0-3,A,0,0,0,1.2668,,,
2026-08-29,E0,Coventry,Hull,0.6105,0.2287,0.1608,H,0.5434,1-1,0.1089,0-1,A,0,0,0,1.8277,H,0.0983,-1.0
2026-08-29,P1,Alverca,Santa Clara,0.361,0.3096,0.3294,H,0.4189,1-1,0.1463,1-1,D,0,1,1,1.1724,,,
2026-08-29,P1,Arouca,Maritimo,0.5198,0.2592,0.2209,H,0.4972,1-1,0.1236,2-1,H,1,0,0,0.6542,H,0.0714,1.1
2026-08-29,P1,Academico Viseu,Porto,0.1149,0.1799,0.7052,A,0.6044,0-2,0.1167,0-3,A,1,0,1,0.3492,,,
2026-08-29,E1,Middlesbrough,West Brom,0.5103,0.2656,0.2241,H,0.5062,1-1,0.1265,3-1,H,1,0,1,0.6728,,,
2026-08-29,E1,Wolves,Stoke,0.5884,0.2456,0.166,H,0.484,1-0,0.1252,4-1,H,1,0,0,0.5304,D,0.1395,-1.0
2026-08-29,E1,Blackburn,QPR,0.4076,0.2733,0.3191,H,0.4582,1-1,0.1301,1-2,A,0,0,0,1.1424,H,-0.1135,-1.0
2026-08-29,E1,Bristol City,Portsmouth,0.4654,0.2711,0.2635,H,0.4879,1-1,0.1292,2-1,H,1,0,0,0.7649,,,
2026-08-29,B1,Oud-Heverlee Leuven,Standard,0.2746,0.2659,0.4595,A,0.5557,1-1,0.1246,1-2,A,1,0,1,0.7776,A,-0.0784,1.35
2026-08-29,B1,Cercle Brugge,Lommel SK,0.5082,0.2652,0.2266,H,0.53,1-1,0.1259,0-1,A,0,0,0,1.4848,D,0.0,-1.0
2026-08-29,B1,RAAL La Louviere,Mechelen,0.4797,0.2496,0.2707,H,0.479,1-1,0.1189,2-2,D,0,0,0,1.388,H,0.0,-1.0
2026-08-29,E0,Tottenham,Newcastle,0.3913,0.2809,0.3277,H,0.4716,1-1,0.1339,0-2,A,0,0,1,1.1156,,,
2026-08-29,SP1,Sevilla,Ath Madrid,0.3158,0.2886,0.3956,A,0.4481,1-1,0.1372,1-3,A,1,0,0,0.9274,H,-0.122,-1.0
2026-08-29,D1,Mainz,Paderborn,0.6639,0.1947,0.1414,H,0.5931,2-0,0.1107,0-0,D,0,0,0,1.6361,H,0.1,-1.0
2026-08-29,D1,Elversberg,Leverkusen,0.2028,0.1981,0.5991,A,0.6045,1-2,0.0983,3-2,H,0,0,1,1.5955,,,
2026-08-29,D1,FC Koln,Hoffenheim,0.3037,0.2549,0.4414,A,0.5513,1-1,0.1198,3-2,H,0,0,1,1.1917,,,
2026-08-29,D1,RB Leipzig,M'gladbach,0.6824,0.1935,0.1241,H,0.6379,2-0,0.1022,3-0,H,1,0,1,0.3821,H,0.0129,0.57
2026-08-29,D1,Union Berlin,Ein Frankfurt,0.3463,0.2709,0.3828,A,0.5475,1-1,0.127,3-3,D,0,0,1,1.3062,,,
2026-08-29,D1,Dortmund,Hamburg,0.7534,0.1596,0.087,H,0.6126,2-0,0.1266,2-0,H,1,1,0,0.2832,,,
2026-08-29,F1,Strasbourg,Lens,0.2501,0.2586,0.4913,A,0.6169,1-1,0.1164,2-1,H,0,0,1,1.3858,,,
2026-08-29,F1,Brest,Toulouse,0.4154,0.2931,0.2915,H,0.4788,1-1,0.1397,2-2,D,0,0,0,1.2273,H,0.1191,-1.0
2026-08-29,F1,Lorient,Troyes,0.6799,0.2012,0.1189,H,0.5427,2-0,0.1257,1-2,A,0,0,1,2.1295,H,-0.0769,-1.0
2026-08-29,F1,Lyon,Le Havre,0.6168,0.2261,0.1572,H,0.5287,1-0,0.1174,1-1,D,0,0,0,1.4869,,,
2026-08-29,F1,Auxerre,Angers,0.5896,0.2364,0.174,H,0.4953,1-0,0.1251,1-3,A,0,0,0,1.7488,H,-0.1136,-1.0
2026-08-29,I1,Sassuolo,Torino,0.4497,0.2944,0.2559,H,0.4412,1-1,0.1396,2-1,H,1,0,0,0.7993,,,
2026-08-29,I1,Monza,Udinese,0.26,0.2514,0.4886,A,0.4249,0-1,0.1353,2-3,A,1,0,0,0.7162,A,-0.0769,1.4
2026-08-29,I1,Fiorentina,Frosinone,0.5175,0.2605,0.2221,H,0.4617,1-0,0.1238,0-3,A,0,0,0,1.5048,A,0.2125,4.25
2026-08-29,SP1,Levante,Betis,0.2803,0.2832,0.4365,A,0.5077,1-1,0.1346,5-2,H,0,0,1,1.2719,,,
2026-08-29,I1,Juventus,Parma,0.7858,0.1413,0.0729,H,0.5838,2-0,0.1455,2-0,H,1,1,0,0.241,,,
2026-08-30,G1,Atromitos,PAOK,0.2358,0.2597,0.5045,A,0.5258,1-1,0.1233,1-2,A,1,0,1,0.6841,H,-0.1304,-1.0
2026-08-30,P1,Famalicao,Gil Vicente,0.5137,0.2756,0.2107,H,0.4079,1-0,0.1415,0-0,D,0,0,1,1.2887,H,0.2216,-1.0
2026-08-30,P1,Casa Pia,Moreirense,0.4012,0.2917,0.3071,H,0.3545,1-0,0.1403,0-1,A,0,0,1,1.1805,,,
2026-08-30,P1,Nacional,Estrela,0.404,0.2728,0.3232,H,0.4633,1-1,0.1299,2-3,A,0,0,0,1.1295,,,
2026-08-30,F1,Rennes,Le Mans,0.6542,0.2058,0.14,H,0.6497,2-1,0.0966,3-2,H,1,0,1,0.4243,,,
2026-08-30,F1,Monaco,Marseille,0.4146,0.2767,0.3087,H,0.5084,1-1,0.1315,2-0,H,1,0,0,0.8805,,,
2026-08-30,B1,St. Gilloise,Anderlecht,0.7167,0.1769,0.1064,H,0.6747,2-0,0.0989,3-0,H,1,0,1,0.3331,H,-0.0457,0.67
2026-08-30,G1,Asteras Tripolis,Olympiakos,0.1154,0.1897,0.695,A,0.5392,0-2,0.1325,0-1,A,1,0,0,0.3639,H,0.4667,-1.0
2026-08-30,B1,Westerlo,Waregem,0.3115,0.2821,0.4064,A,0.5352,1-1,0.1328,2-2,D,0,0,1,1.2655,,,
2026-08-30,D1,Freiburg,Werder Bremen,0.5039,0.2684,0.2277,H,0.5146,1-1,0.1276,4-1,H,1,0,1,0.6854,,,
2026-08-30,D1,Augsburg,Schalke 04,0.5122,0.2693,0.2185,H,0.5951,1-1,0.1227,3-0,H,1,0,1,0.669,H,-0.0652,1.15
2026-08-30,G1,Aris,OFI Crete,0.7064,0.1825,0.1111,H,0.5389,2-0,0.1357,2-1,H,1,0,1,0.3476,H,-0.0852,0.61
2026-08-30,B1,Antwerp,St Truiden,0.3481,0.2654,0.3865,A,0.5708,1-1,0.1229,1-4,A,1,0,1,0.9507,A,0.08,1.7
2026-08-30,E0,Man United,Ipswich,0.6669,0.199,0.1342,H,0.6102,2-0,0.1059,5-2,H,1,0,1,0.4052,,,
2026-08-30,G1,Kifisia,AEK,0.1895,0.2369,0.5737,A,0.5006,0-1,0.1272,1-1,D,0,0,0,1.4403,H,-0.1818,-1.0
2026-08-30,E0,Sunderland,Fulham,0.3804,0.2932,0.3264,H,0.4281,1-1,0.1388,1-0,H,1,0,1,0.9664,,,
2026-08-30,T1,Samsunspor,Fenerbahce,0.245,0.2389,0.5161,A,0.6423,1-1,0.1062,0-2,A,1,0,0,0.6615,H,-0.0476,-1.0
2026-08-30,T1,Buyuksehyr,Kasimpasa,0.651,0.2144,0.1346,H,0.5736,2-0,0.1107,1-1,D,0,0,0,1.5397,H,0.0255,-1.0
2026-08-30,T1,Eyupspor,Alanyaspor,0.3405,0.3036,0.3559,A,0.4468,1-1,0.1445,2-1,H,0,0,0,1.0773,H,-0.1579,2.2
2026-08-30,I1,Napoli,Como,0.4581,0.2792,0.2627,H,0.4219,1-1,0.1313,1-2,A,0,0,0,1.3368,H,0.1111,-1.0
2026-08-30,I1,Cagliari,Inter,0.1495,0.201,0.6495,A,0.5914,0-2,0.1069,0-1,A,1,0,0,0.4316,,,
2026-08-30,I1,Lazio,Genoa,0.6262,0.2345,0.1392,H,0.5047,1-0,0.1246,1-0,H,1,1,0,0.468,H,-0.1304,1.0
2026-08-30,N1,Utrecht,PSV Eindhoven,0.2069,0.2347,0.5584,A,0.6869,1-1,0.0987,1-6,A,1,0,1,0.5827,,,
2026-08-30,N1,Feyenoord,Den Haag,0.8703,0.087,0.0427,H,0.7208,3-0,0.1229,2-2,D,0,0,1,2.442,,,
2026-08-30,N1,Willem II,Heerenveen,0.2475,0.2285,0.5241,A,0.6373,1-1,0.1022,2-2,D,0,0,1,1.4764,,,
2026-08-30,N1,Telstar,Ajax,0.2062,0.2218,0.5721,A,0.618,1-1,0.1016,0-4,A,1,0,1,0.5585,,,
2026-08-30,F1,Paris FC,Nice,0.5159,0.2773,0.2068,H,0.4335,1-1,0.1305,3-0,H,1,0,0,0.6618,H,0.0513,1.05
2026-08-30,N1,Cambuur,Twente,0.1251,0.1835,0.6914,A,0.5709,0-1,0.124,1-4,A,1,0,1,0.3691,,,
2026-08-30,B1,Gent,Club Brugge,0.1077,0.1625,0.7299,A,0.606,0-2,0.123,2-1,H,0,0,1,2.2288,A,0.0625,-1.0
2026-08-30,E0,Leeds,Brentford,0.4401,0.2902,0.2697,H,0.4666,1-1,0.1383,1-1,D,0,1,1,1.2371,H,-0.0714,-1.0
2026-08-30,SP1,Celta,Ath Bilbao,0.4555,0.2877,0.2568,H,0.4353,1-1,0.1362,0-2,A,0,0,1,1.3596,H,-0.1736,-1.0
2026-08-30,SP1,La Coruna,Valencia,0.3445,0.2666,0.3889,A,0.4806,1-1,0.1271,3-1,H,0,0,0,1.0657,A,0.0764,-1.0
2026-08-30,SP1,Real Madrid,Malaga,0.8841,0.0776,0.0383,H,0.6943,3-0,0.147,4-0,H,1,0,1,0.1232,,,
2026-08-30,SC0,St Mirren,Motherwell,0.3596,0.266,0.3744,A,0.4384,1-1,0.1259,3-3,D,0,0,0,1.3242,A,0.0189,-1.0
2026-08-30,E0,Chelsea,Brighton,0.315,0.2823,0.4027,A,0.4789,1-1,0.1346,4-3,H,0,0,0,1.1551,A,0.0,-1.0
2026-08-30,SC0,Dundee,Hibernian,0.3693,0.2708,0.3599,H,0.4108,1-1,0.1269,1-2,A,0,0,0,1.022,H,-0.0588,-1.0
2026-08-30,SC0,Aberdeen,Rangers,0.1436,0.1914,0.6651,A,0.6244,0-2,0.103,0-1,A,1,0,0,0.4079,A,0.0,0.76
2026-08-31,T1,Besiktas,Corum,0.7457,0.1567,0.0976,H,0.6703,2-0,0.1073,6-2,H,1,0,1,0.2934,H,-0.0144,0.37
2026-08-31,T1,Amedspor,Trabzonspor,0.2606,0.2668,0.4726,A,0.46,1-1,0.1269,2-1,H,0,0,0,1.3449,,,
2026-08-31,E0,Aston Villa,Arsenal,0.2312,0.2467,0.5222,A,0.456,0-1,0.1296,0-1,A,1,1,1,0.6498,H,-0.0769,-1.0
2026-08-31,I1,Atalanta,Bologna,0.4528,0.2906,0.2567,H,0.4648,1-1,0.1384,1-0,H,1,0,1,0.7924,D,0.0714,-1.0
2026-08-31,I1,Lecce,Roma,0.1526,0.2042,0.6432,A,0.5584,0-2,0.1148,0-4,A,1,0,1,0.4413,H,0.0667,-1.0
2026-08-31,SP1,Barcelona,Vallecano,0.8019,0.1288,0.0693,H,0.7004,2-0,0.1102,5-2,H,1,0,1,0.2208,,,
2026-08-31,P1,Sp Braga,Guimaraes,0.5919,0.2458,0.1623,H,0.5432,1-1,0.1168,1-0,H,1,0,0,0.5244,H,-0.0455,0.68
2026-08-31,P1,Benfica,Estoril,0.8492,0.1037,0.0471,H,0.6817,2-0,0.1305,2-1,H,1,0,1,0.1634,,,
2026-08-31,SP1,Osasuna,Getafe,0.5197,0.2714,0.2089,H,0.4546,1-1,0.1284,1-0,H,1,0,1,0.6544,H,0.0233,1.2
2026-08-31,G1,Levadeiakos,Panathinaikos,0.1873,0.2054,0.6073,A,0.5576,0-2,0.1063,0-2,A,1,1,0,0.4987,H,-0.0385,-1.0
2026-09-01,E1,Preston,Bristol City,0.3526,0.2814,0.366,A,0.4413,1-1,0.1336,1-3,A,1,0,0,1.0052,,,
2026-09-01,E1,Sheffield United,Bolton,0.6165,0.2278,0.1557,H,0.4257,1-0,0.1576,3-2,H,1,0,0,0.4837,,,
2026-09-01,E1,Swansea,Watford,0.562,0.2516,0.1864,H,0.4584,1-0,0.1324,2-0,H,1,0,1,0.5762,H,-0.0276,0.76
2026-09-01,E1,West Ham,Wolves,0.5441,0.2669,0.1889,H,0.5228,1-1,0.127,4-2,H,1,0,1,0.6086,H,-0.0651,1.01
2026-09-01,E1,Birmingham,Southampton,0.3402,0.2584,0.4013,A,0.5143,1-1,0.1228,1-1,D,0,1,0,1.3531,A,0.0708,-1.0
2026-09-01,E1,Stoke,Norwich,0.3335,0.2586,0.4079,A,0.4249,1-1,0.1217,1-0,H,0,0,1,1.098,H,0.0303,2.4
2026-09-01,E1,Portsmouth,Derby,0.459,0.2689,0.2721,H,0.4684,1-1,0.1281,0-2,A,0,0,1,1.3017,A,0.1111,3.0
2026-09-01,E1,Lincoln,Blackburn,0.4225,0.3006,0.277,H,0.4783,1-1,0.1432,0-0,D,0,0,1,1.2021,,,
2026-09-02,E1,West Brom,Charlton,0.5035,0.2648,0.2318,H,0.4939,1-1,0.1262,1-1,D,0,1,1,1.3288,A,-0.0952,-1.0
2026-09-02,B1,St Truiden,St. Gilloise,0.2557,0.2466,0.4977,A,0.5946,1-1,0.1132,0-3,A,1,0,1,0.6977,,,
2026-09-02,E1,Millwall,Wrexham,0.583,0.2374,0.1796,H,0.5378,1-1,0.1129,0-3,A,0,0,1,1.7169,H,-0.0222,-1.0
2026-09-02,E1,QPR,Cardiff,0.5034,0.2637,0.2329,H,0.48,1-1,0.1257,2-1,H,1,0,0,0.6864,,,
2026-09-02,E1,Burnley,Middlesbrough,0.3033,0.2857,0.411,A,0.5383,1-1,0.1343,1-1,D,0,1,0,1.2527,,,
2026-09-02,SC0,Kilmarnock,St Mirren,0.3595,0.2935,0.3471,H,0.521,1-1,0.1387,0-1,A,0,0,0,1.0582,,,
2026-09-02,SC0,Celtic,Aberdeen,0.8698,0.0874,0.0428,H,0.6691,2-0,0.1423,3-0,H,1,0,1,0.1395,,,
2026-09-02,SC0,Dundee,St Johnstone,0.535,0.2634,0.2016,H,0.4851,1-1,0.1255,1-1,D,0,1,1,1.334,H,-0.0078,-1.0
2026-09-02,SC0,Motherwell,Dundee United,0.5529,0.2611,0.186,H,0.5286,1-1,0.1242,3-0,H,1,0,1,0.5925,H,-0.1872,0.91
2026-09-02,SC0,Falkirk,Rangers,0.1458,0.187,0.6672,A,0.6191,0-2,0.1052,1-2,A,1,0,1,0.4046,A,0.0685,0.56
2026-09-03,F1,Toulouse,Lille,0.1808,0.2335,0.5857,A,0.459,0-1,0.1327,0-1,A,1,1,1,0.5349,A,0.0488,1.15
2026-09-03,B1,Gent,Oud-Heverlee Leuven,0.5658,0.2617,0.1725,H,0.5121,1-1,0.1247,1-0,H,1,0,0,0.5695,,,
2026-09-03,B1,Anderlecht,Kortrijk,0.647,0.2069,0.1461,H,0.6022,2-0,0.1036,1-0,H,1,0,0,0.4354,H,0.0882,0.48
2026-09-03,SP1,Sociedad,Celta,0.4297,0.3058,0.2645,H,0.4565,1-1,0.1457,0-0,D,0,0,1,1.1849,D,-0.027,2.6
2026-09-03,SC0,Hibernian,Hearts,0.2523,0.2811,0.4666,A,0.4809,1-1,0.134,1-3,A,1,0,0,0.7623,A,-0.0702,1.65
2026-09-04,E0,Ipswich,Liverpool,0.2388,0.2419,0.5193,A,0.5988,1-1,0.111,0-2,A,1,0,0,0.6553,H,0.1053,-1.0
2026-09-04,P1,Porto,Moreirense,0.8413,0.1101,0.0486,H,0.609,2-0,0.1552,2-1,H,1,0,1,0.1728,,,
2026-09-04,I1,Genoa,Como,0.1947,0.2477,0.5577,A,0.4306,0-1,0.1408,1-4,A,1,0,0,0.584,,,
2026-09-04,T1,Buyuksehyr,Galatasaray,0.2493,0.2367,0.5141,A,0.6511,1-1,0.1036,2-3,A,1,0,1,0.6654,H,0.0526,-1.0
2026-09-04,SP1,Betis,Real Madrid,0.2161,0.249,0.535,A,0.5864,1-1,0.1154,1-0,H,0,0,0,1.5322,H,0.12,6.0
2026-09-04,N1,Sparta Rotterdam,Zwolle,0.5011,0.2842,0.2148,H,0.5009,1-1,0.1354,2-2,D,0,0,1,1.2582,,,
2026-09-04,F1,Lyon,Auxerre,0.6053,0.2285,0.1662,H,0.6187,1-1,0.1047,3-1,H,1,0,1,0.502,A,0.1538,-1.0
2026-09-04,D1,Stuttgart,FC Koln,0.6205,0.2068,0.1728,H,0.6493,1-1,0.0937,4-1,H,1,0,1,0.4773,,,
2026-09-04,F1,Paris SG,Monaco,0.6108,0.2136,0.1756,H,0.648,2-1,0.0989,1-2,A,0,0,1,1.7396,A,-0.0625,6.5
2026-09-04,B1,Lommel SK,Club Brugge,0.1203,0.1957,0.684,A,0.5852,0-2,0.1154,0-1,A,1,0,0,0.3798,,,
2026-09-05,N1,Ajax,PSV Eindhoven,0.2145,0.2215,0.5639,A,0.6601,1-1,0.0979,1-3,A,1,0,1,0.5728,A,-0.04,1.4
2026-09-05,N1,Willem II,Excelsior,0.2612,0.2627,0.4761,A,0.5204,1-1,0.1247,0-3,A,1,0,1,0.7422,A,0.0698,1.3
2026-09-05,SC0,St Mirren,Celtic,0.1328,0.1925,0.6746,A,0.5984,0-2,0.1109,1-2,A,1,0,1,0.3936,A,0.0432,0.45
2026-09-05,SC0,Rangers,Motherwell,0.6376,0.2293,0.1332,H,0.602,1-1,0.1075,1-0,H,1,0,0,0.4501,,,
2026-09-05,SC0,Dundee United,Falkirk,0.4621,0.2853,0.2526,H,0.4372,1-1,0.1351,1-1,D,0,1,1,1.2542,,,
2026-09-05,SC0,Aberdeen,Kilmarnock,0.4222,0.2859,0.2919,H,0.4652,1-1,0.1362,0-0,D,0,0,1,1.2521,A,-0.1429,-1.0
2026-09-05,G1,Volos NFC,Olympiakos,0.0932,0.1635,0.7433,A,0.5374,0-2,0.1492,1-1,D,0,0,0,1.8109,,,
2026-09-05,N1,Nijmegen,Feyenoord,0.3022,0.2603,0.4375,A,0.5715,1-1,0.1208,1-3,A,1,0,1,0.8268,,,
2026-09-05,I1,Inter,Napoli,0.6057,0.2282,0.1661,H,0.5799,1-1,0.1072,3-2,H,1,0,1,0.5013,H,0.0309,0.67
2026-09-05,I1,Roma,Atalanta,0.5841,0.2405,0.1754,H,0.5541,1-1,0.1135,2-1,H,1,0,1,0.5376,H,0.0485,0.73
2026-09-05,F1,Lens,Lorient,0.7171,0.1731,0.1098,H,0.6601,2-0,0.1037,0-1,A,0,0,0,2.2087,H,-0.0333,-1.0
2026-09-05,E1,Millwall,Bolton,0.714,0.1917,0.0943,H,0.4769,1-0,0.1564,4-0,H,1,0,0,0.3369,H,-0.0262,0.86
2026-09-05,E1,Burnley,Bristol City,0.4346,0.2952,0.2702,H,0.5025,1-1,0.1404,1-2,A,0,0,1,1.3084,A,0.0667,3.0
2026-09-05,B1,Standard,Antwerp,0.4481,0.2767,0.2752,H,0.5348,1-1,0.1305,1-0,H,1,0,0,0.8028,,,
2026-09-05,I1,Fiorentina,Torino,0.4565,0.2944,0.2491,H,0.4445,1-1,0.1398,1-2,A,0,0,0,1.3899,A,0.1538,3.5
2026-09-05,B1,St Truiden,RAAL La Louviere,0.6476,0.1995,0.1529,H,0.6301,2-1,0.0986,4-0,H,1,0,1,0.4345,H,0.0458,0.6
2026-09-05,B1,Mechelen,Westerlo,0.427,0.2808,0.2922,H,0.4901,1-1,0.1337,0-4,A,0,0,0,1.2303,,,
2026-09-05,G1,AEK,Aris,0.5494,0.2322,0.2183,H,0.5543,1-1,0.1099,5-0,H,1,0,1,0.5989,A,-0.1579,-1.0
2026-09-05,E1,Portsmouth,Cardiff,0.4178,0.2786,0.3036,H,0.4705,1-1,0.1328,2-0,H,1,0,1,0.8728,,,
2026-09-05,E1,QPR,Middlesbrough,0.338,0.2609,0.4012,A,0.5245,1-1,0.1236,0-1,A,1,0,0,0.9134,H,0.1852,-1.0
2026-09-05,SP1,Villarreal,La Coruna,0.7173,0.1845,0.0982,H,0.6295,2-0,0.1121,2-3,A,0,0,1,2.3209,H,0.0417,-1.0
2026-09-05,SP1,Vallecano,Santander,0.5166,0.2665,0.2169,H,0.5417,1-1,0.1261,3-2,H,1,0,1,0.6605,H,0.1538,1.25
2026-09-05,E1,Sheffield United,Norwich,0.4206,0.2738,0.3056,H,0.507,1-1,0.1302,1-3,A,0,0,1,1.1856,H,0.0,-1.0
2026-09-05,E1,West Brom,Watford,0.5193,0.2583,0.2224,H,0.4551,1-0,0.1255,1-0,H,1,1,1,0.6552,,,
2026-09-05,E1,West Ham,Derby,0.6766,0.1914,0.1319,H,0.5863,2-0,0.1146,3-0,H,1,0,1,0.3907,,,
2026-09-05,E1,Swansea,Wrexham,0.5008,0.2662,0.233,H,0.4967,1-1,0.1269,0-0,D,0,0,1,1.3237,H,-0.0227,-1.0
2026-09-05,B1,Charleroi,St. Gilloise,0.2057,0.2373,0.557,A,0.5512,1-1,0.112,2-3,A,1,0,1,0.5852,A,0.1351,1.1
2026-09-05,T1,Erzurumspor,Konyaspor,0.4581,0.2804,0.2615,H,0.4843,1-1,0.1336,1-0,H,1,0,1,0.7806,H,-0.0517,1.2
2026-09-05,T1,Fenerbahce,Besiktas,0.6721,0.1853,0.1426,H,0.6746,2-1,0.104,1-2,A,0,0,1,1.9479,H,-0.1619,-1.0
2026-09-05,SP1,Ath Bilbao,Ath Madrid,0.3225,0.293,0.3845,A,0.4717,1-1,0.1396,3-0,H,0,0,0,1.1315,,,
2026-09-05,F1,Le Havre,Brest,0.4266,0.2818,0.2916,H,0.495,1-1,0.1342,1-2,A,0,0,0,1.2323,H,-0.0931,-1.0
2026-09-05,E0,Newcastle,Bournemouth,0.3607,0.2916,0.3477,H,0.4938,1-1,0.1388,2-2,D,0,0,0,1.2323,A,0.0154,-1.0
2026-09-05,E0,Brentford,Sunderland,0.4845,0.2778,0.2377,H,0.5168,1-1,0.132,1-1,D,0,1,0,1.2808,A,0.1579,-1.0
2026-09-05,E0,Brighton,Leeds,0.5412,0.2536,0.2051,H,0.533,1-1,0.1206,1-1,D,0,1,0,1.3719,H,0.0209,-1.0
2026-09-05,E1,Lincoln,Southampton,0.2631,0.2806,0.4563,A,0.5036,1-1,0.1335,1-1,D,0,1,0,1.271,H,0.0244,-1.0
2026-09-05,P1,Estrela,Famalicao,0.2746,0.2721,0.4532,A,0.4297,1-1,0.1283,2-2,D,0,0,0,1.3015,A,0.0,-1.0
2026-09-05,P1,Alverca,Sp Braga,0.204,0.2364,0.5596,A,0.467,0-1,0.1299,1-2,A,1,0,0,0.5805,,,
2026-09-05,P1,Maritimo,Benfica,0.1159,0.1596,0.7245,A,0.6654,1-2,0.1061,0-3,A,1,0,1,0.3222,H,-0.2,-1.0
2026-09-05,P1,Sp Lisbon,Nacional,0.8642,0.0937,0.0421,H,0.7005,2-0,0.1275,2-0,H,1,1,0,0.1459,,,
2026-09-05,D1,Schalke 04,Bayern Munich,0.098,0.1438,0.7582,A,0.8475,1-2,0.0864,0-0,D,0,0,0,1.9395,H,0.1538,-1.0
2026-09-05,F1,Nice,Le Mans,0.4604,0.2782,0.2613,H,0.5051,1-1,0.1324,1-1,D,0,1,0,1.2793,A,-0.1752,-1.0
2026-09-05,E1,Stoke,Charlton,0.3562,0.2816,0.3622,A,0.4077,1-1,0.1319,4-0,H,0,0,0,1.0323,A,-0.1026,-1.0
2026-09-05,D1,Werder Bremen,RB Leipzig,0.1868,0.2126,0.6007,A,0.6189,1-2,0.1093,3-1,H,0,0,1,1.6777,A,-0.0546,-1.0
2026-09-05,D1,Paderborn,Freiburg,0.2281,0.2295,0.5424,A,0.5609,1-1,0.1083,0-1,A,1,0,0,0.6117,A,0.0209,0.95
2026-09-05,E1,Preston,Blackburn,0.3917,0.2927,0.3156,H,0.4327,1-1,0.1387,2-1,H,1,0,0,0.9372,,,
2026-09-05,E0,Fulham,Crystal Palace,0.4704,0.2692,0.2603,H,0.4529,1-1,0.1278,2-3,A,0,0,0,1.3457,H,0.0455,-1.0
2026-09-05,D1,M'gladbach,Elversberg,0.3146,0.2804,0.405,A,0.5797,1-1,0.1287,3-4,A,1,0,1,0.9038,A,0.0857,2.8
2026-09-05,E0,Man City,Coventry,0.7942,0.1399,0.0659,H,0.6669,2-0,0.1192,1-0,H,1,0,0,0.2304,,,
2026-09-05,E0,Nott'm Forest,Tottenham,0.4981,0.2662,0.2357,H,0.5366,1-1,0.126,0-0,D,0,0,0,1.3234,H,-0.1111,-1.0
2026-09-05,D1,Leverkusen,Union Berlin,0.6394,0.204,0.1566,H,0.6463,2-1,0.0975,4-0,H,1,0,1,0.4473,,,
2026-09-05,D1,Hoffenheim,Dortmund,0.2394,0.255,0.5055,A,0.5746,1-1,0.1185,2-3,A,1,0,1,0.6822,A,-0.1852,1.2
2026-09-05,E0,Hull,Aston Villa,0.2427,0.259,0.4983,A,0.5484,1-1,0.1221,0-0,D,0,0,0,1.351,,,
2026-09-06,T1,Kasimpasa,Amedspor,0.4113,0.3027,0.286,H,0.4801,1-1,0.1442,2-2,D,0,0,0,1.195,,,
2026-09-06,D1,Ein Frankfurt,Augsburg,0.4367,0.2843,0.279,H,0.5813,1-1,0.1303,1-4,A,0,0,1,1.2767,D,-0.0488,-1.0
2026-09-06,SP1,Espanol,Sevilla,0.3925,0.298,0.3096,H,0.4782,1-1,0.142,1-1,D,0,1,1,1.2107,,,
2026-09-06,SP1,Malaga,Levante,0.2978,0.2555,0.4467,A,0.4751,1-1,0.1217,0-0,D,0,0,1,1.3646,A,0.0,-1.0
2026-09-06,SP1,Valencia,Barcelona,0.1173,0.1904,0.6922,A,0.5822,0-2,0.1197,0-5,A,1,0,1,0.3678,,,
2026-09-06,T1,Corum,Eyupspor,0.3374,0.2982,0.3644,A,0.4626,1-1,0.1421,3-0,H,0,0,0,1.0865,A,-0.0952,-1.0
2026-09-06,D1,Hamburg,Mainz,0.2913,0.2784,0.4304,A,0.5496,1-1,0.1304,0-5,A,1,0,1,0.8431,A,0.0213,1.4
2026-09-06,I1,Parma,Monza,0.5204,0.2765,0.2031,H,0.4513,1-1,0.1309,1-1,D,0,1,1,1.2855,H,-0.0714,-1.0
2026-09-06,I1,Bologna,Sassuolo,0.5368,0.2584,0.2048,H,0.4865,1-1,0.123,2-2,D,0,0,0,1.3534,H,0.0256,-1.0
2026-09-06,I1,Juventus,Milan,0.5619,0.2491,0.189,H,0.4269,1-0,0.1539,1-1,D,0,0,1,1.3899,H,-0.0455,-1.0
2026-09-06,T1,Trabzonspor,Genclerbirligi,0.6414,0.233,0.1256,H,0.5329,2-0,0.1172,5-0,H,1,0,1,0.4441,H,0.0876,0.49
2026-09-06,E1,Birmingham,Wolves,0.4296,0.278,0.2924,H,0.4484,1-1,0.1321,2-2,D,0,0,0,1.2801,H,0.0106,-1.0
2026-09-06,T1,Kocaelispor,Samsunspor,0.3288,0.292,0.3792,A,0.4203,1-1,0.1378,1-0,H,0,0,1,1.1124,A,-0.06,-1.0
2026-09-06,SP1,Alaves,Osasuna,0.4244,0.3005,0.2751,H,0.4385,1-1,0.1426,5-2,H,1,0,0,0.857,,,
2026-09-06,F1,Angers,Rennes,0.1932,0.2388,0.5679,A,0.5872,1-1,0.1117,1-2,A,1,0,1,0.5657,A,0.0882,0.85
2026-09-06,G1,Levadeiakos,Panetolikos,0.4711,0.2869,0.242,H,0.4826,1-1,0.1367,0-2,A,0,0,1,1.4188,,,
2026-09-06,B1,Cercle Brugge,Gent,0.4286,0.2724,0.2991,H,0.5231,1-1,0.129,0-3,A,0,0,1,1.2071,H,-0.1129,-1.0
2026-09-06,B1,Beveren,Oud-Heverlee Leuven,0.4272,0.287,0.2858,H,0.4785,1-1,0.1368,3-0,H,1,0,0,0.8505,,,
2026-09-06,B1,Anderlecht,Genk,0.3382,0.2804,0.3815,A,0.5264,1-1,0.1325,0-0,D,0,0,0,1.2716,A,-0.0182,-1.0
2026-09-06,N1,Heerenveen,AZ Alkmaar,0.2465,0.2676,0.486,A,0.6082,1-1,0.1211,2-3,A,1,0,1,0.7216,D,0.0,-1.0
2026-09-06,B1,Kortrijk,Waregem,0.2953,0.2551,0.4496,A,0.4557,1-1,0.1212,0-2,A,1,0,1,0.7994,,,
2026-09-06,F1,Marseille,Paris FC,0.5679,0.2465,0.1856,H,0.5672,1-1,0.116,2-3,A,0,0,1,1.684,H,-0.0789,-1.0
2026-09-06,E0,Arsenal,Chelsea,0.7529,0.1547,0.0923,H,0.6102,2-0,0.1263,2-1,H,1,0,1,0.2838,H,-0.0176,0.67
2026-09-06,P1,Gil Vicente,Academico Viseu,0.5506,0.2621,0.1872,H,0.477,1-1,0.1248,0-1,A,0,0,1,1.6753,H,-0.225,-1.0
2026-09-06,N1,Telstar,Cambuur,0.5828,0.26,0.1572,H,0.6135,1-1,0.1184,2-2,D,0,0,1,1.3471,D,0.0561,3.33
2026-09-06,SC0,Hearts,Dundee,0.7649,0.1558,0.0793,H,0.6175,2-0,0.1288,2-1,H,1,0,1,0.268,H,0.0504,0.46
2026-09-06,P1,Guimaraes,Casa Pia,0.5462,0.2598,0.194,H,0.4561,1-0,0.1295,0-0,D,0,0,1,1.3478,A,-0.1333,-1.0
2026-09-06,N1,Groningen,Twente,0.2459,0.2494,0.5047,A,0.609,1-1,0.1133,2-2,D,0,0,1,1.3886,A,0.1081,-1.0
2026-09-06,P1,Santa Clara,Rio Ave,0.536,0.2733,0.1906,H,0.3963,1-0,0.1522,4-0,H,1,0,0,0.6235,,,
2026-09-06,F1,Troyes,Strasbourg,0.1953,0.2328,0.5719,A,0.5826,1-1,0.1092,2-6,A,1,0,1,0.5588,A,-0.08,1.3
2026-09-06,G1,Atromitos,Kalamata,0.5681,0.2494,0.1825,H,0.4914,1-0,0.1196,1-1,D,0,0,1,1.3885,H,-0.0524,-1.0
2026-09-06,E0,Everton,Man United,0.3232,0.265,0.4118,A,0.5733,1-1,0.1226,2-2,D,0,0,1,1.3282,H,-0.12,-1.0
2026-09-06,I1,Frosinone,Venezia,0.4648,0.2749,0.2604,H,0.467,1-1,0.1309,3-2,H,1,0,0,0.7662,H,0.125,1.7
2026-09-06,G1,OFI Crete,Kifisia,0.3487,0.3061,0.3452,H,0.4468,1-1,0.1457,2-0,H,1,0,1,1.0535,A,0.0294,-1.0
2026-09-06,G1,Panathinaikos,PAOK,0.4214,0.276,0.3026,H,0.4352,1-1,0.1306,3-1,H,1,0,0,0.8641,,,
2026-09-06,SC0,St Johnstone,Hibernian,0.3335,0.2576,0.4088,A,0.4401,1-1,0.1219,2-1,H,0,0,0,1.0981,A,0.1136,-1.0
2026-09-06,N1,Den Haag,For Sittard,0.3368,0.2684,0.3948,A,0.5229,1-1,0.1271,2-3,A,1,0,1,0.9295,A,-0.0462,2.1
2026-09-07,T1,Rizespor,Alanyaspor,0.4821,0.2878,0.2301,H,0.5151,1-1,0.1367,0-1,A,0,0,0,1.4694,,,
2026-09-07,T1,Goztep,Gaziantep,0.5285,0.2757,0.1958,H,0.5432,1-1,0.1301,2-4,A,0,0,1,1.6308,,,
2026-09-07,I1,Cagliari,Lecce,0.5049,0.2907,0.2044,H,0.4145,1-0,0.1369,1-0,H,1,1,1,0.6835,H,-0.0909,1.0
2026-09-07,G1,Asteras Tripolis,Iraklis,0.4492,0.2924,0.2583,H,0.4081,1-1,0.1368,0-2,A,0,0,1,1.3536,,,
2026-09-07,P1,Estoril,Arouca,0.3306,0.3018,0.3676,A,0.3784,1-1,0.1394,0-0,D,0,0,1,1.1979,A,0.0909,-1.0
2026-09-07,SP1,Getafe,Celta,0.3754,0.3139,0.3107,H,0.391,1-1,0.1466,1-1,D,0,1,1,1.1587,A,0.1333,-1.0
2026-09-07,SP1,Elche,Sociedad,0.4301,0.2997,0.2701,H,0.4589,1-1,0.1428,2-3,A,0,0,0,1.3088,H,0.0333,-1.0
2026-09-07,I1,Udinese,Lazio,0.3214,0.2852,0.3934,A,0.4851,1-1,0.1359,1-2,A,1,0,0,0.933,,,
2026-09-08,E1,Cardiff,Stoke,0.4717,0.2784,0.25,H,0.4896,1-1,0.1327,1-1,D,0,1,1,1.2789,,,
2026-09-08,E1,Blackburn,Sheffield United,0.404,0.2894,0.3066,H,0.4244,1-1,0.1367,1-2,A,0,0,0,1.1822,H,0.0526,-1.0
2026-09-08,E1,Southampton,Swansea,0.457,0.2835,0.2595,H,0.5079,1-1,0.1348,3-1,H,1,0,1,0.7831,D,0.0,-1.0
2026-09-08,E1,Watford,Preston,0.4253,0.2768,0.2979,H,0.466,1-1,0.1319,2-1,H,1,0,0,0.855,,,
2026-09-08,E1,Wrexham,Burnley,0.473,0.2823,0.2447,H,0.4276,1-1,0.1331,1-1,D,0,1,1,1.2648,,,
2026-09-08,E1,Bolton,West Ham,0.1641,0.2107,0.6252,A,0.5984,0-2,0.1004,2-3,A,1,0,1,0.4697,A,-0.037,0.56
2026-09-08,N1,Nijmegen,Excelsior,0.5483,0.2524,0.1994,H,0.6066,1-1,0.1155,2-2,D,0,0,1,1.3768,,,
2026-09-08,N1,Utrecht,Go Ahead Eagles,0.4511,0.2792,0.2697,H,0.5858,1-1,0.1277,3-3,D,0,0,1,1.2759,D,0.0256,3.0
2026-09-09,SC0,Rangers,St Mirren,0.6766,0.2118,0.1115,H,0.5541,2-0,0.1209,1-0,H,1,0,0,0.3906,D,-0.0833,-1.0
2026-09-09,E1,Derby,West Brom,0.3478,0.2822,0.3699,A,0.476,1-1,0.1345,0-1,A,1,0,1,0.9944,H,-0.1176,-1.0
2026-09-09,E1,Norwich,Birmingham,0.4181,0.2734,0.3085,H,0.5375,1-1,0.1288,2-1,H,1,0,1,0.872,A,-0.025,-1.0
2026-09-09,SC0,St Johnstone,Celtic,0.1077,0.165,0.7273,A,0.6549,0-2,0.1074,0-1,A,1,0,0,0.3184,A,-0.0458,0.46
2026-09-09,N1,Twente,Telstar,0.7692,0.1401,0.0907,H,0.6394,2-0,0.1242,1-0,H,1,0,0,0.2624,,,
2026-09-09,P1,Moreirense,Benfica,0.1,0.1606,0.7394,A,0.6178,0-2,0.1221,0-4,A,1,0,1,0.3019,D,-0.1579,-1.0
2026-09-09,E1,Charlton,QPR,0.3709,0.2927,0.3364,H,0.4881,1-1,0.1394,0-0,D,0,0,1,1.2288,H,0.0,-1.0
2026-09-10,P1,Estrela,Sp Braga,0.2082,0.2359,0.5559,A,0.5313,1-1,0.1122,2-1,H,0,0,1,1.569,,,
2026-09-10,G1,Panathinaikos,Kifisia,0.6725,0.2092,0.1183,H,0.4715,1-0,0.1478,3-1,H,1,0,0,0.3967,A,0.0,-1.0
2026-09-11,SP1,Sevilla,Valencia,0.4922,0.2816,0.2262,H,0.459,1-1,0.1339,1-0,H,1,0,1,0.7089,,,
2026-09-11,E1,West Ham,Wrexham,0.5682,0.2558,0.176,H,0.5513,1-1,0.1211,6-0,H,1,0,1,0.5653,,,
2026-09-11,I1,Venezia,Fiorentina,0.3999,0.2684,0.3317,H,0.3709,1-0,0.1411,2-4,A,0,0,0,1.1037,H,-0.0833,-1.0
2026-09-11,D1,Union Berlin,Schalke 04,0.5758,0.2379,0.1863,H,0.5848,1-1,0.111,1-3,A,0,0,1,1.6805,H,0.0426,-1.0
2026-09-11,T1,Besiktas,Erzurumspor,0.7426,0.1642,0.0932,H,0.6101,2-0,0.1249,3-0,H,1,0,1,0.2976,,,
2026-09-11,N1,AZ Alkmaar,Willem II,0.8393,0.1059,0.0549,H,0.7221,3-0,0.1161,1-1,D,0,0,0,2.2456,,,
2026-09-11,F1,Rennes,Marseille,0.4304,0.2765,0.2931,H,0.5501,1-1,0.1295,1-0,H,1,0,0,0.843,,,
2026-09-11,B1,Mechelen,Anderlecht,0.2634,0.2797,0.4569,A,0.5053,1-1,0.133,0-1,A,1,0,0,0.7833,,,
2026-09-12,T1,Samsunspor,Corum,0.6083,0.2291,0.1626,H,0.6211,1-1,0.1051,1-5,A,0,0,1,1.8167,H,-0.1289,-1.0
2026-09-12,I1,Atalanta,Cagliari,0.5187,0.2762,0.2052,H,0.4697,1-1,0.1314,1-2,A,0,0,0,1.5839,A,0.2,5.0
2026-09-12,T1,Alanyaspor,Goztep,0.407,0.2801,0.3129,H,0.47,1-1,0.1335,2-2,D,0,0,0,1.2727,,,
2026-09-12,D1,Augsburg,Leverkusen,0.276,0.241,0.483,A,0.662,1-1,0.1035,2-2,D,0,0,1,1.4231,H,0.1389,-1.0
2026-09-12,T1,Konyaspor,Trabzonspor,0.206,0.231,0.563,A,0.5496,1-1,0.1095,1-0,H,0,0,0,1.5799,A,0.0269,-1.0
2026-09-12,D1,Dortmund,Paderborn,0.8294,0.1154,0.0552,H,0.668,2-0,0.1294,3-0,H,1,0,1,0.187,,,
2026-09-12,D1,Freiburg,M'gladbach,0.6014,0.2347,0.1639,H,0.6028,1-1,0.1088,5-0,H,1,0,1,0.5085,H,-0.0347,0.67
2026-09-12,D1,Hoffenheim,Stuttgart,0.3038,0.258,0.4383,A,0.5611,1-1,0.1205,2-1,H,0,0,1,1.1915,A,-0.0607,-1.0
2026-09-12,T1,Eyupspor,Rizespor,0.3522,0.3012,0.3466,H,0.4692,1-1,0.1436,0-2,A,0,0,1,1.0596,H,0.0,-1.0
2026-09-12,D1,Mainz,Ein Frankfurt,0.5378,0.2456,0.2166,H,0.5592,1-1,0.1156,1-3,A,0,0,1,1.5296,H,0.1272,-1.0
2026-09-12,P1,Academico Viseu,Guimaraes,0.3505,0.3073,0.3422,H,0.4398,1-1,0.1461,2-1,H,1,0,0,1.0484,H,0.0571,2.7
2026-09-12,F1,Strasbourg,Monaco,0.3819,0.2769,0.3412,H,0.5244,1-1,0.131,1-1,D,0,1,0,1.284,H,0.0333,-1.0
2026-09-12,F1,Auxerre,Nice,0.4241,0.2971,0.2789,H,0.4253,1-1,0.1404,1-0,H,1,0,1,0.8579,H,-0.0931,1.63
2026-09-12,F1,Le Havre,Angers,0.4961,0.281,0.2229,H,0.4301,1-1,0.1325,0-0,D,0,0,1,1.2694,H,-0.0192,-1.0
2026-09-12,F1,Lorient,Toulouse,0.4892,0.2846,0.2262,H,0.4304,1-1,0.1341,2-2,D,0,0,0,1.2568,H,0.1435,-1.0
2026-09-12,F1,Paris FC,Lyon,0.3933,0.2743,0.3324,H,0.5165,1-1,0.1301,0-0,D,0,0,0,1.2936,,,
2026-09-12,P1,Casa Pia,Porto,0.0903,0.1679,0.7418,A,0.5353,0-2,0.1469,1-4,A,1,0,1,0.2987,,,
2026-09-12,N1,Twente,Den Haag,0.8448,0.1013,0.0539,H,0.7704,3-0,0.1029,2-0,H,1,0,0,0.1687,,,
2026-09-12,N1,Go Ahead Eagles,Groningen,0.4559,0.277,0.2671,H,0.5377,1-1,0.1306,1-1,D,0,1,0,1.2837,H,0.0222,-1.0
2026-09-12,N1,For Sittard,Ajax,0.2321,0.234,0.5339,A,0.5646,1-1,0.1099,1-5,A,1,0,1,0.6275,H,-0.1154,-1.0
2026-09-12,N1,Cambuur,Nijmegen,0.1625,0.2099,0.6276,A,0.5248,0-1,0.1253,3-0,H,0,0,1,1.8173,,,
2026-09-12,P1,Nacional,Alverca,0.3974,0.2897,0.3129,H,0.4403,1-1,0.1375,1-3,A,0,0,0,1.1619,H,-0.0887,-1.0
2026-09-12,B1,Beveren,St Truiden,0.2468,0.2597,0.4935,A,0.5689,1-1,0.1212,2-0,H,0,0,0,1.3992,A,-0.0444,-1.0
2026-09-12,B1,Westerlo,Standard,0.312,0.2815,0.4065,A,0.5066,1-1,0.1337,4-2,H,0,0,1,1.1646,A,0.0714,-1.0
2026-09-12,D1,FC Koln,Werder Bremen,0.4671,0.2683,0.2646,H,0.6128,1-1,0.1203,1-1,D,0,1,0,1.3156,,,
2026-09-12,I1,Lazio,Milan,0.4244,0.3182,0.2574,H,0.4054,1-1,0.1495,2-2,D,0,0,0,1.145,H,-0.1282,-1.0
2026-09-12,G1,Olympiakos,OFI Crete,0.7993,0.1337,0.0671,H,0.5949,2-0,0.1479,0-1,A,0,0,0,2.702,,,
2026-09-12,E1,West Brom,QPR,0.4336,0.2864,0.2799,H,0.4848,1-1,0.1365,1-1,D,0,1,1,1.2502,,,
2026-09-12,B1,Oud-Heverlee Leuven,Cercle Brugge,0.3264,0.2711,0.4025,A,0.5311,1-1,0.128,1-1,D,0,1,0,1.3053,A,-0.0494,-1.0
2026-09-12,E0,Aston Villa,Nott'm Forest,0.4708,0.2694,0.2598,H,0.5388,1-1,0.1272,1-2,A,0,0,1,1.3479,H,-0.0222,-1.0
2026-09-12,E0,Bournemouth,Brentford,0.5021,0.2724,0.2255,H,0.493,1-1,0.1298,2-2,D,0,0,0,1.3006,H,0.1111,-1.0
2026-09-12,E0,Chelsea,Hull,0.6124,0.2414,0.1462,H,0.5257,1-1,0.115,2-2,D,0,0,1,1.4214,D,0.0,5.5
2026-09-12,E0,Crystal Palace,Ipswich,0.5083,0.2559,0.2359,H,0.5835,1-1,0.1188,2-3,A,0,0,1,1.4444,,,
2026-09-12,E0,Liverpool,Fulham,0.6266,0.222,0.1514,H,0.5714,2-0,0.1058,0-0,D,0,0,0,1.505,D,0.1111,4.0
2026-09-12,E0,Tottenham,Everton,0.3563,0.2835,0.3601,A,0.4907,1-1,0.135,0-0,D,0,0,1,1.2604,A,0.0286,-1.0
2026-09-12,E0,Sunderland,Arsenal,0.1559,0.2363,0.6078,A,0.5427,1-1,0.1124,0-2,A,1,0,0,0.498,,,
2026-09-12,E1,Bolton,Cardiff,0.3463,0.2694,0.3843,A,0.4172,1-1,0.1265,1-0,H,0,0,1,1.0604,,,
2026-09-12,E1,Derby,Birmingham,0.3743,0.2832,0.3425,H,0.4799,1-1,0.135,1-2,A,0,0,0,1.0714,H,0.0625,-1.0
2026-09-12,I1,Genoa,Frosinone,0.3899,0.3087,0.3015,H,0.3953,1-1,0.1442,1-1,D,0,1,1,1.1755,A,0.1613,-1.0
2026-09-12,E1,Blackburn,Millwall,0.2983,0.2465,0.4552,A,0.4511,0-1,0.1246,3-1,H,0,0,0,1.2095,A,-0.1433,-1.0
2026-09-12,E1,Charlton,Portsmouth,0.4116,0.2744,0.3139,H,0.4449,1-1,0.1303,0-0,D,0,0,1,1.293,H,0.0,-1.0
2026-09-12,E1,Middlesbrough,Norwich,0.4892,0.2745,0.2363,H,0.5455,1-1,0.1291,4-3,H,1,0,1,0.715,D,0.0,-1.0
2026-09-12,B1,St. Gilloise,Lommel SK,0.8131,0.1235,0.0633,H,0.7075,2-0,0.1104,5-0,H,1,0,1,0.2069,,,
2026-09-12,SP1,Ath Bilbao,Elche,0.5461,0.2579,0.196,H,0.5354,1-1,0.1224,1-1,D,0,1,0,1.3553,A,0.0,-1.0
2026-09-12,E1,Preston,Lincoln,0.4157,0.265,0.3193,H,0.4422,1-1,0.1256,0-1,A,0,0,1,1.1415,,,
2026-09-12,E1,Southampton,Bristol City,0.5126,0.2566,0.2308,H,0.5422,1-1,0.1213,4-1,H,1,0,1,0.6682,A,0.0,-1.0
2026-09-12,E1,Swansea,Burnley,0.5082,0.2603,0.2314,H,0.4618,1-1,0.1237,3-1,H,1,0,0,0.6768,H,0.0448,1.1
2026-09-12,E1,Watford,Stoke,0.4524,0.2869,0.2608,H,0.4557,1-1,0.1365,1-2,A,0,0,0,1.3441,H,0.0227,-1.0
2026-09-12,SP1,Santander,Alaves,0.299,0.2991,0.4018,A,0.5206,1-1,0.1413,2-1,H,0,0,1,1.2072,A,0.0577,-1.0
2026-09-12,SP1,Osasuna,Espanol,0.5055,0.2792,0.2153,H,0.4751,1-1,0.133,0-2,A,0,0,1,1.5356,H,-0.0444,-1.0
2026-09-12,SP1,Real Madrid,Vallecano,0.7674,0.1516,0.081,H,0.6476,2-0,0.1194,4-1,H,1,0,1,0.2647,D,0.1875,-1.0
2026-09-12,G1,Iraklis,Atromitos,0.3542,0.2888,0.3571,A,0.4653,1-1,0.1376,1-1,D,0,1,1,1.2421,,,
2026-09-13,T1,Genclerbirligi,Kasimpasa,0.3491,0.3084,0.3425,H,0.4927,1-1,0.1466,1-2,A,0,0,0,1.0715,A,0.0,2.1
2026-09-13,G1,Panathinaikos,Panetolikos,0.763,0.1584,0.0786,H,0.5552,2-0,0.1477,3-0,H,1,0,1,0.2705,H,0.1111,0.3
2026-09-13,T1,Galatasaray,Kocaelispor,0.8293,0.1217,0.049,H,0.6576,2-0,0.1322,1-0,H,1,0,0,0.1872,H,0.0656,0.3
2026-09-13,B1,Genk,Gent,0.5416,0.2679,0.1905,H,0.5111,1-1,0.1277,1-1,D,0,1,0,1.3171,H,-0.0905,-1.0
2026-09-13,B1,Waregem,Charleroi,0.3996,0.2893,0.3111,H,0.498,1-1,0.1376,0-1,A,0,0,1,1.1677,,,
2026-09-13,B1,RAAL La Louviere,Kortrijk,0.4811,0.268,0.2509,H,0.5004,1-1,0.1277,3-0,H,1,0,1,0.7317,H,0.0217,1.35
2026-09-13,P1,Famalicao,Sp Lisbon,0.1428,0.1969,0.6603,A,0.5215,0-2,0.1271,1-1,D,0,0,0,1.6249,A,0.0,-1.0
2026-09-13,P1,Benfica,Gil Vicente,0.8429,0.1103,0.0468,H,0.6445,2-0,0.1426,3-1,H,1,0,1,0.1709,,,
2026-09-13,G1,PAOK,Aris,0.47,0.2663,0.2637,H,0.5613,1-1,0.1247,2-0,H,1,0,0,0.755,A,0.0455,-1.0
2026-09-13,G1,Kifisia,Levadeiakos,0.4393,0.2745,0.2862,H,0.4143,1-1,0.1287,0-0,D,0,0,1,1.2927,H,0.2304,-1.0
2026-09-13,P1,Arouca,Santa Clara,0.4201,0.2976,0.2822,H,0.4142,1-1,0.14,1-2,A,0,0,0,1.265,H,0.0078,-1.0
2026-09-13,G1,Asteras Tripolis,AEK,0.1243,0.1833,0.6924,A,0.5313,0-2,0.1348,1-1,D,0,0,0,1.6966,,,
2026-09-13,G1,Kalamata,Volos NFC,0.4713,0.2911,0.2376,H,0.4502,1-1,0.1383,3-1,H,1,0,0,0.7523,H,-0.0272,1.5
2026-09-13,T1,Amedspor,Buyuksehyr,0.2981,0.2809,0.421,A,0.5268,1-1,0.1327,5-0,H,0,0,1,1.2102,A,-0.0078,-1.0
2026-09-13,E0,Coventry,Brighton,0.2723,0.2465,0.4812,A,0.539,1-1,0.1166,0-5,A,1,0,1,0.7314,,,
2026-09-13,N1,PSV Eindhoven,Sparta Rotterdam,0.873,0.0857,0.0413,H,0.7653,3-0,0.108,4-1,H,1,0,1,0.1358,,,
2026-09-13,B1,Club Brugge,Antwerp,0.788,0.139,0.073,H,0.7182,2-0,0.1003,3-1,H,1,0,1,0.2383,,,
2026-09-13,E0,Man United,Man City,0.305,0.2588,0.4363,A,0.5157,1-1,0.1229,0-1,A,1,0,0,0.8295,,,
2026-09-13,E1,Sheffield United,Wolves,0.3589,0.2851,0.356,H,0.5039,1-1,0.1355,0-1,A,0,0,0,1.0329,H,-0.0154,-1.0
2026-09-13,SP1,Celta,Malaga,0.63,0.231,0.139,H,0.4728,1-0,0.1394,1-1,D,0,0,1,1.4655,H,0.018,-1.0
2026-09-13,SP1,Levante,Barcelona,0.107,0.1745,0.7186,A,0.628,0-2,0.1138,2-4,A,1,0,1,0.3305,D,-0.0588,-1.0
2026-09-13,SP1,Getafe,La Coruna,0.4573,0.2885,0.2542,H,0.436,1-1,0.1365,1-1,D,0,1,1,1.2431,H,-0.0588,-1.0
2026-09-13,SP1,Sociedad,Ath Madrid,0.2715,0.2753,0.4531,A,0.52,1-1,0.1306,0-3,A,1,0,1,0.7916,A,0.161,1.38
2026-09-13,I1,Lecce,Monza,0.4934,0.2695,0.2371,H,0.4388,1-1,0.1272,3-2,H,1,0,0,0.7065,H,-0.0625,1.7
2026-09-13,I1,Napoli,Bologna,0.5514,0.2622,0.1863,H,0.4731,1-0,0.1255,1-0,H,1,1,1,0.5953,,,
2026-09-13,I1,Sassuolo,Juventus,0.1977,0.2351,0.5672,A,0.5132,1-1,0.112,3-2,H,0,0,1,1.6209,,,
2026-09-13,F1,Lille,Troyes,0.8424,0.1078,0.0498,H,0.7154,3-0,0.1206,2-0,H,1,0,0,0.1715,H,-0.0667,0.4
2026-09-13,N1,Zwolle,Feyenoord,0.1079,0.1718,0.7203,A,0.6615,0-2,0.1041,0-7,A,1,0,1,0.328,A,0.0357,0.45
2026-09-13,N1,Heerenveen,Telstar,0.5227,0.2702,0.207,H,0.5626,1-1,0.1266,0-0,D,0,0,0,1.3085,D,0.0,3.5
2026-09-13,N1,Excelsior,Utrecht,0.4404,0.2567,0.3028,H,0.4945,1-1,0.1223,1-2,A,0,0,0,1.1946,,,
2026-09-13,F1,Brest,Paris SG,0.197,0.2164,0.5866,A,0.607,1-2,0.1045,0-1,A,1,0,0,0.5334,H,-0.0833,-1.0
2026-09-13,D1,RB Leipzig,Hamburg,0.7802,0.1389,0.0809,H,0.6414,2-0,0.1258,5-0,H,1,0,1,0.2482,H,-0.0145,0.36
2026-09-13,F1,Le Mans,Lens,0.2013,0.2303,0.5684,A,0.6254,1-1,0.1043,2-2,D,0,0,1,1.4685,,,
2026-09-13,D1,Elversberg,Bayern Munich,0.1721,0.1973,0.6307,A,0.7939,1-2,0.0966,1-2,A,1,1,1,0.461,H,0.0833,-1.0
2026-09-14,E0,Leeds,Newcastle,0.4395,0.286,0.2745,H,0.4704,1-1,0.1363,4-1,H,1,0,0,0.8221,H,0.0348,1.38
2026-09-14,P1,Moreirense,Maritimo,0.4704,0.2813,0.2483,H,0.4879,1-1,0.1341,3-1,H,1,0,0,0.7543,H,-0.1111,1.4
2026-09-14,P1,Sp Braga,Estoril,0.6611,0.2228,0.1161,H,0.5199,1-0,0.1289,1-0,H,1,1,0,0.4139,,,
2026-09-14,SP1,Villarreal,Betis,0.5092,0.269,0.2218,H,0.5563,1-1,0.1262,1-2,A,0,0,1,1.5059,D,0.0,-1.0
2026-09-14,P1,Rio Ave,Estrela,0.3765,0.294,0.3295,H,0.4564,1-1,0.14,3-3,D,0,0,0,1.2242,H,0.0,-1.0
2026-09-14,I1,Como,Parma,0.7888,0.1335,0.0777,H,0.5284,2-0,0.1634,2-1,H,1,0,1,0.2373,,,
2026-09-14,I1,Torino,Roma,0.114,0.1728,0.7132,A,0.547,0-2,0.1375,0-2,A,1,1,0,0.338,A,0.0261,0.57
2026-09-14,I1,Inter,Udinese,0.7651,0.1506,0.0843,H,0.644,2-0,0.1196,5-3,H,1,0,1,0.2677,,,
2026-09-14,T1,Gaziantep,Fenerbahce,0.1494,0.1942,0.6565,A,0.5994,0-2,0.1069,0-0,D,0,0,0,1.639,A,0.0634,-1.0
2026-09-15,N1,Ajax,Willem II,0.8424,0.1042,0.0533,H,0.6891,2-0,0.1259,5-1,H,1,0,1,0.1714,,,
2026-09-15,SC0,Hibernian,Kilmarnock,0.5427,0.2465,0.2108,H,0.5543,1-1,0.1165,0-1,A,0,0,0,1.5571,A,0.04,5.5
2026-09-15,SC0,Falkirk,Hearts,0.1546,0.2103,0.635,A,0.5083,0-1,0.1242,2-1,H,0,0,1,1.8667,A,0.0276,-1.0
2026-09-15,SP1,Elche,Real Madrid,0.1214,0.1872,0.6914,A,0.6258,0-2,0.1074,2-3,A,1,0,1,0.369,D,0.0,-1.0
2026-09-15,SC0,Motherwell,Aberdeen,0.6274,0.2361,0.1365,H,0.4959,1-0,0.1288,0-4,A,0,0,0,1.9914,H,0.0,-1.0
2026-09-15,SP1,Vallecano,Espanol,0.5142,0.2742,0.2116,H,0.5705,1-1,0.1275,2-1,H,1,0,1,0.6651,H,0.0222,1.3
2026-09-15,E1,Middlesbrough,Millwall,0.4731,0.2693,0.2576,H,0.5101,1-1,0.1281,2-2,D,0,0,1,1.312,A,-0.0714,-1.0
2026-09-15,E1,Bristol City,Lincoln,0.4662,0.2864,0.2474,H,0.424,1-1,0.1348,0-1,A,0,0,1,1.3969,,,
2026-09-15,SP1,Alaves,Valencia,0.5659,0.2488,0.1852,H,0.4975,1-1,0.1186,0-1,A,0,0,1,1.6861,,,
2026-09-16,SP1,Ath Madrid,Osasuna,0.6146,0.2222,0.1633,H,0.5437,1-0,0.1094,4-0,H,1,0,1,0.4868,A,-0.15,-1.0
2026-09-16,SP1,La Coruna,Sevilla,0.3332,0.2757,0.3912,A,0.4698,1-1,0.1314,0-1,A,1,0,1,0.9386,A,0.0909,2.0
2026-09-16,SP1,Barcelona,Santander,0.8701,0.0889,0.041,H,0.7729,3-0,0.1091,7-2,H,1,0,1,0.1391,,,
2026-09-17,SP1,Betis,Getafe,0.6618,0.207,0.1312,H,0.533,2-0,0.124,1-0,H,1,0,0,0.4128,H,0.0261,0.57
2026-09-17,SP1,Malaga,Villarreal,0.1845,0.2341,0.5814,A,0.5187,1-1,0.1116,1-3,A,1,0,1,0.5423,A,-0.0488,0.95
2026-09-18,F1,Monaco,Lens,0.3644,0.2752,0.3604,H,0.5497,1-1,0.1288,2-1,H,1,0,1,1.0094,A,-0.1707,-1.0
2026-09-18,I1,Monza,Sassuolo,0.3067,0.244,0.4494,A,0.4669,1-1,0.116,2-1,H,0,0,0,1.182,A,0.02,-1.0
2026-09-18,N1,Groningen,Zwolle,0.5568,0.2562,0.187,H,0.5542,1-1,0.121,3-0,H,1,0,1,0.5855,D,0.0393,-1.0
2026-09-18,SP1,Espanol,Elche,0.4796,0.2806,0.2398,H,0.4489,1-1,0.1332,1-3,A,0,0,0,1.4281,A,-0.0217,3.5
2026-09-18,B1,Gent,Standard,0.4355,0.2859,0.2786,H,0.4649,1-1,0.1362,2-1,H,1,0,0,0.8312,A,0.1053,-1.0
2026-09-18,E1,Bristol City,Watford,0.5408,0.2549,0.2043,H,0.4789,1-1,0.1213,1-0,H,1,0,1,0.6147,,,
2026-09-18,D1,Bayern Munich,Union Berlin,0.8305,0.116,0.0535,H,0.8193,3-1,0.0872,7-0,H,1,0,1,0.1858,D,-0.0952,-1.0
2026-09-18,E0,Brentford,Chelsea,0.4151,0.2761,0.3088,H,0.5177,1-1,0.1309,3-0,H,1,0,1,0.8793,H,0.0,1.55
2026-09-18,T1,Kasimpasa,Konyaspor,0.5272,0.2793,0.1935,H,0.4877,1-1,0.1331,0-0,D,0,0,1,1.2756,H,-0.0086,-1.0
2026-09-19,D1,M'gladbach,Mainz,0.2658,0.281,0.4533,A,0.5715,1-1,0.1299,3-4,A,1,0,1,0.7913,,,
2026-09-19,D1,Werder Bremen,Augsburg,0.337,0.2818,0.3812,A,0.561,1-1,0.1309,3-2,H,0,0,1,1.0877,A,-0.0345,-1.0
2026-09-19,D1,Stuttgart,Dortmund,0.3251,0.27,0.4048,A,0.5778,1-1,0.1244,0-1,A,1,0,0,0.9043,A,0.0185,1.75
2026-09-19,D1,Ein Frankfurt,Freiburg,0.3267,0.289,0.3843,A,0.6652,1-1,0.1203,2-2,D,0,0,1,1.2413,D,0.04,2.9
2026-09-19,F1,Paris FC,Strasbourg,0.4622,0.2746,0.2631,H,0.5174,1-1,0.1304,2-1,H,1,0,1,0.7717,,,
2026-09-19,G1,Aris,Iraklis,0.7205,0.171,0.1086,H,0.5878,2-0,0.1267,0-0,D,0,0,0,1.7664,H,-0.0309,-1.0
2026-09-19,N1,Sparta Rotterdam,Heerenveen,0.3541,0.291,0.3549,A,0.4831,1-1,0.1387,0-4,A,1,0,0,1.0359,D,0.0,-1.0
2026-09-19,F1,Angers,Troyes,0.5027,0.2832,0.2142,H,0.4073,1-0,0.132,2-0,H,1,0,1,0.6878,H,0.0732,1.2
2026-09-19,F1,Le Mans,Lorient,0.3837,0.2871,0.3292,H,0.5141,1-1,0.1361,2-1,H,1,0,1,0.9579,H,-0.069,1.7
2026-09-19,F1,Lyon,Rennes,0.4386,0.2764,0.285,H,0.5415,1-1,0.13,4-0,H,1,0,1,0.8241,,,
2026-09-19,F1,Toulouse,Le Havre,0.4539,0.2969,0.2491,H,0.4969,1-1,0.1413,3-2,H,1,0,0,0.7898,A,0.0,-1.0
2026-09-19,G1,Atromitos,Kifisia,0.4412,0.2902,0.2686,H,0.4497,1-1,0.1379,1-2,A,0,0,0,1.3145,A,0.25,3.0
2026-09-19,N1,Den Haag,Cambuur,0.3944,0.2803,0.3253,H,0.4976,1-1,0.1334,1-1,D,0,1,1,1.272,A,0.1667,-1.0
2026-09-19,D1,Hamburg,FC Koln,0.3242,0.2863,0.3896,A,0.5169,1-1,0.1356,2-1,H,0,0,1,1.1265,,,
2026-09-19,SC0,Kilmarnock,Hearts,0.201,0.2292,0.5697,A,0.5862,1-1,0.1078,1-1,D,0,1,0,1.473,,,
2026-09-19,N1,Ajax,Excelsior,0.7111,0.1804,0.1085,H,0.6777,2-0,0.0967,2-2,D,0,0,1,1.7125,D,0.0769,6.0
2026-09-19,T1,Trabzonspor,Galatasaray,0.2178,0.2304,0.5518,A,0.6503,1-1,0.1021,4-0,H,0,0,1,1.5242,A,-0.0465,-1.0
2026-09-19,SC0,St Mirren,Dundee United,0.4763,0.2806,0.2431,H,0.4461,1-1,0.1329,0-3,A,0,0,0,1.4141,H,0.0455,-1.0
2026-09-19,SC0,St Johnstone,Falkirk,0.431,0.2761,0.293,H,0.4158,1-1,0.1297,1-1,D,0,1,1,1.2871,,,
2026-09-19,T1,Corum,Alanyaspor,0.4392,0.2931,0.2677,H,0.5097,1-1,0.1392,1-2,A,0,0,1,1.3179,,,
2026-09-19,SC0,Hibernian,Aberdeen,0.5385,0.272,0.1894,H,0.4817,1-1,0.1295,1-1,D,0,1,1,1.3018,,,
2026-09-19,SC0,Dundee,Motherwell,0.3214,0.2672,0.4115,A,0.5079,1-1,0.1271,2-1,H,0,0,1,1.1352,,,
2026-09-19,P1,Sp Lisbon,Arouca,0.8438,0.1074,0.0488,H,0.6855,2-0,0.1269,2-2,D,0,0,1,2.2315,,,
2026-09-19,N1,Willem II,For Sittard,0.3095,0.2591,0.4314,A,0.4452,1-1,0.1228,0-1,A,1,0,1,0.8408,A,-0.0192,1.55
2026-09-19,P1,Alverca,Rio Ave,0.5075,0.278,0.2145,H,0.416,1-0,0.1357,1-0,H,1,1,1,0.6782,,,
2026-09-19,T1,Kocaelispor,Gaziantep,0.4153,0.311,0.2738,H,0.3981,1-1,0.1455,2-0,H,1,0,1,0.8788,,,
2026-09-19,B1,Lommel SK,Mechelen,0.4535,0.2863,0.2602,H,0.4895,1-1,0.1364,0-0,D,0,0,1,1.2508,H,-0.0114,-1.0
2026-09-19,B1,Anderlecht,Waregem,0.5056,0.2692,0.2252,H,0.5314,1-1,0.1276,3-0,H,1,0,1,0.6819,,,
2026-09-19,B1,Charleroi,Cercle Brugge,0.5906,0.2314,0.178,H,0.5834,1-1,0.1086,3-2,H,1,0,1,0.5267,H,0.0494,0.7
2026-09-19,B1,Oud-Heverlee Leuven,RAAL La Louviere,0.3931,0.2851,0.3219,H,0.4909,1-1,0.1358,2-0,H,1,0,1,0.9338,A,0.0625,-1.0
2026-09-19,T1,Buyuksehyr,Genclerbirligi,0.5799,0.25,0.1701,H,0.5843,1-1,0.1168,4-0,H,1,0,1,0.5449,D,0.1103,-1.0
2026-09-19,P1,Nacional,Famalicao,0.2588,0.2439,0.4974,A,0.4666,0-1,0.1216,0-4,A,1,0,0,0.6985,A,0.0806,1.01
2026-09-19,P1,Gil Vicente,Maritimo,0.5747,0.2493,0.176,H,0.4746,1-0,0.1279,1-1,D,0,0,1,1.3889,H,-0.051,-1.0
2026-09-19,I1,Bologna,Torino,0.5639,0.267,0.169,H,0.4288,1-0,0.1411,1-1,D,0,0,1,1.3204,H,-0.0205,-1.0
2026-09-19,SP1,Celta,Santander,0.5216,0.2733,0.2051,H,0.4859,1-1,0.1303,5-0,H,1,0,0,0.6509,,,
2026-09-19,E1,Burnley,Derby,0.5592,0.2563,0.1845,H,0.5309,1-1,0.1218,1-1,D,0,1,0,1.3615,H,0.0,-1.0
2026-09-19,E1,Lincoln,Swansea,0.3293,0.2999,0.3708,A,0.4424,1-1,0.1425,1-2,A,1,0,0,0.9922,,,
2026-09-19,E1,Portsmouth,Blackburn,0.3997,0.2801,0.3202,H,0.4771,1-1,0.1335,2-2,D,0,0,0,1.2727,A,0.0968,-1.0
2026-09-19,E1,QPR,Preston,0.5375,0.2552,0.2073,H,0.5184,1-1,0.1215,2-2,D,0,0,1,1.3656,,,
2026-09-19,E1,Wrexham,Southampton,0.3214,0.28,0.3985,A,0.5079,1-1,0.1331,2-1,H,0,0,1,1.1349,,,
2026-09-19,E1,Millwall,West Ham,0.2843,0.2612,0.4544,A,0.4929,1-1,0.1245,2-2,D,0,0,0,1.3423,H,-0.18,-1.0
2026-09-19,E1,Cardiff,Charlton,0.476,0.2678,0.2562,H,0.4617,1-1,0.1272,3-1,H,1,0,0,0.7423,,,
2026-09-19,SP1,Osasuna,Vallecano,0.3919,0.2918,0.3162,H,0.4871,1-1,0.139,1-1,D,0,1,1,1.2316,,,
2026-09-19,SP1,Ath Bilbao,Alaves,0.4273,0.2954,0.2773,H,0.4814,1-1,0.1408,0-0,D,0,0,1,1.2195,A,-0.087,-1.0
2026-09-19,E1,Birmingham,Middlesbrough,0.3458,0.2765,0.3777,A,0.5386,1-1,0.1301,2-2,D,0,0,1,1.2856,,,
2026-09-19,SP1,Sevilla,Barcelona,0.1372,0.1957,0.6671,A,0.6248,1-2,0.1058,1-3,A,1,0,1,0.4047,D,0.1538,-1.0
2026-09-19,E0,Nott'm Forest,Coventry,0.5706,0.25,0.1794,H,0.5425,1-1,0.1186,0-1,A,0,0,0,1.7179,,,
2026-09-19,E0,Newcastle,Hull,0.5688,0.2469,0.1844,H,0.5408,1-1,0.1174,2-1,H,1,0,1,0.5643,,,
2026-09-19,E1,Stoke,Sheffield United,0.4067,0.2812,0.3121,H,0.4593,1-1,0.1339,2-1,H,1,0,0,0.8997,,,
2026-09-19,E0,Brighton,Arsenal,0.2346,0.2415,0.5239,A,0.5589,1-1,0.1138,3-0,H,0,0,1,1.4498,H,0.0,4.0
2026-09-19,I1,Udinese,Cagliari,0.4005,0.3005,0.299,H,0.4524,1-1,0.1431,0-1,A,0,0,1,1.2072,,,
2026-09-19,I1,Roma,Inter,0.4169,0.2621,0.321,H,0.4635,1-1,0.1248,2-2,D,0,0,0,1.339,H,0.0,-1.0
2026-09-19,I1,Venezia,Lazio,0.1904,0.2372,0.5724,A,0.4983,0-1,0.1226,0-2,A,1,0,1,0.5579,A,-0.0205,0.91
2026-09-19,E0,Everton,Ipswich,0.5674,0.2407,0.1919,H,0.5927,1-1,0.1117,1-0,H,1,0,0,0.5666,,,
2026-09-19,E0,Tottenham,Aston Villa,0.3738,0.2777,0.3485,H,0.4557,1-1,0.1321,2-3,A,0,0,0,1.0541,A,-0.0513,2.7
2026-09-20,G1,OFI Crete,Asteras Tripolis,0.4715,0.2879,0.2407,H,0.4154,1-1,0.1351,2-2,D,0,0,0,1.2452,H,-0.0444,-1.0
2026-09-20,G1,Volos NFC,AEK,0.101,0.1675,0.7315,A,0.5865,0-2,0.13,1-2,A,1,0,1,0.3127,A,0.0902,0.33
2026-09-20,P1,Guimaraes,Moreirense,0.5041,0.2831,0.2128,H,0.4505,1-1,0.1343,1-1,D,0,1,1,1.2618,A,0.0,-1.0
2026-09-20,P1,Estoril,Casa Pia,0.5029,0.2742,0.2229,H,0.4237,1-0,0.1308,1-2,A,0,0,0,1.501,,,
2026-09-20,P1,Santa Clara,Sp Braga,0.2867,0.2817,0.4317,A,0.4191,1-1,0.1323,0-0,D,0,0,1,1.267,,,
2026-09-20,P1,Porto,Benfica,0.3748,0.2726,0.3525,H,0.5875,1-1,0.1246,3-1,H,1,0,1,0.9813,,,
2026-09-20,G1,Levadeiakos,Olympiakos,0.125,0.215,0.66,A,0.4384,0-1,0.1532,0-1,A,1,1,1,0.4154,,,
2026-09-20,T1,Goztep,Rizespor,0.4452,0.2861,0.2687,H,0.5254,1-1,0.1353,2-2,D,0,0,1,1.2514,H,-0.0417,-1.0
2026-09-20,E0,Fulham,Man United,0.2936,0.2608,0.4456,A,0.5237,1-1,0.1237,1-1,D,0,1,0,1.3441,,,
2026-09-20,E0,Man City,Sunderland,0.7851,0.1403,0.0747,H,0.6529,2-0,0.1227,5-3,H,1,0,1,0.242,H,-0.0441,0.3
2026-09-20,E0,Leeds,Crystal Palace,0.5301,0.2585,0.2114,H,0.5164,1-1,0.1231,0-0,D,0,0,0,1.3528,,,
2026-09-20,SC0,Celtic,Rangers,0.6036,0.2308,0.1657,H,0.5887,1-1,0.1078,0-1,A,0,0,0,1.7977,H,0.0,-1.0
2026-09-20,T1,Amedspor,Besiktas,0.2575,0.2557,0.4868,A,0.5339,1-1,0.121,3-2,H,0,0,1,1.3566,,,
2026-09-20,T1,Fenerbahce,Eyupspor,0.819,0.1212,0.0598,H,0.7154,2-0,0.1088,8-0,H,1,0,1,0.1996,,,
2026-09-20,E0,Bournemouth,Liverpool,0.4411,0.278,0.2809,H,0.5559,1-1,0.1298,0-1,A,0,0,0,1.2698,H,0.0323,-1.0
2026-09-20,T1,Erzurumspor,Samsunspor,0.3254,0.2749,0.3997,A,0.4875,1-1,0.131,1-0,H,0,0,1,1.1228,A,-0.0655,-1.0
2026-09-20,G1,Kalamata,Panathinaikos,0.1682,0.2263,0.6055,A,0.5654,1-1,0.1071,0-1,A,1,0,0,0.5017,H,-0.2692,-1.0
2026-09-20,I1,Juventus,Atalanta,0.61,0.2203,0.1698,H,0.5,1-0,0.1289,2-0,H,1,0,1,0.4943,H,0.0494,0.7
2026-09-20,B1,St Truiden,Westerlo,0.5167,0.2615,0.2218,H,0.5836,1-1,0.1214,0-2,A,0,0,0,1.506,,,
2026-09-20,B1,Kortrijk,Beveren,0.3414,0.2748,0.3838,A,0.4868,1-1,0.131,1-0,H,0,0,1,1.0747,,,
2026-09-20,I1,Parma,Genoa,0.4118,0.2921,0.2961,H,0.3855,1-1,0.1352,2-1,H,1,0,0,0.8872,H,-0.0606,2.1
2026-09-20,I1,Frosinone,Como,0.182,0.2291,0.5889,A,0.5094,0-1,0.1135,2-0,H,0,0,0,1.7037,,,
2026-09-20,I1,Fiorentina,Napoli,0.253,0.2589,0.4881,A,0.4944,1-1,0.1234,1-1,D,0,1,1,1.3512,A,-0.0435,-1.0
2026-09-20,D1,Leverkusen,RB Leipzig,0.4711,0.2547,0.2742,H,0.6372,1-1,0.1121,2-0,H,1,0,0,0.7527,,,
2026-09-20,D1,Schalke 04,Elversberg,0.3268,0.2515,0.4217,A,0.5706,1-1,0.1168,0-0,D,0,0,0,1.3803,A,-0.0541,-1.0
2026-09-20,D1,Paderborn,Hoffenheim,0.2018,0.2161,0.5822,A,0.5964,1-1,0.1013,3-1,H,0,0,1,1.6006,,,
2026-09-20,SP1,Valencia,Sociedad,0.4629,0.2921,0.2451,H,0.4674,1-1,0.1392,2-3,A,0,0,0,1.4061,H,-0.1,-1.0
2026-09-20,SP1,Villarreal,Levante,0.616,0.2252,0.1588,H,0.6357,1-1,0.1028,3-1,H,1,0,1,0.4845,,,
2026-09-20,SP1,La Coruna,Betis,0.2116,0.2364,0.552,A,0.6063,1-1,0.1083,1-1,D,0,1,0,1.4423,A,0.0789,-1.0
2026-09-20,SP1,Ath Madrid,Real Madrid,0.279,0.2703,0.4507,A,0.5472,1-1,0.127,2-1,H,0,0,1,1.2767,,,
2026-09-20,F1,Auxerre,Brest,0.3903,0.2926,0.3171,H,0.5095,1-1,0.1388,2-1,H,1,0,1,0.9409,H,-0.0069,1.88
2026-09-20,F1,Nice,Lille,0.1706,0.2138,0.6156,A,0.5263,0-1,0.1157,2-1,H,0,0,1,1.7686,A,-0.0682,-1.0
2026-09-20,F1,Marseille,Paris SG,0.3088,0.2457,0.4455,A,0.5736,1-1,0.1143,1-2,A,1,0,1,0.8084,H,0.0769,-1.0
2026-09-20,SP1,Getafe,Malaga,0.6163,0.2395,0.1442,H,0.4388,1-0,0.1468,1-0,H,1,1,1,0.484,H,0.0526,1.0
2026-09-20,N1,Feyenoord,Utrecht,0.7526,0.1411,0.1063,H,0.6765,2-0,0.1077,5-0,H,1,0,1,0.2843,,,
2026-09-20,N1,AZ Alkmaar,Telstar,0.7682,0.1378,0.094,H,0.64,2-0,0.1236,1-0,H,1,0,0,0.2637,,,
2026-09-20,N1,Twente,PSV Eindhoven,0.2637,0.2337,0.5026,A,0.662,1-1,0.101,3-2,H,0,0,1,1.3331,A,0.0,-1.0
2026-09-20,N1,Nijmegen,Go Ahead Eagles,0.5008,0.2651,0.2341,H,0.5636,1-1,0.124,1-1,D,0,1,0,1.3278,,,
2026-09-20,E1,Norwich,Bolton,0.6528,0.2012,0.146,H,0.5673,2-0,0.1131,3-4,A,0,0,1,1.9242,,,
2026-09-20,E1,Wolves,West Brom,0.4946,0.2703,0.2351,H,0.5202,1-1,0.1285,1-0,H,1,0,0,0.704,,,
2026-09-20,B1,Antwerp,St. Gilloise,0.1148,0.1794,0.7058,A,0.6878,1-2,0.0979,0-2,A,1,0,0,0.3484,A,0.0667,0.6
2026-09-20,I1,Milan,Lecce,0.6966,0.2071,0.0963,H,0.4958,1-0,0.1426,3-0,H,1,0,0,0.3616,D,-0.0417,-1.0
2026-09-20,B1,Club Brugge,Genk,0.6616,0.1907,0.1477,H,0.6707,2-1,0.0985,3-0,H,1,0,1,0.4131,H,-0.0333,0.45
2026-09-20,P1,Estrela,Academico Viseu,0.475,0.2787,0.2463,H,0.4724,1-1,0.1327,0-2,A,0,0,1,1.4011,H,-0.0233,-1.0
2026-09-20,G1,Panetolikos,PAOK,0.1889,0.2379,0.5732,A,0.4775,0-1,0.1308,1-3,A,1,0,0,0.5565,,,
